timestamp,open,high,low,close,volume
1754233200000,113792.29000000,113966.00000000,113674.05000000,113959.06000000,216.51596000
1754236800000,113959.06000000,114026.82000000,113775.55000000,113995.16000000,246.66079000
1754240400000,113995.15000000,114165.09000000,113953.97000000,114117.42000000,198.95641000
1754244000000,114117.42000000,114460.15000000,114060.36000000,114380.40000000,361.64858000
1754247600000,114380.41000000,114799.97000000,114259.95000000,114313.19000000,447.69931000
1754251200000,114313.19000000,114467.00000000,114163.49000000,114423.77000000,200.81959000
1754254800000,114423.77000000,114521.68000000,114363.46000000,114435.47000000,223.44858000
1754258400000,114435.46000000,114612.24000000,114066.56000000,114324.83000000,237.81327000
1754262000000,114324.84000000,114500.00000000,114176.00000000,114208.80000000,218.11723000
1754265600000,114208.81000000,114914.29000000,114107.60000000,114899.87000000,508.31725000
1754269200000,114899.86000000,115000.00000000,114620.14000000,114671.96000000,423.44241000
1754272800000,114671.96000000,114877.98000000,114418.68000000,114797.90000000,351.22547000
1754276400000,114797.90000000,114799.00000000,114527.73000000,114570.61000000,242.02073000
1754280000000,114570.61000000,114653.51000000,114345.74000000,114383.55000000,269.38623000
1754283600000,114383.54000000,114418.75000000,114188.00000000,114391.26000000,265.57526000
1754287200000,114391.26000000,114482.49000000,114148.58000000,114423.76000000,331.16254000
1754290800000,114423.77000000,114778.50000000,114402.45000000,114652.97000000,355.14904000
1754294400000,114652.98000000,114750.00000000,114360.99000000,114546.25000000,411.15429000
1754298000000,114546.25000000,114744.20000000,114302.29000000,114325.92000000,278.67574000
1754301600000,114325.92000000,114506.16000000,114234.58000000,114251.83000000,264.56078000
1754305200000,114251.83000000,114517.55000000,114217.97000000,114493.09000000,234.25413000
1754308800000,114493.09000000,114535.48000000,114327.95000000,114444.36000000,221.84590000
1754312400000,114444.36000000,114913.89000000,114121.00000000,114913.88000000,839.66562000
1754316000000,114913.89000000,115466.00000000,114652.96000000,114736.78000000,1386.32387000
1754319600000,114736.78000000,115022.97000000,114560.33000000,114826.00000000,437.62587000
1754323200000,114826.01000000,115405.22000000,114826.00000000,115301.00000000,612.68493000
1754326800000,115301.00000000,115720.00000000,115148.08000000,115193.41000000,546.48208000
1754330400000,115193.41000000,115312.76000000,114913.88000000,114957.64000000,298.66935000
1754334000000,114957.63000000,115134.46000000,114732.65000000,114777.62000000,385.27982000
1754337600000,114777.62000000,115076.34000000,114616.33000000,114811.96000000,363.41688000
1754341200000,114811.95000000,115258.62000000,114810.75000000,115111.09000000,229.85173000
1754344800000,115111.09000000,115325.88000000,115086.72000000,115325.88000000,225.85251000
1754348400000,115325.88000000,115340.00000000,115046.67000000,115055.03000000,185.05673000
1754352000000,115055.03000000,115127.81000000,114840.00000000,114886.96000000,347.41151000
1754355600000,114886.97000000,115046.68000000,114695.18000000,114708.11000000,309.55292000
1754359200000,114708.11000000,114827.79000000,114614.94000000,114719.27000000,238.27103000
1754362800000,114719.27000000,114737.82000000,114256.85000000,114256.85000000,503.68849000
1754366400000,114256.85000000,114426.65000000,114149.95000000,114338.06000000,577.56577000
1754370000000,114338.07000000,114487.25000000,114239.87000000,114405.99000000,337.63342000
1754373600000,114406.00000000,114500.66000000,114105.71000000,114178.63000000,389.84213000
1754377200000,114178.64000000,114395.30000000,113725.72000000,113969.70000000,820.50191000
1754380800000,113969.70000000,114540.00000000,113928.87000000,114281.09000000,460.31877000
1754384400000,114281.09000000,114792.72000000,114281.08000000,114694.76000000,482.30599000
1754388000000,114694.76000000,115096.73000000,114586.73000000,114841.27000000,438.67573000
1754391600000,114841.28000000,114972.00000000,114750.00000000,114827.07000000,212.26183000
1754395200000,114827.07000000,114893.13000000,113500.01000000,113937.35000000,935.92869000
1754398800000,113937.35000000,114573.17000000,113868.00000000,114381.43000000,634.93972000
1754402400000,114380.75000000,114386.37000000,112650.00000000,113037.12000000,2125.43779000
1754406000000,113037.12000000,113249.11000000,112692.30000000,112934.00000000,894.16220000
1754409600000,112934.00000000,113367.31000000,112815.68000000,113175.73000000,505.57628000
1754413200000,113175.73000000,113661.96000000,113096.00000000,113640.01000000,359.20465000
1754416800000,113640.01000000,113653.93000000,113261.79000000,113644.71000000,313.62971000
1754420400000,113644.72000000,113763.27000000,113407.35000000,113616.52000000,256.11010000
1754424000000,113616.51000000,113989.97000000,113494.47000000,113690.71000000,242.46818000
1754427600000,113690.71000000,113862.45000000,113569.07000000,113606.53000000,183.41893000
1754431200000,113606.52000000,113989.40000000,113304.00000000,113961.25000000,268.24607000
1754434800000,113961.25000000,114228.88000000,113918.40000000,114129.75000000,205.63896000
1754438400000,114129.75000000,114139.38000000,113748.67000000,113879.70000000,295.34760000
1754442000000,113879.69000000,113945.14000000,113588.77000000,113821.21000000,292.50885000
1754445600000,113820.77000000,113833.88000000,113491.76000000,113623.22000000,206.78627000
1754449200000,113623.23000000,113658.13000000,113400.00000000,113509.97000000,266.89492000
1754452800000,113509.98000000,113582.71000000,113355.13000000,113429.21000000,248.98133000
1754456400000,113429.21000000,114417.02000000,113384.81000000,114148.01000000,602.70557000
1754460000000,114148.01000000,114200.00000000,113933.23000000,114084.93000000,265.65128000
1754463600000,114084.92000000,114300.00000000,114019.66000000,114227.91000000,319.69253000
1754467200000,114227.90000000,114250.00000000,113727.57000000,113948.22000000,382.35629000
1754470800000,113948.23000000,114368.31000000,113906.96000000,114093.15000000,340.97337000
1754474400000,114093.15000000,114226.69000000,113899.20000000,114067.20000000,335.97303000
1754478000000,114067.20000000,114404.23000000,114007.85000000,114226.69000000,220.99495000
1754481600000,114226.68000000,114333.59000000,113809.02000000,113914.31000000,306.06988000
1754485200000,113914.31000000,114390.88000000,113579.90000000,114270.09000000,671.19500000
1754488800000,114270.09000000,115200.00000000,113869.88000000,115187.96000000,1041.66895000
1754492400000,115187.96000000,115515.09000000,114832.38000000,115413.87000000,1490.74630000
1754496000000,115413.87000000,115477.06000000,114942.18000000,115132.49000000,642.38859000
1754499600000,115132.49000000,115514.28000000,115024.00000000,115500.00000000,392.98209000
1754503200000,115500.00000000,115716.00000000,115301.27000000,115423.22000000,479.34282000
1754506800000,115423.23000000,115525.48000000,115118.80000000,115259.99000000,213.24559000
1754510400000,115260.00000000,115260.00000000,114987.68000000,115045.64000000,210.50571000
1754514000000,115045.65000000,115221.14000000,114793.01000000,115048.78000000,185.66057000
1754517600000,115048.77000000,115210.95000000,115039.14000000,115106.67000000,165.26512000
1754521200000,115106.66000000,115122.34000000,114963.20000000,114992.27000000,183.21657000
1754524800000,114992.27000000,115015.82000000,114856.15000000,114890.65000000,163.37387000
1754528400000,114890.66000000,115185.58000000,114580.53000000,114763.46000000,404.60721000
1754532000000,114763.47000000,114859.00000000,114404.22000000,114565.28000000,452.19409000
1754535600000,114564.76000000,114624.30000000,114404.70000000,114546.03000000,172.73916000
1754539200000,114546.03000000,114648.00000000,114259.00000000,114349.58000000,270.06529000
1754542800000,114349.58000000,114568.74000000,114278.02000000,114568.73000000,404.27424000
1754546400000,114568.74000000,114784.00000000,114511.96000000,114650.01000000,387.25216000
1754550000000,114650.01000000,114876.79000000,114640.03000000,114787.99000000,229.36946000
1754553600000,114787.99000000,115179.99000000,114787.98000000,114948.74000000,302.62190000
1754557200000,114948.74000000,115077.37000000,114844.78000000,115062.19000000,216.94309000
1754560800000,115062.19000000,116430.01000000,115038.06000000,116347.22000000,1912.68886000
1754564400000,116347.23000000,116828.93000000,116347.23000000,116519.53000000,1265.85500000
1754568000000,116519.54000000,116588.02000000,116035.84000000,116390.00000000,797.06170000
1754571600000,116390.01000000,116741.05000000,116200.00000000,116640.00000000,668.99023000
1754575200000,116640.01000000,116680.00000000,116204.32000000,116363.16000000,793.48345000
1754578800000,116363.16000000,116791.11000000,116240.00000000,116689.81000000,487.19639000
1754582400000,116689.80000000,116748.66000000,115632.31000000,116259.24000000,767.87711000
1754586000000,116259.24000000,116560.00000000,116120.00000000,116511.54000000,505.06396000
1754589600000,116511.55000000,116573.36000000,116123.72000000,116561.05000000,422.06821000
1754593200000,116561.05000000,117520.00000000,116488.00000000,117461.98000000,1040.61628000
1754596800000,117461.99000000,117496.05000000,117140.32000000,117182.19000000,510.82309000
1754600400000,117182.19000000,117354.21000000,117012.00000000,117105.78000000,337.78727000
1754604000000,117105.77000000,117621.00000000,117079.39000000,117554.23000000,676.81999000
1754607600000,117554.23000000,117579.98000000,117292.88000000,117472.01000000,278.79062000
1754611200000,117472.02000000,117630.00000000,116870.21000000,117264.12000000,806.35514000
1754614800000,117264.11000000,117264.12000000,116786.43000000,116888.02000000,659.33735000
1754618400000,116888.01000000,116923.21000000,116694.28000000,116700.00000000,320.47308000
1754622000000,116700.00000000,116980.00000000,116699.60000000,116737.35000000,607.75417000
1754625600000,116737.34000000,116869.49000000,116666.00000000,116750.01000000,325.84463000
1754629200000,116750.01000000,116750.01000000,116505.00000000,116530.63000000,346.36157000
1754632800000,116530.64000000,116763.44000000,116401.00000000,116740.01000000,336.48270000
1754636400000,116740.01000000,116973.30000000,116557.54000000,116817.19000000,447.58601000
1754640000000,116817.20000000,116914.60000000,116449.51000000,116620.63000000,335.47963000
1754643600000,116620.63000000,116726.88000000,116481.44000000,116685.17000000,231.14843000
1754647200000,116685.17000000,116714.46000000,116317.08000000,116544.39000000,331.86082000
1754650800000,116544.39000000,116899.78000000,116544.39000000,116891.51000000,210.49123000
1754654400000,116891.51000000,116891.52000000,116492.45000000,116500.48000000,293.02279000
1754658000000,116500.49000000,116945.63000000,116499.43000000,116917.97000000,612.94206000
1754661600000,116917.98000000,117271.73000000,116381.32000000,116491.53000000,725.75392000
1754665200000,116491.53000000,116538.94000000,115878.71000000,116207.69000000,909.09971000
1754668800000,116207.70000000,116364.82000000,116006.14000000,116193.63000000,344.02759000
1754672400000,116193.63000000,116708.86000000,116161.11000000,116708.86000000,450.81243000
1754676000000,116708.86000000,116900.00000000,116336.00000000,116497.99000000,571.66690000
1754679600000,116497.99000000,116716.26000000,116337.91000000,116453.41000000,324.29021000
1754683200000,116453.41000000,116900.00000000,116319.06000000,116888.52000000,248.65741000
1754686800000,116888.52000000,116979.95000000,116755.53000000,116931.44000000,257.90138000
1754690400000,116931.43000000,116980.00000000,116752.05000000,116888.90000000,210.40070000
1754694000000,116888.90000000,116917.74000000,116657.26000000,116674.74000000,137.56292000
1754697600000,116674.74000000,116750.00000000,116577.72000000,116586.00000000,153.62100000
1754701200000,116586.00000000,116650.01000000,116521.38000000,116563.26000000,163.11531000
1754704800000,116563.26000000,116563.26000000,116400.00000000,116404.00000000,173.10957000
1754708400000,116404.00000000,116482.28000000,116299.13000000,116384.01000000,482.04648000
1754712000000,116384.01000000,116675.99000000,116339.45000000,116434.76000000,377.42502000
1754715600000,116434.77000000,116980.00000000,116418.00000000,116739.23000000,1012.58137000
1754719200000,116739.23000000,116756.24000000,116532.77000000,116650.75000000,388.30445000
1754722800000,116650.75000000,116902.22000000,116633.88000000,116756.01000000,242.70175000
1754726400000,116756.00000000,117181.00000000,116756.00000000,117106.65000000,373.19101000
1754730000000,117106.66000000,117510.88000000,117045.54000000,117510.87000000,774.92238000
1754733600000,117510.88000000,117944.05000000,117382.27000000,117424.16000000,867.64459000
1754737200000,117424.16000000,117471.73000000,117082.43000000,117110.00000000,337.61342000
1754740800000,117110.00000000,117238.04000000,117010.00000000,117116.64000000,301.63531000
1754744400000,117116.65000000,117154.15000000,116878.68000000,116968.32000000,306.03785000
1754748000000,116968.32000000,117000.00000000,116748.20000000,116972.87000000,357.09924000
1754751600000,116972.87000000,117132.75000000,116700.01000000,116892.47000000,417.89197000
1754755200000,116892.48000000,116947.16000000,116642.67000000,116648.51000000,288.56338000
1754758800000,116648.51000000,116782.46000000,116619.77000000,116670.22000000,252.00135000
1754762400000,116670.22000000,116720.96000000,116555.02000000,116634.91000000,227.07359000
1754766000000,116634.91000000,116721.74000000,116500.00000000,116535.69000000,435.14207000
1754769600000,116535.68000000,117021.16000000,116504.53000000,116778.07000000,562.07841000
1754773200000,116778.07000000,116794.40000000,116359.89000000,116524.09000000,452.45503000
1754776800000,116524.09000000,116742.28000000,116500.00000000,116541.63000000,406.75315000
1754780400000,116541.62000000,116590.00000000,116436.15000000,116462.25000000,161.12374000
1754784000000,116462.25000000,116759.08000000,116460.63000000,116749.47000000,289.53628000
1754787600000,116749.46000000,116776.59000000,116539.99000000,116576.42000000,275.18169000
1754791200000,116576.42000000,117318.00000000,116576.41000000,117317.99000000,579.74957000
1754794800000,117317.99000000,118500.00000000,117250.41000000,118500.00000000,2748.21570000
1754798400000,118500.00000000,118741.77000000,118380.00000000,118485.45000000,980.85579000
1754802000000,118485.45000000,118511.00000000,117902.62000000,118045.00000000,566.81947000
1754805600000,118045.00000000,118161.05000000,117743.44000000,118074.24000000,319.46299000
1754809200000,118074.24000000,118238.87000000,117466.34000000,117808.30000000,576.94555000
1754812800000,117808.29000000,118400.00000000,117608.01000000,118308.85000000,375.95884000
1754816400000,118308.86000000,118441.48000000,118110.64000000,118293.08000000,372.51661000
1754820000000,118293.09000000,118293.45000000,117998.90000000,118020.00000000,328.37693000
1754823600000,118020.01000000,118500.00000000,117940.00000000,118330.58000000,429.47265000
1754827200000,118330.58000000,118737.26000000,118232.00000000,118514.00000000,629.53171000
1754830800000,118514.00000000,118683.87000000,118370.39000000,118452.00000000,392.64786000
1754834400000,118451.99000000,118850.00000000,118308.02000000,118779.00000000,740.25126000
1754838000000,118778.99000000,119113.94000000,118568.07000000,118815.00000000,1046.79677000
1754841600000,118815.00000000,118944.24000000,118623.14000000,118671.74000000,402.88128000
1754845200000,118671.75000000,118693.02000000,118453.48000000,118520.32000000,230.15923000
1754848800000,118520.33000000,118611.91000000,118433.80000000,118554.01000000,143.03169000
1754852400000,118554.01000000,118714.28000000,118462.29000000,118663.08000000,219.78592000
1754856000000,118663.09000000,118765.71000000,118074.99000000,118323.16000000,759.54759000
1754859600000,118323.00000000,118716.91000000,118092.00000000,118716.90000000,598.54997000
1754863200000,118716.90000000,119084.93000000,118615.44000000,119084.92000000,563.51750000
1754866800000,119084.93000000,119311.11000000,118861.16000000,119294.01000000,752.97788000
1754870400000,119294.27000000,119500.00000000,119104.17000000,119126.35000000,785.72983000
1754874000000,119126.35000000,119999.00000000,118972.59000000,119988.00000000,1217.33398000
1754877600000,119988.00000000,121894.64000000,119937.59000000,121876.00000000,3889.63895000
1754881200000,121875.99000000,122164.07000000,121559.11000000,121728.99000000,1733.48981000
1754884800000,121729.00000000,122175.88000000,121623.14000000,122080.00000000,1318.04919000
1754888400000,122080.00000000,122335.16000000,121823.24000000,122059.34000000,960.54030000
1754892000000,122059.34000000,122332.98000000,121954.79000000,122300.63000000,842.93970000
1754895600000,122300.64000000,122313.00000000,121466.08000000,121537.15000000,1158.35871000
1754899200000,121537.14000000,121823.00000000,121207.34000000,121679.13000000,889.12137000
1754902800000,121679.13000000,121704.78000000,121080.00000000,121439.75000000,793.97438000
1754906400000,121439.75000000,121455.02000000,120954.13000000,121184.84000000,824.81128000
1754910000000,121184.84000000,121283.29000000,120286.40000000,120561.54000000,1708.36029000
1754913600000,120561.53000000,120667.54000000,119536.75000000,119643.70000000,1739.45694000
1754917200000,119643.70000000,120328.93000000,119382.91000000,120010.00000000,1453.53759000
1754920800000,120009.99000000,120586.54000000,119809.06000000,120243.59000000,1235.12815000
1754924400000,120243.60000000,120408.01000000,119843.18000000,120314.40000000,808.13955000
1754928000000,120314.40000000,120794.05000000,119920.00000000,119953.65000000,915.62770000
1754931600000,119953.65000000,120150.00000000,119461.97000000,119500.00000000,536.23147000
1754935200000,119500.01000000,119870.20000000,119261.57000000,119773.92000000,530.74270000
1754938800000,119773.92000000,119785.72000000,118604.17000000,119089.30000000,830.32085000
1754942400000,119089.30000000,119093.00000000,118565.69000000,118824.34000000,553.02173000
1754946000000,118824.33000000,119172.63000000,118050.11000000,118712.61000000,847.50979000
1754949600000,118712.61000000,118906.41000000,118280.71000000,118886.96000000,629.34656000
1754953200000,118886.97000000,118889.00000000,118588.78000000,118686.00000000,292.92347000
1754956800000,118686.00000000,119021.77000000,118593.39000000,118949.31000000,609.75469000
1754960400000,118949.31000000,119108.06000000,118767.54000000,118977.10000000,413.93961000
1754964000000,118977.09000000,119275.46000000,118834.51000000,119054.13000000,399.30726000
1754967600000,119054.14000000,119120.00000000,118749.06000000,118857.70000000,471.63372000
1754971200000,118857.70000000,119158.06000000,118804.75000000,119067.97000000,368.18781000
1754974800000,119067.97000000,119067.97000000,118424.86000000,118819.99000000,836.98015000
1754978400000,118820.00000000,119032.00000000,118607.85000000,118839.97000000,1210.70965000
1754982000000,118839.97000000,119150.00000000,118839.97000000,118986.72000000,719.50636000
1754985600000,118986.73000000,119058.43000000,118740.00000000,118814.70000000,715.27467000
1754989200000,118814.71000000,118893.29000000,118400.01000000,118408.38000000,737.95535000
1754992800000,118408.38000000,118662.90000000,118207.47000000,118449.99000000,569.79019000
1754996400000,118449.99000000,118662.90000000,118222.00000000,118522.22000000,323.35879000
1755000000000,118522.22000000,119264.66000000,118285.00000000,119264.66000000,1633.67826000
1755003600000,119264.66000000,119712.60000000,118631.69000000,118847.35000000,1772.02738000
1755007200000,118847.35000000,119437.12000000,118764.36000000,119437.12000000,607.50451000
1755010800000,119437.12000000,119960.00000000,119320.00000000,119933.00000000,900.84426000
1755014400000,119933.00000000,120192.10000000,119525.00000000,119647.70000000,763.58705000
1755018000000,119647.69000000,119857.04000000,119172.62000000,119269.99000000,649.26235000
1755021600000,119270.00000000,120073.01000000,119267.00000000,119344.90000000,537.13050000
1755025200000,119345.07000000,119958.05000000,119309.08000000,119665.27000000,359.09127000
1755028800000,119665.27000000,120324.43000000,119485.84000000,120192.10000000,838.15928000
1755032400000,120192.09000000,120202.21000000,119792.50000000,119903.36000000,393.93368000
1755036000000,119903.36000000,120100.00000000,119650.00000000,120099.99000000,428.42505000
1755039600000,120100.00000000,120299.99000000,119925.47000000,120134.08000000,460.06709000
1755043200000,120134.09000000,120192.10000000,119636.00000000,119713.19000000,515.63049000
1755046800000,119713.19000000,119716.24000000,119337.67000000,119478.47000000,550.66677000
1755050400000,119478.47000000,119729.99000000,119094.28000000,119549.37000000,638.50499000
1755054000000,119549.37000000,119630.57000000,119306.89000000,119482.01000000,656.19910000
1755057600000,119482.01000000,119820.18000000,119328.12000000,119335.01000000,694.25608000
1755061200000,119335.01000000,119673.28000000,118920.92000000,119070.69000000,727.82442000
1755064800000,119070.68000000,119416.22000000,118955.99000000,119410.01000000,373.05315000
1755068400000,119410.01000000,119638.55000000,119290.01000000,119580.40000000,528.96933000
1755072000000,119580.40000000,120044.50000000,119446.22000000,120044.49000000,874.74205000
1755075600000,120044.50000000,120169.76000000,119771.88000000,120116.02000000,675.01444000
1755079200000,120116.02000000,120496.00000000,120047.58000000,120496.00000000,931.34391000
1755082800000,120496.00000000,120732.94000000,120432.21000000,120570.41000000,732.08488000
1755086400000,120570.41000000,120686.00000000,120209.51000000,120273.72000000,911.18128000
1755090000000,120273.72000000,122051.99000000,120106.02000000,121767.97000000,2385.47998000
1755093600000,121767.97000000,122200.00000000,120759.37000000,120890.73000000,2480.00020000
1755097200000,120890.74000000,121343.06000000,120309.73000000,120920.62000000,1452.01051000
1755100800000,120920.61000000,121721.30000000,120920.61000000,121421.77000000,704.71477000
1755104400000,121421.77000000,121887.53000000,121421.76000000,121823.24000000,934.90387000
1755108000000,121823.25000000,121954.51000000,121429.36000000,121639.20000000,891.23926000
1755111600000,121639.19000000,122839.47000000,121524.27000000,122744.21000000,1637.04367000
1755115200000,122744.22000000,122973.00000000,122464.34000000,122904.01000000,839.50398000
1755118800000,122904.01000000,123000.00000000,122298.20000000,122561.16000000,1066.42754000
1755122400000,122561.17000000,123637.68000000,122561.16000000,122954.03000000,1390.69414000
1755126000000,122954.03000000,123667.79000000,122907.05000000,123306.43000000,618.58221000
1755129600000,123306.44000000,124474.00000000,123251.90000000,123847.83000000,1664.05167600
1755133200000,123847.82000000,123946.46000000,123337.66000000,123337.67000000,661.07211000
1755136800000,123337.66000000,123689.98000000,123250.50000000,123662.53000000,671.89713000
1755140400000,123662.53000000,123849.98000000,123295.21000000,123337.14000000,484.65540000
1755144000000,123337.14000000,123428.60000000,123001.46000000,123003.17000000,571.29861000
1755147600000,123003.17000000,123123.60000000,122080.00000000,122134.76000000,832.10482000
1755151200000,122134.76000000,122134.76000000,121313.86000000,121771.27000000,1465.18702000
1755154800000,121771.27000000,122047.79000000,121538.28000000,121725.31000000,887.06699000
1755158400000,121725.31000000,122045.90000000,121560.83000000,121637.78000000,956.93709000
1755162000000,121637.78000000,121918.80000000,121528.55000000,121649.84000000,613.30308000
1755165600000,121649.84000000,121772.90000000,120757.01000000,120933.00000000,1133.31236000
1755169200000,120932.99000000,121031.31000000,120694.00000000,120949.67000000,752.73621000
1755172800000,120949.66000000,121183.06000000,117632.00000000,118866.37000000,5056.46610000
1755176400000,118866.37000000,119249.20000000,117727.73000000,118428.85000000,3271.57320000
1755180000000,118428.86000000,119361.45000000,118008.32000000,118799.01000000,1837.14675000
1755183600000,118799.02000000,118899.64000000,117879.87000000,118257.25000000,1451.88156000
1755187200000,118257.26000000,118257.26000000,117407.09000000,117866.42000000,1506.20052000
1755190800000,117866.42000000,118146.48000000,117500.00000000,117920.13000000,636.71884000
1755194400000,117920.14000000,118214.78000000,117180.00000000,118089.75000000,713.71597000
1755198000000,118089.75000000,118535.00000000,117920.00000000,117945.92000000,688.76991000
1755201600000,117945.92000000,118146.55000000,117724.37000000,117866.16000000,595.56886000
1755205200000,117866.16000000,118199.99000000,117302.33000000,117899.16000000,723.48169000
1755208800000,117899.16000000,118349.01000000,117641.40000000,118285.46000000,363.07143000
1755212400000,118285.47000000,118516.81000000,118239.68000000,118295.09000000,442.73026000
1755216000000,118295.09000000,118473.18000000,118032.94000000,118181.97000000,387.64196000
1755219600000,118181.98000000,118736.00000000,118032.32000000,118681.64000000,473.85001000
1755223200000,118681.63000000,118888.00000000,118584.20000000,118698.00000000,549.41556000
1755226800000,118698.00000000,119077.71000000,118604.41000000,118968.91000000,472.64683000
1755230400000,118968.91000000,119199.20000000,118770.00000000,118833.03000000,497.50906000
1755234000000,118833.04000000,119000.00000000,118629.58000000,118984.29000000,360.89875000
1755237600000,118984.29000000,119216.82000000,118866.01000000,119082.82000000,411.99414000
1755241200000,119082.83000000,119100.00000000,118758.80000000,118956.45000000,462.50496000
1755244800000,118956.45000000,119144.50000000,118878.71000000,118878.72000000,251.38068000
1755248400000,118878.72000000,119058.94000000,118600.00000000,118707.99000000,299.88114000
1755252000000,118708.00000000,119026.53000000,118708.00000000,118879.83000000,283.78706000
1755255600000,118879.82000000,119121.31000000,118879.82000000,119006.01000000,294.77719000
1755259200000,119006.01000000,119130.77000000,118510.00000000,118648.66000000,647.85118000
1755262800000,118648.66000000,118738.00000000,117743.21000000,117770.48000000,1302.10489000
1755266400000,117770.47000000,118274.00000000,117260.00000000,117400.00000000,1176.80402000
1755270000000,117400.00000000,117588.68000000,116827.29000000,117275.22000000,2002.13351000
1755273600000,117275.23000000,117418.49000000,116803.99000000,117353.36000000,756.28175000
1755277200000,117353.36000000,117882.35000000,117000.00000000,117586.92000000,862.91559000
1755280800000,117586.92000000,117662.41000000,117028.98000000,117159.66000000,333.40859000
1755284400000,117159.65000000,117412.82000000,116866.00000000,116936.27000000,440.85496000
1755288000000,116936.28000000,117323.47000000,116862.50000000,117280.00000000,248.37175000
1755291600000,117280.01000000,117350.00000000,117000.00000000,117320.02000000,268.99006000
1755295200000,117320.01000000,117738.57000000,117302.65000000,117702.00000000,374.66043000
1755298800000,117701.99000000,117761.88000000,117036.53000000,117342.05000000,462.67467000
1755302400000,117342.04000000,117781.99000000,117231.14000000,117735.21000000,546.22017000
1755306000000,117735.20000000,117898.99000000,117626.31000000,117821.60000000,349.62497000
1755309600000,117821.61000000,117821.61000000,117440.74000000,117505.51000000,307.50607000
1755313200000,117505.52000000,117657.97000000,117389.56000000,117429.63000000,217.17429000
1755316800000,117429.63000000,117884.00000000,117419.44000000,117815.66000000,222.51215000
1755320400000,117815.66000000,117852.25000000,117522.70000000,117595.78000000,201.54892000
1755324000000,117595.78000000,117635.42000000,117278.00000000,117394.65000000,260.53589000
1755327600000,117394.64000000,117674.77000000,117344.69000000,117596.07000000,240.65900000
1755331200000,117596.07000000,117677.06000000,117501.16000000,117631.09000000,185.08770000
1755334800000,117631.09000000,117703.92000000,117306.00000000,117312.00000000,303.36694000
1755338400000,117312.00000000,117447.05000000,117143.98000000,117388.00000000,524.83945000
1755342000000,117387.99000000,117540.00000000,117350.12000000,117378.52000000,192.74721000
1755345600000,117378.52000000,117747.36000000,117327.63000000,117747.36000000,348.10374000
1755349200000,117747.35000000,117799.99000000,117582.29000000,117623.52000000,365.37584000
1755352800000,117623.53000000,117771.40000000,117550.00000000,117771.39000000,253.05868000
1755356400000,117771.40000000,117825.00000000,117621.10000000,117676.70000000,224.96201000
1755360000000,117676.70000000,117817.65000000,117676.70000000,117747.65000000,389.81984000
1755363600000,117747.64000000,117747.65000000,117651.72000000,117693.00000000,181.46105000
1755367200000,117692.99000000,117757.06000000,117629.94000000,117685.79000000,112.36973000
1755370800000,117685.78000000,117771.40000000,117652.92000000,117672.12000000,133.77621000
1755374400000,117672.13000000,117713.51000000,117522.01000000,117655.41000000,155.93762000
1755378000000,117655.41000000,117655.42000000,117433.33000000,117452.21000000,152.99321000
1755381600000,117452.21000000,117552.00000000,117219.34000000,117460.56000000,325.20777000
1755385200000,117460.57000000,117475.07000000,117278.23000000,117380.66000000,198.79271000
1755388800000,117380.66000000,117419.45000000,117255.18000000,117255.19000000,159.66726000
1755392400000,117255.18000000,117491.44000000,117172.21000000,117439.97000000,244.13312000
1755396000000,117439.97000000,117624.55000000,117381.39000000,117606.00000000,157.36164000
1755399600000,117606.00000000,117771.37000000,117505.93000000,117684.95000000,209.36889000
1755403200000,117684.96000000,118187.28000000,117684.95000000,118076.11000000,372.88806000
1755406800000,118076.12000000,118230.82000000,118000.00000000,118000.01000000,296.61443000
1755410400000,118000.00000000,118118.00000000,117905.37000000,117923.99000000,232.28871000
1755414000000,117924.00000000,118030.15000000,117843.74000000,118005.98000000,207.89215000
1755417600000,118005.98000000,118399.99000000,117922.00000000,118366.06000000,337.81576000
1755421200000,118366.05000000,118484.00000000,118235.00000000,118345.99000000,330.30362000
1755424800000,118345.99000000,118393.35000000,118190.00000000,118393.34000000,170.26339000
1755428400000,118393.34000000,118393.35000000,118270.80000000,118308.01000000,169.29272000
1755432000000,118308.00000000,118356.62000000,118134.51000000,118162.60000000,183.56593000
1755435600000,118162.61000000,118575.00000000,118059.12000000,118429.99000000,396.26094000
1755439200000,118429.99000000,118473.66000000,118150.00000000,118150.01000000,189.61777000
1755442800000,118150.01000000,118263.90000000,118137.25000000,118246.16000000,204.82807000
1755446400000,118246.15000000,118316.01000000,117700.70000000,117834.56000000,488.38516000
1755450000000,117834.55000000,117934.82000000,117645.04000000,117900.00000000,212.98829000
1755453600000,117900.01000000,117947.98000000,117321.53000000,117542.01000000,360.32583000
1755457200000,117542.01000000,117749.12000000,117468.00000000,117570.07000000,264.47630000
1755460800000,117570.07000000,117749.32000000,117508.49000000,117599.44000000,141.19933000
1755464400000,117599.44000000,117781.38000000,117599.43000000,117700.00000000,104.46800000
1755468000000,117700.01000000,117995.37000000,117688.50000000,117954.99000000,232.19191000
1755471600000,117955.00000000,117978.42000000,117371.65000000,117405.01000000,232.44464000
1755475200000,117405.01000000,117543.75000000,117020.00000000,117290.19000000,640.08542000
1755478800000,117290.20000000,117409.87000000,116166.03000000,116269.54000000,1892.28591000
1755482400000,116269.53000000,116339.61000000,115292.67000000,115453.24000000,2015.07156000
1755486000000,115452.00000000,115636.89000000,115000.00000000,115319.00000000,1253.98009000
1755489600000,115319.00000000,115533.89000000,115079.91000000,115469.51000000,597.83019000
1755493200000,115469.52000000,115688.00000000,115000.00000000,115687.99000000,763.17629000
1755496800000,115687.99000000,115712.49000000,114878.71000000,115245.56000000,1274.28433000
1755500400000,115245.56000000,115477.20000000,115186.56000000,115205.98000000,798.13334000
1755504000000,115205.99000000,115402.51000000,115068.58000000,115135.43000000,582.20510000
1755507600000,115135.43000000,115135.44000000,114640.14000000,115038.46000000,1245.97423000
1755511200000,115038.46000000,115261.69000000,114985.00000000,115058.58000000,567.82403000
1755514800000,115058.58000000,115127.54000000,114860.62000000,114947.27000000,397.98648000
1755518400000,114947.27000000,115520.00000000,114902.94000000,115519.99000000,477.46603000
1755522000000,115520.00000000,115736.54000000,114825.00000000,114839.13000000,824.85948000
1755525600000,114839.14000000,115633.73000000,114839.14000000,115633.73000000,673.61910000
1755529200000,115633.72000000,116186.97000000,115402.00000000,116145.34000000,796.23484000
1755532800000,116145.34000000,116350.00000000,115818.86000000,115962.24000000,496.59282000
1755536400000,115962.24000000,116800.00000000,115962.23000000,116428.99000000,713.09082000
1755540000000,116428.98000000,116579.16000000,116238.71000000,116481.81000000,239.93978000
1755543600000,116481.80000000,116639.35000000,116204.00000000,116313.99000000,281.74931000
1755547200000,116314.00000000,116529.50000000,115980.32000000,116407.99000000,349.12342000
1755550800000,116407.99000000,116675.67000000,116403.76000000,116648.99000000,230.40574000
1755554400000,116649.00000000,116980.00000000,116394.12000000,116399.99000000,316.21157000
1755558000000,116400.00000000,116564.38000000,116089.00000000,116227.05000000,317.80966000
1755561600000,116227.05000000,116563.55000000,115516.82000000,116563.13000000,597.52684000
1755565200000,116563.12000000,116725.69000000,115710.03000000,115798.00000000,461.06933000
1755568800000,115798.00000000,116051.00000000,115635.63000000,115747.08000000,344.75966000
1755572400000,115747.09000000,115771.98000000,114787.23000000,114810.00000000,987.54165000
1755576000000,114810.01000000,115372.55000000,114366.00000000,115305.99000000,973.09499000
1755579600000,115306.00000000,115483.24000000,114944.16000000,114972.90000000,406.89708000
1755583200000,114972.90000000,115219.99000000,114914.26000000,115019.99000000,394.62483000
1755586800000,115019.99000000,115056.00000000,114600.74000000,114978.14000000,724.50631000
1755590400000,114978.15000000,115300.00000000,114804.00000000,115186.48000000,489.77403000
1755594000000,115186.47000000,115488.27000000,115185.92000000,115322.70000000,443.60844000
1755597600000,115322.69000000,115577.60000000,115317.92000000,115400.00000000,241.61680000
1755601200000,115400.00000000,115650.00000000,115400.00000000,115508.71000000,296.04350000
1755604800000,115508.71000000,115617.84000000,115282.70000000,115599.99000000,338.93222000
1755608400000,115600.00000000,115875.84000000,114869.60000000,115192.00000000,928.58040000
1755612000000,115192.00000000,115378.82000000,113770.34000000,113882.66000000,2263.58751000
1755615600000,113882.66000000,114177.58000000,113587.68000000,113786.38000000,1763.36303000
1755619200000,113786.39000000,113897.58000000,113346.28000000,113388.30000000,959.63398000
1755622800000,113388.31000000,113596.07000000,113107.07000000,113520.11000000,1084.66267000
1755626400000,113520.11000000,113520.11000000,112837.11000000,113069.61000000,889.38987000
1755630000000,113069.61000000,113552.03000000,112767.06000000,113132.48000000,850.66400000
1755633600000,113132.49000000,113570.44000000,112927.82000000,113570.44000000,496.52563000
1755637200000,113570.44000000,113589.48000000,113413.14000000,113419.11000000,316.99786000
1755640800000,113419.10000000,113440.43000000,113060.00000000,113174.42000000,1090.07931000
1755644400000,113174.42000000,113201.26000000,112732.58000000,112872.94000000,721.99430000
1755648000000,112872.95000000,113320.00000000,112843.14000000,113215.50000000,605.58560000
1755651600000,113215.49000000,113413.23000000,112566.01000000,112996.93000000,1004.04056000
1755655200000,112996.93000000,113500.00000000,112944.68000000,113438.29000000,915.27403000
1755658800000,113438.29000000,113636.13000000,113319.45000000,113525.91000000,591.80557000
1755662400000,113525.90000000,113700.00000000,113460.29000000,113633.47000000,351.01236000
1755666000000,113633.47000000,113767.44000000,113464.02000000,113708.00000000,305.42814000
1755669600000,113707.99000000,113734.23000000,113500.00000000,113653.28000000,284.56575000
1755673200000,113653.28000000,113837.93000000,113432.00000000,113490.13000000,426.40857000
1755676800000,113490.14000000,114016.77000000,113401.00000000,114010.00000000,1021.52601000
1755680400000,114010.00000000,114010.01000000,113628.65000000,113699.98000000,464.52912000
1755684000000,113699.98000000,113869.50000000,113587.68000000,113792.20000000,310.82050000
1755687600000,113792.19000000,113859.26000000,113060.08000000,113666.68000000,555.63081000
1755691200000,113666.69000000,113944.00000000,113512.88000000,113659.01000000,643.44169000
1755694800000,113659.01000000,113659.01000000,112600.00000000,112693.15000000,1099.37126000
1755698400000,112693.14000000,113854.34000000,112380.00000000,113465.84000000,1578.65617000
1755702000000,113465.84000000,114326.35000000,113229.43000000,113353.94000000,1283.96286000
1755705600000,113353.94000000,114309.16000000,113278.49000000,113839.99000000,769.22274000
1755709200000,113839.99000000,114444.00000000,113781.16000000,114197.53000000,577.51878000
1755712800000,114197.54000000,114269.63000000,113264.01000000,113490.01000000,676.25877000
1755716400000,113490.00000000,114337.31000000,113472.38000000,114276.66000000,601.00585000
1755720000000,114276.66000000,114375.27000000,114000.00000000,114370.00000000,384.69129000
1755723600000,114370.00000000,114476.13000000,114000.00000000,114356.24000000,372.36928000
1755727200000,114356.24000000,114615.38000000,114206.89000000,114595.19000000,498.00131000
1755730800000,114595.19000000,114608.77000000,114220.00000000,114271.24000000,315.21492000
1755734400000,114271.23000000,114493.10000000,114010.87000000,114292.14000000,429.62667000
1755738000000,114292.14000000,114736.00000000,113954.13000000,114729.94000000,432.98345000
1755741600000,114729.93000000,114821.76000000,113906.01000000,114038.00000000,447.89489000
1755745200000,114038.00000000,114531.29000000,113954.61000000,113954.62000000,316.22280000
1755748800000,113954.62000000,114033.84000000,113800.00000000,113800.00000000,293.43085000
1755752400000,113800.01000000,114010.83000000,113637.00000000,113995.12000000,344.63705000
1755756000000,113995.12000000,113995.12000000,113609.88000000,113807.20000000,443.88446000
1755759600000,113807.20000000,113944.74000000,113582.43000000,113896.03000000,530.41085000
1755763200000,113896.03000000,113990.00000000,113588.45000000,113588.45000000,336.76542000
1755766800000,113588.46000000,113616.58000000,113300.00000000,113376.85000000,413.40552000
1755770400000,113376.85000000,113479.97000000,113230.00000000,113329.74000000,331.35097000
1755774000000,113329.74000000,113542.47000000,113000.00000000,113148.66000000,428.12915000
1755777600000,113148.65000000,113416.69000000,112950.00000000,113095.29000000,386.20750000
1755781200000,113095.30000000,113713.56000000,113055.93000000,113486.98000000,624.69624000
1755784800000,113486.98000000,113995.11000000,112913.39000000,113281.99000000,580.15894000
1755788400000,113282.00000000,113386.31000000,112608.64000000,112792.08000000,930.04760000
1755792000000,112792.08000000,112969.47000000,112333.33000000,112379.58000000,780.22707000
1755795600000,112379.58000000,112596.90000000,112201.00000000,112410.91000000,737.11033000
1755799200000,112410.92000000,112682.20000000,112224.67000000,112602.62000000,382.38194000
1755802800000,112602.62000000,112724.74000000,112015.67000000,112193.71000000,569.08483000
1755806400000,112193.71000000,112870.94000000,112067.46000000,112450.30000000,336.45252000
1755810000000,112450.31000000,112734.51000000,112100.00000000,112628.76000000,337.37667000
1755813600000,112628.75000000,112712.70000000,112425.35000000,112511.20000000,200.73506000
1755817200000,112511.19000000,112511.20000000,112272.04000000,112500.00000000,226.47157000
1755820800000,112500.00000000,112840.00000000,112489.42000000,112630.87000000,267.79499000
1755824400000,112630.88000000,112924.37000000,112335.60000000,112840.08000000,331.54981000
1755828000000,112840.08000000,113525.00000000,112784.68000000,113153.96000000,716.89343000
1755831600000,113153.96000000,113441.45000000,112882.90000000,112929.24000000,293.95702000
1755835200000,112929.24000000,113256.03000000,112708.81000000,112847.63000000,270.33795000
1755838800000,112847.62000000,113285.59000000,112844.56000000,113241.99000000,333.83128000
1755842400000,113241.98000000,113394.76000000,112844.00000000,112998.30000000,426.59054000
1755846000000,112998.30000000,113250.00000000,112950.00000000,113094.83000000,625.49743000
1755849600000,113094.83000000,113319.30000000,112950.00000000,112980.34000000,448.78194000
1755853200000,112980.34000000,113128.00000000,112815.55000000,113049.67000000,517.13631000
1755856800000,113049.67000000,113060.00000000,112512.74000000,112534.54000000,455.48522000
1755860400000,112534.54000000,112629.40000000,112177.27000000,112320.00000000,511.03227000
1755864000000,112320.01000000,112713.93000000,111684.79000000,112341.50000000,1660.58930000
1755867600000,112341.50000000,112662.27000000,111932.28000000,112487.11000000,1042.30053000
1755871200000,112487.10000000,116116.11000000,112468.35000000,115808.23000000,6271.74223000
1755874800000,115808.24000000,117296.12000000,115808.23000000,116370.75000000,2530.62921000
1755878400000,116370.75000000,116783.22000000,116116.00000000,116146.47000000,1756.67950000
1755882000000,116146.48000000,117032.84000000,116146.48000000,117024.00000000,1300.14206000
1755885600000,117024.01000000,117429.05000000,116750.00000000,116805.27000000,721.60524000
1755889200000,116805.27000000,116914.30000000,116520.00000000,116655.79000000,529.51964000
1755892800000,116655.79000000,117127.44000000,116570.17000000,117052.65000000,545.69500000
1755896400000,117052.65000000,117174.43000000,116829.34000000,117028.27000000,678.08593000
1755900000000,117028.27000000,117057.14000000,116550.96000000,116757.18000000,585.72702000
1755903600000,116757.18000000,116937.56000000,116674.51000000,116935.99000000,306.48652000
1755907200000,116936.00000000,117030.00000000,116726.64000000,116870.22000000,351.38045000
1755910800000,116870.22000000,116882.16000000,116300.00000000,116453.59000000,596.49295000
1755914400000,116453.59000000,116547.95000000,115500.00000000,115927.98000000,1195.36796000
1755918000000,115927.98000000,116044.55000000,115458.20000000,115568.77000000,504.34283000
1755921600000,115568.77000000,115980.00000000,115551.20000000,115926.77000000,535.76766000
1755925200000,115926.77000000,116034.53000000,115800.01000000,115954.51000000,806.27196000
1755928800000,115954.51000000,116015.69000000,115690.83000000,115781.16000000,462.86069000
1755932400000,115781.16000000,115928.00000000,115669.76000000,115799.47000000,453.28331000
1755936000000,115799.46000000,115861.80000000,115607.46000000,115746.12000000,341.58386000
1755939600000,115746.12000000,115782.03000000,115605.27000000,115765.82000000,288.64099000
1755943200000,115765.81000000,115780.59000000,115575.72000000,115575.72000000,312.57302000
1755946800000,115575.73000000,115616.63000000,115223.43000000,115310.13000000,371.09604000
1755950400000,115310.13000000,115486.97000000,115175.48000000,115213.60000000,445.47850000
1755954000000,115213.60000000,115213.60000000,114735.57000000,114864.92000000,981.86665000
1755957600000,114864.92000000,115081.59000000,114620.00000000,114621.47000000,1000.43667000
1755961200000,114621.48000000,114966.87000000,114560.00000000,114812.87000000,599.77984000
1755964800000,114812.88000000,115097.92000000,114684.11000000,115020.00000000,448.76533000
1755968400000,115020.00000000,115167.78000000,114947.46000000,115087.97000000,327.26623000
1755972000000,115087.97000000,115190.74000000,115035.11000000,115145.77000000,178.18512000
1755975600000,115145.77000000,115173.86000000,115051.32000000,115133.91000000,151.33399000
1755979200000,115133.92000000,115325.82000000,115108.23000000,115325.81000000,181.19976000
1755982800000,115325.81000000,115325.82000000,115001.88000000,115028.00000000,194.43314000
1755986400000,115028.01000000,115317.86000000,115028.00000000,115317.85000000,117.57565000
1755990000000,115317.86000000,115454.12000000,115244.70000000,115438.05000000,483.37937000
1755993600000,115438.06000000,115549.44000000,115315.33000000,115375.35000000,457.40004000
1755997200000,115375.36000000,115584.09000000,115196.00000000,115473.99000000,655.80740000
1756000800000,115473.99000000,115666.68000000,115000.00000000,115005.15000000,401.41002000
1756004400000,115005.15000000,115161.24000000,114934.21000000,115036.00000000,481.30687000
1756008000000,115036.01000000,115283.21000000,115036.00000000,115174.30000000,345.39663000
1756011600000,115174.30000000,115206.55000000,114930.65000000,114996.01000000,697.85001000
1756015200000,114996.01000000,115062.77000000,114846.14000000,114862.40000000,395.26293000
1756018800000,114862.40000000,115124.86000000,114855.64000000,114888.19000000,277.17773000
1756022400000,114888.19000000,114979.55000000,114750.01000000,114838.02000000,947.55224000
1756026000000,114838.02000000,115060.99000000,114668.00000000,114841.17000000,438.90856000
1756029600000,114841.16000000,114956.66000000,114600.00000000,114790.40000000,479.49962000
1756033200000,114790.40000000,114889.91000000,114620.13000000,114730.22000000,357.51883000
1756036800000,114730.22000000,114846.40000000,114597.55000000,114673.81000000,358.78753000
1756040400000,114673.80000000,114869.41000000,114555.00000000,114555.00000000,620.84833000
1756044000000,114555.00000000,114657.00000000,114350.57000000,114514.05000000,816.73334000
1756047600000,114514.05000000,114865.32000000,114400.00000000,114400.00000000,865.64985000
1756051200000,114400.01000000,114541.93000000,114255.32000000,114275.00000000,786.95266000
1756054800000,114275.00000000,114578.85000000,114236.00000000,114423.42000000,983.41055000
1756058400000,114423.43000000,114917.10000000,114301.22000000,114626.97000000,1232.99791000
1756062000000,114626.96000000,114790.75000000,110680.00000000,112600.00000000,5318.65876000
1756065600000,112600.00000000,112987.88000000,111632.85000000,112770.39000000,2003.01345000
1756069200000,112770.39000000,113406.80000000,112369.16000000,112988.39000000,854.85267000
1756072800000,112988.40000000,113500.00000000,112614.42000000,113451.02000000,755.28007000
1756076400000,113451.02000000,113692.97000000,113366.49000000,113493.59000000,643.70862000
1756080000000,113493.59000000,113516.16000000,112159.00000000,112645.10000000,897.58897000
1756083600000,112645.10000000,113140.06000000,112615.90000000,113066.94000000,541.53145000
1756087200000,113066.95000000,113640.01000000,113066.94000000,113412.36000000,396.24817000
1756090800000,113412.36000000,113667.28000000,112905.16000000,112916.84000000,549.60431000
1756094400000,112916.84000000,113059.52000000,112611.78000000,112764.00000000,622.97182000
1756098000000,112764.01000000,112863.24000000,112309.99000000,112310.00000000,808.04429000
1756101600000,112310.00000000,112459.18000000,111756.60000000,111929.87000000,933.19436000
1756105200000,111929.87000000,112165.19000000,111284.05000000,111511.55000000,1689.81474000
1756108800000,111511.56000000,111820.53000000,110991.28000000,111414.30000000,1278.94125000
1756112400000,111414.30000000,111850.13000000,111259.76000000,111800.01000000,626.80974000
1756116000000,111800.00000000,111806.99000000,110939.40000000,110984.03000000,1416.44599000
1756119600000,110984.04000000,111279.91000000,110929.48000000,111214.97000000,706.06090000
1756123200000,111214.97000000,111682.49000000,111072.00000000,111586.31000000,722.92729000
1756126800000,111586.30000000,111754.82000000,110588.00000000,111491.69000000,1555.34009000
1756130400000,111491.70000000,112307.69000000,111326.49000000,112260.00000000,1426.03051000
1756134000000,112260.01000000,112580.00000000,111828.24000000,112200.64000000,889.02271000
1756137600000,112200.65000000,112937.26000000,112022.00000000,112502.43000000,781.23286000
1756141200000,112502.43000000,112800.00000000,112159.00000000,112431.40000000,674.40520000
1756144800000,112431.40000000,112618.89000000,112250.13000000,112402.90000000,310.54741000
1756148400000,112402.90000000,112430.16000000,110655.01000000,110716.13000000,1343.21864000
1756152000000,110716.13000000,111092.54000000,109390.01000000,109561.96000000,4098.07281000
1756155600000,109561.96000000,110280.50000000,109274.10000000,109888.01000000,1595.13661000
1756159200000,109888.01000000,110599.07000000,109888.00000000,110153.23000000,652.68653000
1756162800000,110153.23000000,110267.55000000,109781.61000000,110111.98000000,666.91714000
1756166400000,110111.98000000,110111.98000000,108854.19000000,109100.23000000,2132.52683000
1756170000000,109100.24000000,109910.68000000,108666.66000000,109897.20000000,1090.85402000
1756173600000,109897.21000000,110026.14000000,109505.04000000,109710.96000000,531.88497000
1756177200000,109710.96000000,109927.99000000,109432.00000000,109879.56000000,400.12624000
1756180800000,109879.57000000,110235.29000000,109879.57000000,110100.01000000,466.51131000
1756184400000,110100.01000000,110375.58000000,110084.41000000,110196.01000000,359.69829000
1756188000000,110196.00000000,110342.57000000,109900.00000000,109988.18000000,469.86809000
1756191600000,109988.17000000,110547.31000000,109765.93000000,110303.20000000,613.97463000
1756195200000,110303.20000000,110455.13000000,110000.00000000,110102.02000000,448.59912000
1756198800000,110102.02000000,110413.54000000,110037.51000000,110152.89000000,335.89147000
1756202400000,110152.90000000,110413.54000000,110064.12000000,110216.53000000,405.76551000
1756206000000,110216.52000000,110224.09000000,109570.34000000,109876.52000000,661.84556000
1756209600000,109876.53000000,110818.60000000,109612.00000000,110216.81000000,1094.24871000
1756213200000,110216.81000000,110265.31000000,109393.93000000,110094.66000000,1207.83119000
1756216800000,110094.66000000,110552.86000000,109800.00000000,110358.13000000,1124.78296000
1756220400000,110358.13000000,110561.76000000,109550.00000000,109666.33000000,1132.82225000
1756224000000,109666.34000000,110153.84000000,109450.00000000,110153.84000000,936.04216000
1756227600000,110153.83000000,110205.68000000,109587.42000000,109988.07000000,788.03072000
1756231200000,109988.07000000,110990.05000000,109966.64000000,110695.58000000,721.67701000
1756234800000,110695.58000000,111162.59000000,110501.57000000,111116.03000000,1102.76066000
1756238400000,111116.03000000,111380.03000000,110918.26000000,111321.58000000,705.40181000
1756242000000,111321.57000000,111584.61000000,111113.67000000,111584.60000000,375.99082000
1756245600000,111584.60000000,111945.69000000,111557.09000000,111910.01000000,610.79197000
1756249200000,111910.00000000,112371.00000000,111737.38000000,111763.22000000,734.51247000
1756252800000,111763.22000000,111825.16000000,111339.22000000,111356.37000000,600.11827000
1756256400000,111356.38000000,111469.07000000,111092.80000000,111299.48000000,488.51561000
1756260000000,111299.48000000,111480.00000000,111105.45000000,111135.37000000,474.94910000
1756263600000,111135.37000000,111723.92000000,110918.26000000,111418.15000000,608.69015000
1756267200000,111418.15000000,111737.26000000,111403.29000000,111570.81000000,422.75409000
1756270800000,111570.81000000,111685.57000000,111337.85000000,111372.18000000,323.13251000
1756274400000,111372.18000000,111372.19000000,111028.02000000,111040.09000000,326.53843000
1756278000000,111040.10000000,111129.94000000,110622.50000000,110725.18000000,737.37791000
1756281600000,110725.19000000,110837.77000000,110345.42000000,110756.01000000,607.62048000
1756285200000,110756.00000000,111125.32000000,110720.06000000,110810.78000000,362.97245000
1756288800000,110810.77000000,111267.70000000,110810.77000000,110975.12000000,336.60819000
1756292400000,110975.12000000,111374.45000000,110975.11000000,111322.07000000,287.06641000
1756296000000,111322.07000000,111397.74000000,111022.78000000,111344.42000000,397.11123000
1756299600000,111344.43000000,111895.25000000,111019.02000000,111487.24000000,851.74843000
1756303200000,111487.24000000,112625.00000000,111283.97000000,111815.94000000,1276.25098000
1756306800000,111815.94000000,112084.43000000,111505.00000000,112000.00000000,784.98996000
1756310400000,111999.99000000,112250.00000000,111541.23000000,112121.46000000,613.40717000
1756314000000,112121.45000000,112444.10000000,111897.43000000,112345.29000000,386.39727000
1756317600000,112345.30000000,112600.00000000,111928.00000000,111947.21000000,410.75955000
1756321200000,111947.22000000,112212.06000000,111576.24000000,112080.69000000,491.86153000
1756324800000,112080.68000000,112419.09000000,110921.79000000,112419.07000000,1418.31926000
1756328400000,112419.08000000,112452.05000000,111368.15000000,111528.19000000,454.99512000
1756332000000,111528.19000000,111610.06000000,111051.00000000,111409.54000000,421.42728000
1756335600000,111409.54000000,111544.00000000,111102.28000000,111262.01000000,308.99737000
1756339200000,111262.01000000,111535.09000000,110862.42000000,111338.92000000,402.94473000
1756342800000,111338.93000000,111714.28000000,111334.89000000,111647.70000000,252.40621000
1756346400000,111647.71000000,111761.58000000,111446.07000000,111500.00000000,198.00577000
1756350000000,111499.99000000,112042.04000000,111408.00000000,112000.01000000,350.42111000
1756353600000,112000.00000000,113082.48000000,111945.07000000,112965.90000000,844.06120000
1756357200000,112965.89000000,113160.00000000,112702.13000000,112853.24000000,635.30026000
1756360800000,112853.24000000,113284.41000000,112716.00000000,113213.78000000,337.92035000
1756364400000,113213.79000000,113360.00000000,113005.92000000,113114.11000000,664.63681000
1756368000000,113114.11000000,113351.51000000,113006.66000000,113128.49000000,420.29225000
1756371600000,113128.49000000,113139.80000000,112850.40000000,112856.89000000,355.38489000
1756375200000,112856.89000000,113127.53000000,112826.22000000,113127.53000000,342.86877000
1756378800000,113127.53000000,113152.97000000,112850.00000000,112909.18000000,300.49745000
1756382400000,112909.18000000,113340.01000000,112781.68000000,113239.44000000,542.61317000
1756386000000,113239.44000000,113485.90000000,112575.43000000,112832.00000000,1179.11716000
1756389600000,112832.75000000,113300.00000000,112528.15000000,113153.06000000,644.09235000
1756393200000,113153.07000000,113250.00000000,112391.56000000,112678.53000000,723.11082000
1756396800000,112678.53000000,113186.56000000,112329.44000000,112329.44000000,566.22384000
1756400400000,112329.44000000,112617.86000000,112215.32000000,112387.99000000,544.60806000
1756404000000,112388.00000000,112718.20000000,112230.76000000,112373.59000000,299.78379000
1756407600000,112373.58000000,112575.84000000,111901.35000000,111901.36000000,402.68130000
1756411200000,111901.36000000,112111.05000000,111872.06000000,111902.49000000,225.57171000
1756414800000,111902.50000000,112133.65000000,111900.00000000,112025.07000000,225.07680000
1756418400000,112025.07000000,112509.33000000,112025.06000000,112340.64000000,326.33504000
1756422000000,112340.64000000,112575.98000000,112305.15000000,112566.90000000,320.32360000
1756425600000,112566.90000000,112638.64000000,112129.13000000,112200.94000000,446.62185000
1756429200000,112200.94000000,112271.38000000,111425.28000000,111486.00000000,719.46398000
1756432800000,111486.00000000,111770.44000000,111361.35000000,111419.98000000,547.49956000
1756436400000,111419.98000000,111823.19000000,111302.27000000,111704.23000000,409.42082000
1756440000000,111704.24000000,111850.56000000,111420.87000000,111502.00000000,396.49962000
1756443600000,111502.01000000,111583.13000000,111133.64000000,111315.42000000,508.83781000
1756447200000,111315.42000000,111401.06000000,110955.41000000,111279.45000000,1428.68924000
1756450800000,111279.45000000,111279.45000000,109899.99000000,110019.38000000,1926.94513000
1756454400000,110019.38000000,110270.30000000,109610.00000000,109628.02000000,1262.43838000
1756458000000,109628.02000000,109924.39000000,109414.18000000,109772.71000000,713.11845000
1756461600000,109772.71000000,110028.00000000,109750.00000000,110008.01000000,414.17589000
1756465200000,110008.00000000,110161.93000000,109835.29000000,110098.81000000,458.57754000
1756468800000,110098.81000000,111517.07000000,110070.73000000,110728.00000000,1553.78990000
1756472400000,110728.01000000,110780.57000000,108900.00000000,109106.14000000,2037.27573000
1756476000000,109106.14000000,109560.14000000,108103.00000000,108198.67000000,2371.46354000
1756479600000,108198.66000000,108727.38000000,108188.39000000,108386.23000000,1766.75123000
1756483200000,108386.23000000,108832.00000000,108140.00000000,108705.67000000,960.99261000
1756486800000,108705.68000000,108725.50000000,108155.73000000,108466.01000000,529.32413000
1756490400000,108466.01000000,108500.00000000,108101.07000000,108145.40000000,328.44201000
1756494000000,108145.40000000,108744.00000000,107934.24000000,108212.01000000,786.88663000
1756497600000,108212.01000000,108263.02000000,107506.00000000,107770.78000000,1863.41834000
1756501200000,107770.78000000,108470.75000000,107463.90000000,108450.01000000,644.62367000
1756504800000,108450.00000000,108480.49000000,108207.79000000,108378.97000000,247.74076000
1756508400000,108378.98000000,108549.99000000,108322.79000000,108377.40000000,257.31363000
1756512000000,108377.40000000,108410.73000000,108139.49000000,108300.71000000,612.21355000
1756515600000,108300.70000000,108350.00000000,107350.10000000,107447.97000000,702.48254000
1756519200000,107447.97000000,107951.77000000,107384.00000000,107782.01000000,781.27336000
1756522800000,107782.01000000,108436.21000000,107769.48000000,108436.20000000,1148.16791000
1756526400000,108436.21000000,108697.28000000,108372.95000000,108435.59000000,1453.52211000
1756530000000,108435.58000000,108480.71000000,108129.30000000,108347.20000000,569.67263000
1756533600000,108347.20000000,108554.73000000,108209.35000000,108320.00000000,334.65645000
1756537200000,108320.00000000,108524.26000000,108120.00000000,108524.26000000,694.47404000
1756540800000,108524.26000000,108777.43000000,108488.00000000,108568.00000000,287.42447000
1756544400000,108568.00000000,108604.82000000,108470.84000000,108517.63000000,290.02640000
1756548000000,108517.63000000,108690.49000000,108400.00000000,108425.99000000,427.75960000
1756551600000,108425.98000000,108714.35000000,108422.36000000,108680.01000000,411.74343000
1756555200000,108680.01000000,108680.01000000,108333.00000000,108614.86000000,356.51633000
1756558800000,108614.85000000,108614.86000000,108190.52000000,108531.14000000,552.78663000
1756562400000,108531.14000000,108740.16000000,108408.84000000,108661.99000000,285.06574000
1756566000000,108662.00000000,108926.15000000,108551.08000000,108869.98000000,346.17102000
1756569600000,108869.98000000,108879.96000000,108665.63000000,108815.72000000,286.49152000
1756573200000,108815.72000000,108898.17000000,108625.46000000,108784.71000000,163.33936000
1756576800000,108784.71000000,108839.13000000,108629.28000000,108739.72000000,109.15999000
1756580400000,108739.72000000,108900.00000000,108650.00000000,108828.33000000,118.59542000
1756584000000,108828.32000000,108838.27000000,108580.93000000,108648.00000000,168.45642000
1756587600000,108648.00000000,108682.81000000,108500.00000000,108588.67000000,162.11994000
1756591200000,108588.67000000,108595.90000000,108468.77000000,108531.12000000,159.37321000
1756594800000,108531.13000000,108816.34000000,108530.15000000,108816.33000000,286.89952000
1756598400000,108816.33000000,109400.00000000,108801.35000000,109389.08000000,767.94031000
1756602000000,109389.09000000,109480.02000000,109141.60000000,109429.01000000,456.69292000
1756605600000,109429.02000000,109439.54000000,109171.97000000,109224.87000000,227.48673000
1756609200000,109224.88000000,109378.93000000,109160.05000000,109223.84000000,304.71150000
1756612800000,109223.84000000,109231.41000000,108666.93000000,108816.32000000,409.65172000
1756616400000,108816.33000000,108816.33000000,108572.00000000,108756.85000000,297.82501000
1756620000000,108756.85000000,108778.27000000,108523.49000000,108716.65000000,209.89685000
1756623600000,108716.65000000,108829.17000000,108670.00000000,108708.26000000,259.88571000
1756627200000,108708.25000000,109030.51000000,108708.25000000,109011.67000000,217.73644000
1756630800000,109011.67000000,109100.00000000,108447.60000000,108507.68000000,344.54949000
1756634400000,108507.68000000,108628.63000000,108303.21000000,108560.23000000,639.93429000
1756638000000,108560.23000000,108597.19000000,108323.73000000,108389.76000000,388.67440000
1756641600000,108389.77000000,108486.13000000,108307.69000000,108309.20000000,637.73664000
1756645200000,108309.21000000,108451.45000000,108191.29000000,108418.02000000,675.04582000
1756648800000,108418.02000000,108515.68000000,108255.43000000,108467.33000000,482.56215000
1756652400000,108467.32000000,108858.43000000,108462.60000000,108818.69000000,646.54444000
1756656000000,108818.69000000,108978.00000000,108555.00000000,108922.79000000,566.18074000
1756659600000,108922.79000000,108993.88000000,108852.89000000,108993.87000000,242.11190000
1756663200000,108993.88000000,109237.51000000,108927.50000000,109146.62000000,264.16429000
1756666800000,109146.62000000,109167.84000000,108916.28000000,108930.00000000,160.04622000
1756670400000,108930.00000000,109118.00000000,108880.00000000,109117.99000000,190.53944000
1756674000000,109118.00000000,109118.00000000,108957.12000000,109037.29000000,156.22084000
1756677600000,109037.30000000,109230.00000000,108758.37000000,108900.46000000,245.89578000
1756681200000,108900.45000000,108917.36000000,108076.93000000,108246.35000000,697.48233000
1756684800000,108246.36000000,108406.18000000,107631.68000000,108222.37000000,1078.82210000
1756688400000,108222.37000000,108482.98000000,107968.09000000,108150.24000000,471.21562000
1756692000000,108150.24000000,108197.67000000,107425.42000000,107617.05000000,869.81682000
1756695600000,107617.05000000,107769.94000000,107393.00000000,107660.01000000,786.48643000
1756699200000,107660.00000000,107759.99000000,107279.51000000,107409.10000000,645.82838000
1756702800000,107409.09000000,107987.40000000,107255.00000000,107866.12000000,547.79285000
1756706400000,107866.13000000,108128.00000000,107594.42000000,108064.75000000,384.59049000
1756710000000,108064.76000000,109432.99000000,107984.79000000,109432.99000000,1325.96108000
1756713600000,109432.99000000,109820.02000000,109424.00000000,109590.00000000,1103.75653000
1756717200000,109590.00000000,109912.40000000,109485.57000000,109524.12000000,513.50327000
1756720800000,109524.13000000,109535.32000000,108186.41000000,108571.41000000,948.82778000
1756724400000,108571.42000000,108857.35000000,108464.00000000,108782.88000000,545.20367000
1756728000000,108782.89000000,109165.47000000,108635.39000000,109108.27000000,636.34520000
1756731600000,109108.27000000,109520.00000000,108936.44000000,109023.61000000,725.12306000
1756735200000,109023.61000000,109332.28000000,108824.82000000,109146.60000000,490.85432000
1756738800000,109146.59000000,109373.10000000,108566.00000000,108784.33000000,414.02255000
1756742400000,108784.33000000,109096.00000000,108653.09000000,108774.23000000,374.40601000
1756746000000,108774.23000000,108953.82000000,108391.30000000,108927.61000000,570.88854000
1756749600000,108927.61000000,109267.22000000,108921.17000000,109240.00000000,346.10668000
1756753200000,109240.00000000,109329.65000000,109160.27000000,109217.64000000,261.74926000
1756756800000,109217.65000000,109217.65000000,108284.00000000,108877.38000000,873.53022000
1756760400000,108877.39000000,108939.42000000,107459.49000000,107800.80000000,917.91242000
1756764000000,107800.80000000,108500.04000000,107588.01000000,108444.96000000,517.76894000
1756767600000,108444.96000000,109442.95000000,108428.45000000,109237.42000000,703.08997000
1756771200000,109237.43000000,109337.64000000,108883.80000000,109040.36000000,552.10707000
1756774800000,109040.36000000,109611.11000000,108993.00000000,109313.00000000,616.57671000
1756778400000,109313.00000000,110272.06000000,109171.78000000,110246.01000000,1081.14032000
1756782000000,110246.00000000,110623.97000000,110060.12000000,110322.18000000,916.19598000
1756785600000,110322.19000000,110420.00000000,110143.62000000,110310.56000000,492.48149000
1756789200000,110310.56000000,110337.06000000,110045.01000000,110209.32000000,359.35463000
1756792800000,110209.33000000,110610.50000000,110173.96000000,110376.63000000,596.39606000
1756796400000,110376.63000000,110400.00000000,110000.00000000,110233.92000000,504.48390000
1756800000000,110233.91000000,110711.10000000,110052.27000000,110360.00000000,557.03627000
1756803600000,110360.01000000,110699.58000000,110256.94000000,110450.56000000,476.55196000
1756807200000,110450.56000000,110477.85000000,110128.13000000,110246.00000000,410.87869000
1756810800000,110246.00000000,110255.17000000,109563.87000000,109733.34000000,1017.54899000
1756814400000,109733.33000000,109836.34000000,108393.39000000,108795.99000000,1297.32717000
1756818000000,108796.00000000,111275.93000000,108733.88000000,111149.99000000,2481.20870000
1756821600000,111149.99000000,111771.52000000,110780.61000000,111360.01000000,1925.30316000
1756825200000,111360.00000000,111540.30000000,110628.85000000,110829.17000000,1065.05414000
1756828800000,110829.16000000,111119.58000000,110469.70000000,110785.85000000,928.68032000
1756832400000,110785.85000000,111050.00000000,110628.85000000,110914.00000000,702.01172000
1756836000000,110914.01000000,110945.30000000,110200.00000000,110646.47000000,506.68111000
1756839600000,110646.47000000,110840.00000000,110441.42000000,110806.00000000,447.85722000
1756843200000,110806.01000000,111419.18000000,110716.77000000,111418.49000000,585.42846000
1756846800000,111418.49000000,111538.17000000,111129.57000000,111129.57000000,356.26128000
1756850400000,111129.58000000,111260.00000000,110870.27000000,111259.99000000,374.87092000
1756854000000,111260.00000000,111271.13000000,111017.79000000,111240.01000000,258.85129000
1756857600000,111240.01000000,111782.21000000,111240.01000000,111339.98000000,992.20281000
1756861200000,111339.98000000,111404.77000000,110901.06000000,111176.94000000,454.81663000
1756864800000,111176.93000000,111484.05000000,111029.43000000,111372.00000000,424.89931000
1756868400000,111372.00000000,111411.24000000,110892.14000000,111054.01000000,391.69818000
1756872000000,111054.00000000,111151.99000000,110836.48000000,111020.68000000,269.26802000
1756875600000,111020.68000000,111069.48000000,110666.00000000,110685.57000000,327.14961000
1756879200000,110685.57000000,110879.89000000,110549.80000000,110724.00000000,505.96638000
1756882800000,110724.00000000,111111.11000000,110528.71000000,111099.88000000,437.31572000
1756886400000,111099.87000000,111279.48000000,110974.00000000,111019.99000000,365.12571000
1756890000000,111019.99000000,111324.00000000,110889.29000000,111312.28000000,314.98009000
1756893600000,111312.28000000,111491.74000000,111170.06000000,111449.99000000,377.12634000
1756897200000,111450.00000000,111708.00000000,111388.24000000,111437.77000000,457.60494000
1756900800000,111437.77000000,111858.57000000,111031.61000000,111112.00000000,440.11635000
1756904400000,111112.00000000,111920.70000000,111065.56000000,111475.07000000,862.57140000
1756908000000,111475.08000000,112500.00000000,111118.43000000,112261.37000000,1480.64380000
1756911600000,112261.37000000,112376.70000000,111910.24000000,112222.74000000,766.67332000
1756915200000,112222.73000000,112336.00000000,111686.24000000,111858.66000000,604.19676000
1756918800000,111858.65000000,112575.27000000,111858.65000000,112312.64000000,574.69857000
1756922400000,112312.64000000,112516.35000000,111800.00000000,112000.00000000,465.80305000
1756926000000,112000.00000000,112252.33000000,111781.63000000,112193.74000000,312.61035000
1756929600000,112193.74000000,112250.00000000,112052.10000000,112211.31000000,229.15863000
1756933200000,112211.30000000,112250.00000000,111759.50000000,111989.67000000,182.28806000
1756936800000,111989.68000000,112150.00000000,111839.86000000,111947.48000000,177.73464000
1756940400000,111947.47000000,111980.00000000,111613.98000000,111705.71000000,359.07217000
1756944000000,111705.72000000,112180.00000000,111619.86000000,112065.61000000,343.42623000
1756947600000,112065.60000000,112080.00000000,111641.63000000,111947.48000000,251.77157000
1756951200000,111947.48000000,111980.01000000,111406.79000000,111450.15000000,359.69532000
1756954800000,111450.16000000,111728.57000000,111136.00000000,111148.97000000,529.86591000
1756958400000,111148.97000000,111318.84000000,110917.45000000,110917.45000000,332.73027000
1756962000000,110917.46000000,110922.40000000,110569.36000000,110653.07000000,1163.68375000
1756965600000,110653.08000000,110729.00000000,110279.68000000,110393.95000000,439.75314000
1756969200000,110393.95000000,110642.19000000,110343.72000000,110463.36000000,357.56088000
1756972800000,110463.36000000,110858.60000000,110415.72000000,110640.97000000,335.90557000
1756976400000,110640.96000000,110856.63000000,110640.96000000,110815.04000000,215.23378000
1756980000000,110815.05000000,111154.93000000,110628.85000000,110628.86000000,318.57504000
1756983600000,110628.86000000,111054.69000000,110546.48000000,110810.00000000,381.28687000
1756987200000,110810.00000000,111123.99000000,110532.73000000,110933.94000000,432.19177000
1756990800000,110933.94000000,110970.00000000,110217.13000000,110464.00000000,602.35130000
1756994400000,110463.99000000,110523.98000000,109705.48000000,109842.01000000,1107.22942000
1756998000000,109842.01000000,109862.94000000,109329.12000000,109510.31000000,916.17813000
1757001600000,109510.32000000,109688.00000000,109363.26000000,109438.34000000,640.73994000
1757005200000,109438.35000000,109914.01000000,109428.98000000,109786.48000000,495.50168000
1757008800000,109786.48000000,110218.39000000,109699.15000000,109977.00000000,620.57193000
1757012400000,109977.00000000,110113.19000000,109713.31000000,109799.99000000,367.82140000
1757016000000,109800.00000000,110409.46000000,109755.59000000,110408.02000000,396.63364000
1757019600000,110408.01000000,110545.44000000,110328.96000000,110500.00000000,176.70046000
1757023200000,110500.01000000,111588.66000000,110484.95000000,111490.73000000,669.83836000
1757026800000,111490.74000000,111765.31000000,110605.72000000,110730.87000000,747.88900000
1757030400000,110730.87000000,110929.30000000,110435.75000000,110451.62000000,457.22173000
1757034000000,110451.63000000,111136.00000000,110451.63000000,111121.51000000,336.74632000
1757037600000,111121.51000000,111482.09000000,111040.79000000,111340.65000000,606.85268000
1757041200000,111340.64000000,111340.65000000,111096.67000000,111311.77000000,264.75507000
1757044800000,111311.78000000,111468.20000000,111144.51000000,111445.00000000,785.66095000
1757048400000,111445.00000000,111710.49000000,111407.57000000,111574.50000000,365.92368000
1757052000000,111574.51000000,111914.53000000,111501.94000000,111911.99000000,435.99084000
1757055600000,111912.00000000,112999.00000000,111883.49000000,112954.32000000,1893.59984000
1757059200000,112954.32000000,112985.00000000,112605.37000000,112618.51000000,612.54610000
1757062800000,112618.51000000,112619.98000000,112131.02000000,112303.87000000,672.38321000
1757066400000,112303.87000000,112571.90000000,112191.40000000,112256.36000000,401.39645000
1757070000000,112256.36000000,112439.36000000,112138.15000000,112354.00000000,270.50308000
1757073600000,112354.00000000,113384.62000000,112040.00000000,113214.78000000,2902.04978000
1757077200000,113214.78000000,113310.01000000,112706.71000000,113084.16000000,2093.90932000
1757080800000,113084.16000000,113084.16000000,110487.65000000,110569.99000000,3593.87866000
1757084400000,110569.99000000,111017.80000000,110286.91000000,110716.82000000,1216.05211000
1757088000000,110716.82000000,110929.30000000,110537.99000000,110815.40000000,450.76892000
1757091600000,110815.40000000,110815.40000000,110206.96000000,110608.18000000,561.64147000
1757095200000,110608.19000000,111285.35000000,110569.43000000,111198.78000000,518.32708000
1757098800000,111198.77000000,111627.51000000,111125.80000000,111614.54000000,636.35672000
1757102400000,111614.54000000,111679.79000000,111299.98000000,111630.30000000,588.97794000
1757106000000,111630.31000000,111700.00000000,110375.60000000,110605.01000000,1465.95586000
1757109600000,110605.01000000,110917.46000000,110500.00000000,110800.00000000,278.07558000
1757113200000,110800.01000000,110859.49000000,110594.79000000,110659.99000000,177.83549000
1757116800000,110660.00000000,110833.32000000,110552.56000000,110779.70000000,235.00101000
1757120400000,110779.70000000,110917.46000000,110744.08000000,110867.70000000,186.31454000
1757124000000,110867.71000000,111216.25000000,110733.11000000,111216.15000000,184.10167000
1757127600000,111216.14000000,111307.70000000,111000.12000000,111082.22000000,194.76496000
1757131200000,111082.23000000,111082.23000000,110783.70000000,110876.12000000,353.63220000
1757134800000,110876.12000000,110876.13000000,110687.69000000,110714.00000000,151.66886000
1757138400000,110714.00000000,110817.11000000,110714.00000000,110752.83000000,96.24087000
1757142000000,110752.84000000,110829.15000000,110750.64000000,110825.60000000,86.44213000
1757145600000,110825.59000000,110968.00000000,110774.46000000,110952.76000000,91.10955000
1757149200000,110952.77000000,110952.77000000,110693.86000000,110695.06000000,193.74674000
1757152800000,110695.06000000,110804.62000000,110677.30000000,110773.62000000,157.49749000
1757156400000,110773.62000000,110868.80000000,110675.58000000,110781.02000000,179.54833000
1757160000000,110781.03000000,110898.70000000,110753.97000000,110832.58000000,158.76991000
1757163600000,110832.59000000,110947.91000000,110822.00000000,110936.82000000,154.65819000
1757167200000,110936.82000000,110999.83000000,110781.96000000,110807.77000000,144.71630000
1757170800000,110807.78000000,110840.00000000,110358.11000000,110384.15000000,427.86502000
1757174400000,110384.16000000,110402.00000000,109977.00000000,110267.99000000,876.95944000
1757178000000,110267.99000000,110275.50000000,110000.00000000,110157.41000000,202.20870000
1757181600000,110157.41000000,110285.65000000,110056.29000000,110228.00000000,160.96245000
1757185200000,110228.01000000,110260.00000000,110000.00000000,110038.41000000,151.53000000
1757188800000,110038.42000000,110167.01000000,110034.44000000,110167.00000000,140.09020000
1757192400000,110167.01000000,110215.03000000,110093.14000000,110201.00000000,168.43512000
1757196000000,110200.99000000,110238.12000000,110074.95000000,110170.55000000,159.17265000
1757199600000,110170.54000000,110282.82000000,110113.96000000,110187.97000000,144.86264000
1757203200000,110187.98000000,110367.37000000,110180.00000000,110356.75000000,274.12078000
1757206800000,110356.74000000,110587.86000000,110332.81000000,110546.66000000,251.76683000
1757210400000,110546.66000000,110692.52000000,110444.43000000,110666.24000000,231.20078000
1757214000000,110666.24000000,110733.12000000,110596.71000000,110629.15000000,191.54953000
1757217600000,110629.15000000,110638.00000000,110489.96000000,110557.76000000,140.43398000
1757221200000,110557.77000000,110699.00000000,110557.76000000,110649.44000000,163.57402000
1757224800000,110649.45000000,110665.35000000,110472.33000000,110504.15000000,195.71662000
1757228400000,110504.14000000,110911.42000000,110463.10000000,110753.42000000,373.02249000
1757232000000,110753.41000000,111377.19000000,110720.01000000,111071.25000000,524.25884000
1757235600000,111071.25000000,111248.20000000,110876.88000000,111115.98000000,305.63775000
1757239200000,111115.99000000,111237.97000000,111041.87000000,111225.02000000,152.81384000
1757242800000,111225.03000000,111292.13000000,111189.75000000,111292.13000000,231.70263000
1757246400000,111292.12000000,111292.13000000,111073.17000000,111115.92000000,171.89870000
1757250000000,111115.92000000,111231.60000000,111042.60000000,111214.62000000,159.77105000
1757253600000,111214.63000000,111412.00000000,111059.57000000,111145.59000000,337.64277000
1757257200000,111145.59000000,111373.43000000,111120.56000000,111329.99000000,168.21133000
1757260800000,111329.99000000,111371.35000000,111152.15000000,111202.02000000,223.90897000
1757264400000,111202.02000000,111237.86000000,110888.07000000,110962.83000000,326.82203000
1757268000000,110962.84000000,111063.00000000,110861.20000000,111053.76000000,219.80123000
1757271600000,111053.77000000,111293.99000000,111049.05000000,111259.99000000,169.95303000
1757275200000,111259.99000000,111371.26000000,111147.25000000,111330.30000000,178.99404000
1757278800000,111330.31000000,111330.31000000,111050.14000000,111050.14000000,82.99122000
1757282400000,111050.14000000,111364.40000000,111001.45000000,111250.01000000,270.95197000
1757286000000,111250.01000000,111600.00000000,111076.92000000,111137.34000000,334.55501000
1757289600000,111137.35000000,111293.26000000,110733.71000000,110837.96000000,553.54548000
1757293200000,110837.95000000,110994.58000000,110731.71000000,110890.57000000,352.25138000
1757296800000,110890.58000000,111372.00000000,110621.78000000,111240.00000000,364.10880000
1757300400000,111239.99000000,111349.24000000,111026.91000000,111052.11000000,431.56519000
1757304000000,111052.11000000,111218.49000000,110929.30000000,110979.35000000,318.48361000
1757307600000,110979.35000000,111061.05000000,110899.69000000,111027.16000000,189.25665000
1757311200000,111027.15000000,111197.86000000,110917.45000000,111113.26000000,156.58167000
1757314800000,111113.26000000,111609.04000000,111113.25000000,111280.39000000,665.80320000
1757318400000,111280.40000000,111910.48000000,111252.90000000,111684.25000000,867.09200000
1757322000000,111684.26000000,112095.00000000,111591.06000000,112094.99000000,695.25367000
1757325600000,112094.99000000,112186.98000000,111920.89000000,112048.00000000,648.82485000
1757329200000,112048.00000000,112121.59000000,111754.31000000,112052.43000000,512.51734000
1757332800000,112052.43000000,112153.90000000,111934.24000000,112034.51000000,293.01193000
1757336400000,112034.50000000,112370.30000000,111877.64000000,111906.55000000,1120.28751000
1757340000000,111906.56000000,112779.50000000,111888.00000000,112645.05000000,989.95574000
1757343600000,112645.06000000,112924.37000000,112526.61000000,112631.75000000,614.96830000
1757347200000,112631.74000000,112670.06000000,112293.18000000,112398.00000000,493.93324000
1757350800000,112398.01000000,112531.60000000,112075.20000000,112214.40000000,461.27895000
1757354400000,112214.41000000,112515.59000000,112184.97000000,112477.01000000,296.32443000
1757358000000,112477.01000000,112477.01000000,111978.67000000,112097.31000000,430.27796000
1757361600000,112097.31000000,112153.07000000,111896.00000000,111958.04000000,288.87626000
1757365200000,111958.04000000,112331.32000000,111930.73000000,112326.45000000,273.54370000
1757368800000,112326.45000000,112512.71000000,112210.91000000,112236.71000000,274.21823000
1757372400000,112236.71000000,112305.03000000,111989.00000000,112065.23000000,290.44202000
1757376000000,112065.23000000,112104.41000000,111459.87000000,111650.03000000,720.48199000
1757379600000,111650.03000000,111748.54000000,111258.30000000,111364.73000000,520.52157000
1757383200000,111364.73000000,111442.95000000,111111.00000000,111330.71000000,536.02045000
1757386800000,111330.72000000,111740.61000000,111234.16000000,111708.00000000,314.74637000
1757390400000,111708.01000000,112110.99000000,111624.12000000,112024.01000000,548.42419000
1757394000000,112024.01000000,112248.84000000,111851.52000000,112200.00000000,298.70562000
1757397600000,112200.01000000,113156.65000000,112151.16000000,113022.61000000,1080.72151000
1757401200000,113022.62000000,113293.29000000,112753.61000000,112991.11000000,978.74308000
1757404800000,112991.11000000,113176.51000000,112886.93000000,112992.69000000,524.35168000
1757408400000,112992.69000000,113057.99000000,112900.00000000,112966.54000000,367.43684000
1757412000000,112966.54000000,113040.00000000,112635.38000000,112732.62000000,631.93421000
1757415600000,112732.62000000,112800.00000000,112403.91000000,112433.59000000,325.19749000
1757419200000,112433.59000000,112824.00000000,112393.40000000,112671.76000000,397.08345000
1757422800000,112671.76000000,112932.18000000,112470.18000000,112760.58000000,656.61339000
1757426400000,112760.58000000,112950.00000000,111511.11000000,111767.45000000,1958.50565000
1757430000000,111767.45000000,111847.23000000,110766.66000000,110880.76000000,1649.92992000
1757433600000,110880.76000000,111148.17000000,110788.00000000,110975.99000000,808.62492000
1757437200000,110975.99000000,111193.39000000,110898.28000000,111025.44000000,539.75817000
1757440800000,111025.43000000,111298.16000000,110900.02000000,111131.92000000,495.62040000
1757444400000,111131.92000000,111388.04000000,111124.17000000,111301.53000000,277.49178000
1757448000000,111301.53000000,111530.16000000,111090.07000000,111530.16000000,761.02989000
1757451600000,111530.15000000,111745.69000000,111270.75000000,111299.61000000,463.86358000
1757455200000,111299.61000000,111630.31000000,111266.11000000,111556.16000000,207.57487000
1757458800000,111556.15000000,111583.81000000,111362.94000000,111546.39000000,315.90146000
1757462400000,111546.38000000,111572.57000000,110942.33000000,111010.46000000,490.88671000
1757466000000,111010.47000000,111224.53000000,110917.45000000,111005.64000000,419.72999000
1757469600000,111005.63000000,111551.04000000,111005.63000000,111411.13000000,492.50873000
1757473200000,111411.13000000,111586.26000000,111372.08000000,111545.88000000,263.91729000
1757476800000,111545.88000000,111647.38000000,111410.83000000,111520.43000000,304.12835000
1757480400000,111520.43000000,111729.65000000,111372.42000000,111577.31000000,436.99878000
1757484000000,111577.31000000,111969.57000000,111396.08000000,111792.33000000,503.80753000
1757487600000,111792.34000000,112602.35000000,111760.69000000,112553.65000000,1232.32394000
1757491200000,112553.65000000,112859.80000000,112336.28000000,112370.08000000,1005.38091000
1757494800000,112370.07000000,112428.29000000,112097.20000000,112274.29000000,619.63175000
1757498400000,112274.29000000,112422.63000000,112199.19000000,112270.01000000,532.10538000
1757502000000,112270.00000000,112409.49000000,112148.49000000,112299.99000000,422.47932000
1757505600000,112300.00000000,113550.14000000,112299.99000000,113413.51000000,2800.76749000
1757509200000,113413.50000000,114313.13000000,113384.61000000,113952.00000000,2112.22655000
1757512800000,113951.99000000,114295.63000000,113802.14000000,113899.99000000,1035.28455000
1757516400000,113900.00000000,114095.66000000,113723.21000000,113853.99000000,682.44215000
1757520000000,113853.99000000,113936.99000000,113553.74000000,113759.89000000,577.39326000
1757523600000,113759.88000000,114074.46000000,113415.20000000,113738.01000000,617.65367000
1757527200000,113738.01000000,113896.94000000,113347.39000000,113584.85000000,688.96812000
1757530800000,113584.84000000,113617.09000000,113155.03000000,113574.52000000,744.45366000
1757534400000,113574.53000000,113900.00000000,113553.26000000,113566.39000000,611.07657000
1757538000000,113566.40000000,113845.18000000,113528.01000000,113842.53000000,256.17247000
1757541600000,113842.54000000,113992.39000000,113713.63000000,113881.20000000,264.24584000
1757545200000,113881.21000000,114025.78000000,113788.00000000,113960.00000000,402.83522000
1757548800000,113960.00000000,114008.87000000,113669.82000000,113885.70000000,432.57350000
1757552400000,113885.70000000,114176.66000000,113831.33000000,113903.23000000,380.81020000
1757556000000,113903.23000000,113953.99000000,113716.00000000,113819.02000000,230.50973000
1757559600000,113819.02000000,114434.23000000,113819.01000000,114400.01000000,552.73536000
1757563200000,114400.01000000,114400.01000000,114071.81000000,114158.29000000,489.30630000
1757566800000,114158.29000000,114348.52000000,113966.46000000,114266.00000000,589.97492000
1757570400000,114266.00000000,114459.65000000,114076.92000000,114324.64000000,409.80916000
1757574000000,114324.65000000,114326.52000000,113957.20000000,114083.58000000,465.05247000
1757577600000,114083.58000000,114200.00000000,113972.00000000,114049.39000000,307.55276000
1757581200000,114049.39000000,114075.11000000,113776.00000000,113895.29000000,430.23419000
1757584800000,113895.30000000,114119.40000000,113891.45000000,114062.32000000,373.92428000
1757588400000,114062.31000000,114112.00000000,113887.98000000,113999.99000000,400.89210000
1757592000000,113999.99000000,114500.00000000,113500.00000000,113975.99000000,2372.15470000
1757595600000,113975.99000000,114715.02000000,113430.00000000,114628.08000000,1458.85001000
1757599200000,114630.06000000,114667.45000000,113927.60000000,114463.73000000,759.30317000
1757602800000,114463.73000000,114699.25000000,113996.19000000,114180.31000000,553.38549000
1757606400000,114180.32000000,114588.98000000,114180.31000000,114487.53000000,300.34694000
1757610000000,114487.53000000,114593.29000000,114328.52000000,114589.84000000,372.57383000
1757613600000,114589.84000000,114605.54000000,114102.00000000,114312.35000000,416.47348000
1757617200000,114312.35000000,114525.00000000,114182.04000000,114419.99000000,348.31986000
1757620800000,114420.00000000,114487.53000000,114246.04000000,114395.99000000,308.36329000
1757624400000,114395.98000000,114517.60000000,114395.98000000,114482.69000000,190.78211000
1757628000000,114482.70000000,115266.45000000,114435.63000000,115084.00000000,1104.63013000
1757631600000,115084.01000000,115488.09000000,115084.00000000,115482.69000000,428.17321000
1757635200000,115482.69000000,116331.81000000,115420.87000000,115840.69000000,1835.12528000
1757638800000,115840.69000000,116016.91000000,115371.13000000,115377.29000000,774.94414000
1757642400000,115377.29000000,115663.05000000,115256.64000000,115391.00000000,535.95115000
1757646000000,115391.00000000,115429.46000000,115045.45000000,115194.14000000,556.98098000
1757649600000,115194.14000000,115509.65000000,115086.82000000,115359.99000000,435.01083000
1757653200000,115360.00000000,115656.87000000,115320.27000000,115612.84000000,397.97519000
1757656800000,115612.84000000,115612.85000000,115260.38000000,115318.00000000,301.68688000
1757660400000,115318.01000000,115405.79000000,115086.70000000,115086.70000000,495.74469000
1757664000000,115086.70000000,115273.12000000,114950.00000000,115048.00000000,931.11012000
1757667600000,115047.99000000,115127.05000000,114888.01000000,115048.01000000,372.62834000
1757671200000,115048.00000000,115093.49000000,114926.42000000,114980.85000000,227.81735000
1757674800000,114980.84000000,115148.00000000,114901.03000000,114913.45000000,427.23394000
1757678400000,114913.45000000,115172.57000000,114740.99000000,115083.97000000,620.57400000
1757682000000,115083.98000000,115214.29000000,114822.77000000,115166.45000000,371.74126000
1757685600000,115166.46000000,115500.95000000,114865.30000000,115260.00000000,719.98267000
1757689200000,115260.00000000,115294.10000000,114939.53000000,115121.18000000,329.84108000
1757692800000,115121.18000000,115514.77000000,115030.30000000,115495.56000000,536.60395000
1757696400000,115495.56000000,115939.39000000,115395.66000000,115815.16000000,944.10930000
1757700000000,115815.16000000,116495.00000000,115769.88000000,116486.18000000,1014.39133000
1757703600000,116486.19000000,116665.63000000,116238.64000000,116632.51000000,1368.73979000
1757707200000,116632.51000000,116632.51000000,115974.00000000,116157.33000000,898.27059000
1757710800000,116157.34000000,116157.34000000,115752.68000000,115865.89000000,385.45605000
1757714400000,115865.89000000,116360.43000000,115865.89000000,116027.46000000,494.01734000
1757718000000,116027.46000000,116161.37000000,115929.06000000,116029.42000000,348.17094000
1757721600000,116029.41000000,116298.78000000,115959.59000000,116209.32000000,476.47907000
1757725200000,116209.32000000,116275.81000000,115576.26000000,115764.30000000,632.36146000
1757728800000,115764.30000000,115991.29000000,115686.47000000,115886.17000000,322.19761000
1757732400000,115886.16000000,116012.91000000,115837.98000000,115957.00000000,823.27412000
1757736000000,115957.00000000,115957.01000000,115685.60000000,115698.40000000,314.62389000
1757739600000,115698.40000000,115845.46000000,115657.81000000,115704.04000000,253.61230000
1757743200000,115704.03000000,115802.16000000,115662.20000000,115749.99000000,251.18163000
1757746800000,115750.00000000,115855.89000000,115702.39000000,115778.71000000,242.78688000
1757750400000,115778.72000000,116056.17000000,115767.33000000,115978.01000000,351.87471000
1757754000000,115978.01000000,116038.14000000,115871.26000000,116035.33000000,294.98775000
1757757600000,116035.32000000,116166.71000000,115916.41000000,115937.99000000,318.28855000
1757761200000,115937.99000000,116005.82000000,115888.00000000,115974.11000000,263.75402000
1757764800000,115974.11000000,116060.00000000,115872.82000000,116002.91000000,204.03439000
1757768400000,116002.91000000,116002.91000000,115621.65000000,115761.05000000,440.12472000
1757772000000,115761.06000000,115950.00000000,115603.98000000,115797.68000000,438.72685000
1757775600000,115797.67000000,115924.60000000,115619.57000000,115768.68000000,290.44971000
1757779200000,115768.68000000,115817.37000000,115127.27000000,115334.00000000,700.81830000
1757782800000,115333.99000000,115587.49000000,115180.00000000,115571.78000000,465.25625000
1757786400000,115571.79000000,115653.26000000,115433.09000000,115633.92000000,160.49564000
1757790000000,115633.91000000,115800.88000000,115570.78000000,115797.12000000,263.39165000
1757793600000,115797.12000000,115991.29000000,115797.11000000,115905.88000000,220.70474000
1757797200000,115905.88000000,115972.52000000,115839.98000000,115895.39000000,234.38734000
1757800800000,115895.40000000,115944.64000000,115809.90000000,115871.58000000,159.45156000
1757804400000,115871.58000000,115979.99000000,115861.39000000,115918.29000000,146.14080000
1757808000000,115918.29000000,116000.00000000,115815.13000000,115935.60000000,153.28277000
1757811600000,115935.61000000,115990.20000000,115744.67000000,115962.93000000,185.94891000
1757815200000,115962.92000000,116109.00000000,115750.00000000,115852.95000000,267.49819000
1757818800000,115852.95000000,115869.99000000,115651.99000000,115679.98000000,272.91216000
1757822400000,115679.99000000,115768.00000000,115449.59000000,115750.99000000,247.86689000
1757826000000,115751.00000000,115924.69000000,115735.58000000,115860.01000000,258.07375000
1757829600000,115860.01000000,115936.00000000,115693.95000000,115734.23000000,196.84102000
1757833200000,115734.24000000,115838.41000000,115734.23000000,115805.39000000,212.00183000
1757836800000,115805.39000000,115983.02000000,115759.44000000,115933.40000000,137.30583000
1757840400000,115933.40000000,116165.19000000,115905.88000000,116052.09000000,271.65824000
1757844000000,116052.10000000,116132.85000000,115955.57000000,116027.26000000,156.38468000
1757847600000,116027.25000000,116100.00000000,115748.78000000,115794.91000000,275.05839000
1757851200000,115794.92000000,115878.49000000,115662.62000000,115776.31000000,316.97870000
1757854800000,115776.31000000,115776.32000000,115217.01000000,115348.10000000,617.50773000
1757858400000,115348.10000000,115691.04000000,115141.80000000,115401.75000000,750.31099000
1757862000000,115401.75000000,115419.10000000,115200.40000000,115224.01000000,351.71527000
1757865600000,115224.01000000,115540.00000000,115193.90000000,115480.00000000,284.25459000
1757869200000,115480.00000000,115657.50000000,115413.46000000,115557.65000000,290.60711000
1757872800000,115557.65000000,115557.66000000,115375.05000000,115388.21000000,161.60603000
1757876400000,115388.21000000,115635.00000000,115330.99000000,115634.99000000,132.66154000
1757880000000,115634.99000000,115851.26000000,115634.99000000,115802.16000000,116.11592000
1757883600000,115802.16000000,116087.35000000,115607.99000000,116058.88000000,349.40859000
1757887200000,116059.48000000,116076.89000000,115810.22000000,116009.61000000,262.34337000
1757890800000,116009.62000000,116009.62000000,115135.00000000,115268.01000000,439.25947000
1757894400000,115268.01000000,115276.49000000,114972.29000000,115071.32000000,521.11024000
1757898000000,115071.32000000,115283.50000000,114825.00000000,115231.69000000,362.37165000
1757901600000,115231.69000000,115443.29000000,115214.55000000,115362.35000000,184.52455000
1757905200000,115362.35000000,115594.90000000,115347.91000000,115445.45000000,223.49300000
1757908800000,115445.46000000,116168.26000000,115400.00000000,116058.01000000,698.45937000
1757912400000,116058.01000000,116583.47000000,116019.05000000,116520.00000000,781.40763000
1757916000000,116519.13000000,116757.99000000,116043.01000000,116129.99000000,559.85108000
1757919600000,116130.00000000,116400.00000000,115626.96000000,115806.62000000,605.73350000
1757923200000,115806.62000000,115806.62000000,114709.18000000,114737.27000000,1325.86164000
1757926800000,114737.28000000,115188.00000000,114625.87000000,114868.59000000,1072.97754000
1757930400000,114868.60000000,114954.83000000,114720.69000000,114769.04000000,532.63649000
1757934000000,114769.03000000,115195.86000000,114740.97000000,115070.00000000,565.80309000
1757937600000,115070.01000000,115074.51000000,114671.75000000,114721.04000000,599.02223000
1757941200000,114721.03000000,115099.00000000,114384.00000000,114664.08000000,1056.42151000
1757944800000,114664.07000000,115029.81000000,114450.28000000,114679.56000000,775.27929000
1757948400000,114679.55000000,114909.40000000,114404.43000000,114842.90000000,564.69333000
1757952000000,114842.90000000,114922.59000000,114600.00000000,114662.57000000,364.30154000
1757955600000,114662.58000000,115130.00000000,114600.00000000,115120.03000000,284.01648000
1757959200000,115120.02000000,115360.54000000,114904.16000000,115307.79000000,538.96072000
1757962800000,115307.79000000,115570.00000000,114975.66000000,115307.78000000,685.41151000
1757966400000,115307.78000000,115515.41000000,115200.07000000,115379.99000000,325.59706000
1757970000000,115380.00000000,115538.55000000,115283.49000000,115528.00000000,170.93694000
1757973600000,115528.00000000,115605.07000000,115221.68000000,115288.01000000,235.69782000
1757977200000,115288.01000000,115476.00000000,115232.58000000,115349.71000000,177.94328000
1757980800000,115349.71000000,115349.71000000,114945.01000000,115088.66000000,244.26086000
1757984400000,115088.66000000,115520.00000000,115008.69000000,115024.24000000,232.34980000
1757988000000,115024.24000000,115227.51000000,115024.23000000,115034.47000000,151.83383000
1757991600000,115034.48000000,115426.49000000,115034.44000000,115307.25000000,236.03187000
1757995200000,115307.26000000,115560.01000000,114930.00000000,115503.01000000,446.01382000
1757998800000,115503.02000000,115957.23000000,115454.30000000,115936.65000000,685.43114000
1758002400000,115936.65000000,116009.62000000,115591.57000000,115770.35000000,449.53079000
1758006000000,115770.36000000,115886.17000000,115724.41000000,115840.00000000,319.02367000
1758009600000,115839.99000000,115981.17000000,115526.50000000,115658.76000000,463.00777000
1758013200000,115658.76000000,115720.00000000,115443.65000000,115477.27000000,286.71309000
1758016800000,115477.28000000,115590.49000000,115372.35000000,115372.46000000,292.61330000
1758020400000,115372.47000000,115431.52000000,115206.15000000,115287.83000000,303.19825000
1758024000000,115287.84000000,115460.20000000,115287.38000000,115439.36000000,296.84884000
1758027600000,115439.36000000,115558.06000000,114737.11000000,115200.00000000,1064.59506000
1758031200000,115200.00000000,115306.71000000,114811.00000000,115296.86000000,607.41382000
1758034800000,115296.86000000,115905.89000000,115010.66000000,115905.88000000,653.80057000
1758038400000,115905.88000000,116068.92000000,115608.28000000,116068.06000000,691.27604000
1758042000000,116068.05000000,116870.76000000,116056.99000000,116461.54000000,1252.39334000
1758045600000,116461.55000000,116776.66000000,116226.12000000,116418.86000000,486.09455000
1758049200000,116418.87000000,116820.00000000,116395.60000000,116800.12000000,525.61626000
1758052800000,116800.13000000,116908.83000000,116722.56000000,116839.47000000,367.21592000
1758056400000,116839.47000000,116940.26000000,116584.45000000,116800.51000000,295.98351000
1758060000000,116800.51000000,116964.27000000,116694.73000000,116855.58000000,312.66858000
1758063600000,116855.58000000,116920.46000000,116632.00000000,116788.96000000,262.99472000
1758067200000,116788.96000000,116832.00000000,116560.00000000,116560.01000000,269.72360000
1758070800000,116560.01000000,116768.00000000,116516.92000000,116662.25000000,267.74519000
1758074400000,116662.25000000,117077.16000000,116556.52000000,116686.43000000,742.45370000
1758078000000,116686.43000000,116758.83000000,116371.81000000,116372.04000000,377.83050000
1758081600000,116372.05000000,116480.01000000,116160.22000000,116313.49000000,262.15716000
1758085200000,116313.50000000,117214.00000000,116313.49000000,117108.30000000,894.88999000
1758088800000,117108.31000000,117286.73000000,116970.41000000,117234.27000000,770.01131000
1758092400000,117234.28000000,117275.00000000,117125.78000000,117162.48000000,557.97471000
1758096000000,117162.48000000,117189.86000000,116683.99000000,116860.00000000,635.73334000
1758099600000,116860.01000000,116860.01000000,116548.88000000,116550.01000000,380.39506000
1758103200000,116550.01000000,116604.26000000,116267.44000000,116359.14000000,356.93808000
1758106800000,116359.14000000,116383.87000000,116253.27000000,116258.13000000,282.02162000
1758110400000,116258.12000000,116516.93000000,116096.41000000,116204.94000000,387.04674000
1758114000000,116204.94000000,116330.75000000,115905.88000000,116107.19000000,664.85629000
1758117600000,116107.18000000,116240.00000000,115432.00000000,115606.61000000,1214.53614000
1758121200000,115606.62000000,115886.17000000,115527.48000000,115875.32000000,581.89144000
1758124800000,115875.33000000,115875.33000000,115386.21000000,115640.77000000,659.41460000
1758128400000,115640.76000000,116288.27000000,115500.00000000,115504.48000000,696.96558000
1758132000000,115504.49000000,116333.33000000,114720.81000000,115226.93000000,3427.38872000
1758135600000,115226.93000000,115989.20000000,115068.33000000,115652.02000000,955.04331000
1758139200000,115652.02000000,116140.20000000,115496.68000000,115621.47000000,455.26463000
1758142800000,115621.47000000,116120.00000000,115307.33000000,116038.39000000,336.05085000
1758146400000,116038.39000000,116823.72000000,116038.39000000,116559.69000000,741.17447000
1758150000000,116559.68000000,116990.68000000,116340.07000000,116447.59000000,836.73837000
1758153600000,116447.60000000,116470.52000000,116092.76000000,116350.65000000,442.99009000
1758157200000,116350.65000000,116869.46000000,116340.00000000,116634.84000000,440.77649000
1758160800000,116634.84000000,116959.96000000,116429.55000000,116950.47000000,318.21360000
1758164400000,116950.46000000,117896.00000000,116896.93000000,117581.66000000,1879.70060000
1758168000000,117581.67000000,117750.00000000,117219.50000000,117605.16000000,612.38170000
1758171600000,117605.16000000,117605.16000000,117176.10000000,117273.36000000,340.19852000
1758175200000,117273.37000000,117338.05000000,116888.02000000,117102.43000000,474.42047000
1758178800000,117102.43000000,117208.00000000,117048.81000000,117086.01000000,362.62720000
1758182400000,117086.01000000,117413.04000000,117010.59000000,117229.59000000,383.66591000
1758186000000,117229.58000000,117350.00000000,117107.57000000,117298.81000000,260.44715000
1758189600000,117298.82000000,117307.50000000,117078.72000000,117190.47000000,236.63641000
1758193200000,117190.48000000,117300.00000000,117013.77000000,117063.40000000,285.00282000
1758196800000,117063.41000000,117279.00000000,116977.59000000,117124.69000000,249.62123000
1758200400000,117124.69000000,117655.55000000,117004.28000000,117432.04000000,647.01760000
1758204000000,117432.04000000,117843.83000000,117400.54000000,117640.54000000,711.59459000
1758207600000,117640.54000000,117705.51000000,117322.41000000,117583.56000000,808.09852000
1758211200000,117583.56000000,117789.00000000,117500.01000000,117565.60000000,483.30991000
1758214800000,117565.59000000,117765.59000000,117418.45000000,117579.93000000,479.43176000
1758218400000,117579.94000000,117900.00000000,117512.11000000,117822.97000000,474.53821000
1758222000000,117822.98000000,117822.98000000,117196.33000000,117450.21000000,391.34362000
1758225600000,117450.21000000,117657.17000000,117337.95000000,117521.14000000,192.47211000
1758229200000,117521.14000000,117521.14000000,117299.21000000,117299.21000000,187.11636000
1758232800000,117299.21000000,117334.80000000,117027.34000000,117061.02000000,345.51742000
1758236400000,117061.02000000,117172.21000000,116612.03000000,117073.53000000,650.11136000
1758240000000,117073.53000000,117427.70000000,117020.00000000,117424.20000000,328.86734000
1758243600000,117424.21000000,117459.99000000,117118.21000000,117241.32000000,268.67490000
1758247200000,117241.32000000,117285.99000000,117044.13000000,117112.80000000,395.51641000
1758250800000,117112.81000000,117291.01000000,116871.61000000,116977.58000000,333.32919000
1758254400000,116977.58000000,117100.00000000,116700.02000000,116990.65000000,377.41298000
1758258000000,116990.65000000,117010.00000000,116780.75000000,116894.83000000,306.31482000
1758261600000,116894.83000000,116894.83000000,116633.86000000,116669.75000000,430.54942000
1758265200000,116669.76000000,116992.81000000,116665.00000000,116909.97000000,423.81384000
1758268800000,116909.98000000,117090.36000000,116882.47000000,116915.88000000,283.85786000
1758272400000,116915.88000000,116979.86000000,116488.00000000,116488.00000000,361.47256000
1758276000000,116488.00000000,116551.54000000,116434.23000000,116532.68000000,289.26548000
1758279600000,116532.68000000,116554.05000000,116300.00000000,116394.72000000,309.23241000
1758283200000,116394.72000000,116529.08000000,116133.66000000,116162.45000000,488.73837000
1758286800000,116162.45000000,116465.35000000,116075.00000000,116284.64000000,435.12378000
1758290400000,116284.63000000,116479.11000000,115800.00000000,115899.99000000,846.39402000
1758294000000,115899.99000000,115952.95000000,115464.19000000,115884.03000000,887.61948000
1758297600000,115884.03000000,116136.00000000,115800.00000000,116088.68000000,355.37234000
1758301200000,116088.68000000,116093.18000000,115538.67000000,115542.73000000,360.56628000
1758304800000,115542.73000000,115644.73000000,115382.98000000,115407.49000000,388.78402000
1758308400000,115407.49000000,115479.45000000,115112.58000000,115125.12000000,308.93231000
1758312000000,115125.13000000,115445.23000000,115100.00000000,115342.57000000,338.84816000
1758315600000,115342.56000000,115532.73000000,115306.07000000,115465.39000000,178.46294000
1758319200000,115465.39000000,115657.28000000,115465.39000000,115613.21000000,139.86142000
1758322800000,115613.21000000,115648.00000000,115448.01000000,115632.38000000,155.08032000
1758326400000,115632.39000000,115730.41000000,115548.92000000,115723.73000000,220.87363000
1758330000000,115723.72000000,115723.73000000,115610.84000000,115623.51000000,178.50409000
1758333600000,115623.50000000,115623.51000000,115444.00000000,115606.39000000,154.74621000
1758337200000,115606.40000000,115606.40000000,115408.47000000,115445.00000000,162.93905000
1758340800000,115445.00000000,115582.38000000,115409.08000000,115568.41000000,144.02474000
1758344400000,115568.41000000,115717.50000000,115512.63000000,115717.49000000,224.42562000
1758348000000,115717.49000000,115724.34000000,115625.85000000,115700.46000000,159.86607000
1758351600000,115700.47000000,115985.20000000,115683.47000000,115968.56000000,231.14483000
1758355200000,115968.56000000,115968.57000000,115700.01000000,115701.43000000,183.70782000
1758358800000,115701.43000000,115794.39000000,115664.11000000,115672.80000000,196.19831000
1758362400000,115672.80000000,115798.16000000,115672.79000000,115747.54000000,170.36368000
1758366000000,115747.54000000,115909.54000000,115747.54000000,115894.06000000,242.77605000
1758369600000,115894.05000000,115950.89000000,115804.47000000,115874.49000000,155.45643000
1758373200000,115874.50000000,115951.96000000,115859.48000000,115915.80000000,123.96705000
1758376800000,115915.79000000,116036.00000000,115883.30000000,115970.36000000,209.62425000
1758380400000,115970.36000000,116121.81000000,115946.91000000,115986.69000000,347.86651000
1758384000000,115986.70000000,116057.24000000,115882.58000000,116027.94000000,226.24762000
1758387600000,116027.95000000,116079.46000000,115817.28000000,115821.72000000,189.06923000
1758391200000,115821.73000000,115821.73000000,115700.00000000,115711.51000000,191.99051000
1758394800000,115711.51000000,115812.62000000,115698.08000000,115702.00000000,290.90070000
1758398400000,115702.00000000,115789.57000000,115689.91000000,115721.10000000,163.21635000
1758402000000,115721.10000000,115944.70000000,115721.10000000,115786.31000000,200.36310000
1758405600000,115786.30000000,115796.54000000,115742.14000000,115776.06000000,169.22355000
1758409200000,115776.06000000,115776.06000000,115603.42000000,115685.63000000,137.43212000
1758412800000,115685.63000000,115732.94000000,115559.97000000,115660.01000000,204.93197000
1758416400000,115660.01000000,115660.01000000,115500.00000000,115500.00000000,193.04313000
1758420000000,115500.01000000,115700.00000000,115441.83000000,115690.76000000,321.18986000
1758423600000,115690.76000000,115723.43000000,115616.38000000,115669.41000000,199.89426000
1758427200000,115669.42000000,115669.42000000,115494.22000000,115494.23000000,121.47731000
1758430800000,115494.23000000,115663.49000000,115487.56000000,115663.48000000,237.18676000
1758434400000,115663.48000000,115787.39000000,115663.48000000,115687.20000000,201.84931000
1758438000000,115687.21000000,115815.98000000,115615.00000000,115815.97000000,246.42642000
1758441600000,115815.98000000,115819.06000000,115560.94000000,115629.60000000,182.84602000
1758445200000,115629.60000000,115704.53000000,115329.03000000,115683.54000000,335.85586000
1758448800000,115683.53000000,115708.33000000,115504.13000000,115522.31000000,111.62025000
1758452400000,115522.31000000,115694.74000000,115522.31000000,115603.45000000,156.53082000
1758456000000,115603.45000000,115747.23000000,115603.44000000,115683.59000000,183.94971000
1758459600000,115683.59000000,115747.06000000,115645.20000000,115661.65000000,136.30562000
1758463200000,115661.65000000,115691.15000000,115500.00000000,115500.01000000,192.82816000
1758466800000,115500.00000000,115599.60000000,115473.19000000,115531.61000000,158.23691000
1758470400000,115531.62000000,115549.90000000,115209.02000000,115316.00000000,239.98829000
1758474000000,115316.01000000,115629.58000000,115249.94000000,115628.18000000,234.56593000
1758477600000,115628.19000000,115665.52000000,115513.98000000,115530.90000000,173.87321000
1758481200000,115530.89000000,115530.90000000,115318.02000000,115480.05000000,132.68903000
1758484800000,115480.05000000,115503.47000000,115307.51000000,115307.51000000,93.55507000
1758488400000,115307.52000000,115434.53000000,115250.01000000,115405.48000000,101.37440000
1758492000000,115405.48000000,115545.43000000,115188.00000000,115538.90000000,154.30721000
1758495600000,115538.91000000,115538.91000000,115200.00000000,115232.29000000,196.99668000
1758499200000,115232.29000000,115379.25000000,114290.16000000,114407.28000000,1196.13685000
1758502800000,114407.28000000,114750.00000000,114250.98000000,114273.45000000,660.65043000
1758506400000,114273.44000000,114618.89000000,114150.00000000,114187.81000000,895.13507000
1758510000000,114187.80000000,114654.36000000,114187.80000000,114649.89000000,326.66818000
1758513600000,114649.89000000,114649.90000000,114397.32000000,114433.53000000,208.01066000
1758517200000,114433.53000000,114551.80000000,113623.00000000,113691.19000000,753.79586000
1758520800000,113691.18000000,113698.38000000,111800.00000000,112800.77000000,5199.12797000
1758524400000,112800.77000000,112999.00000000,112476.17000000,112519.99000000,1129.86840000
1758528000000,112520.00000000,112780.00000000,112452.00000000,112629.07000000,810.01414000
1758531600000,112629.06000000,112662.87000000,112173.52000000,112336.62000000,1219.89658000
1758535200000,112336.62000000,112848.33000000,112262.22000000,112792.16000000,523.20588000
1758538800000,112792.16000000,112976.02000000,112683.49000000,112876.97000000,499.11385000
1758542400000,112876.97000000,112876.97000000,112520.00000000,112738.65000000,504.05132000
1758546000000,112738.64000000,113148.29000000,112380.00000000,113130.63000000,813.72754000
1758549600000,113130.63000000,113432.76000000,112754.15000000,112933.16000000,1386.14648000
1758553200000,112933.16000000,113024.23000000,112576.42000000,112815.50000000,609.57711000
1758556800000,112815.50000000,112888.00000000,112585.87000000,112600.68000000,359.00005000
1758560400000,112600.69000000,112622.95000000,112250.89000000,112398.66000000,595.09480000
1758564000000,112398.65000000,112816.55000000,112345.54000000,112429.13000000,470.04903000
1758567600000,112429.12000000,112600.87000000,111936.40000000,112122.90000000,1307.37365000
1758571200000,112122.90000000,112977.41000000,111975.28000000,112781.88000000,596.84005000
1758574800000,112781.87000000,112970.00000000,112602.79000000,112969.99000000,293.31156000
1758578400000,112969.99000000,112970.00000000,112594.33000000,112643.25000000,289.60715000
1758582000000,112643.25000000,112739.14000000,112592.20000000,112650.99000000,135.31095000
1758585600000,112650.99000000,112833.09000000,112385.23000000,112395.32000000,400.92095000
1758589200000,112395.32000000,112502.29000000,112138.88000000,112156.66000000,439.66589000
1758592800000,112156.66000000,112487.38000000,111674.00000000,111811.88000000,717.47413000
1758596400000,111811.88000000,112446.97000000,111478.00000000,112339.99000000,840.03485000
1758600000000,112339.99000000,112469.21000000,111876.15000000,112442.30000000,530.48180000
1758603600000,112442.29000000,112894.49000000,112413.01000000,112665.44000000,645.16259000
1758607200000,112665.44000000,113111.89000000,112616.93000000,112974.96000000,574.99132000
1758610800000,112974.97000000,113114.01000000,112882.48000000,113090.13000000,754.18067000
1758614400000,113090.13000000,113177.72000000,112936.98000000,113133.84000000,657.66339000
1758618000000,113133.84000000,113281.50000000,112888.00000000,112934.47000000,430.99222000
1758621600000,112934.48000000,113006.56000000,112828.62000000,112969.32000000,382.87944000
1758625200000,112969.32000000,113081.35000000,112683.33000000,112975.99000000,343.04129000
1758628800000,112975.99000000,113049.90000000,112811.40000000,112941.02000000,342.98937000
1758632400000,112941.01000000,113024.31000000,112722.78000000,112952.31000000,426.02927000
1758636000000,112952.32000000,113290.50000000,112571.81000000,112652.91000000,713.09459000
1758639600000,112652.91000000,113072.89000000,112496.61000000,112882.19000000,466.71943000
1758643200000,112882.20000000,112958.58000000,112486.37000000,112823.63000000,531.06975000
1758646800000,112823.62000000,112823.62000000,111888.00000000,111957.76000000,587.62346000
1758650400000,111957.76000000,112200.00000000,111686.90000000,111780.10000000,710.40527000
1758654000000,111780.09000000,111979.27000000,111540.20000000,111655.29000000,565.08344000
1758657600000,111655.29000000,111994.99000000,111458.73000000,111985.77000000,495.90964000
1758661200000,111985.78000000,112202.24000000,111893.44000000,112161.54000000,270.56814000
1758664800000,112161.53000000,112213.95000000,112002.16000000,112159.23000000,231.71626000
1758668400000,112159.24000000,112220.54000000,111879.73000000,111998.80000000,242.62314000
1758672000000,111998.80000000,112380.00000000,111816.86000000,112230.72000000,457.37128000
1758675600000,112230.73000000,112500.00000000,112140.00000000,112451.26000000,263.95045000
1758679200000,112451.25000000,112500.00000000,111896.43000000,112111.62000000,1045.64078000
1758682800000,112111.62000000,112223.15000000,111683.09000000,111683.09000000,1081.07058000
1758686400000,111683.10000000,112374.32000000,111042.66000000,112161.93000000,1377.98323000
1758690000000,112161.94000000,112666.74000000,112133.83000000,112636.84000000,480.95742000
1758693600000,112636.85000000,112779.37000000,112535.78000000,112596.69000000,508.56699000
1758697200000,112596.70000000,112742.06000000,112459.44000000,112583.54000000,538.18220000
1758700800000,112583.54000000,112636.85000000,112405.62000000,112622.80000000,369.32812000
1758704400000,112622.81000000,112837.42000000,112501.38000000,112735.06000000,247.34844000
1758708000000,112735.05000000,112960.00000000,112668.51000000,112941.98000000,402.84076000
1758711600000,112941.99000000,113162.17000000,112877.30000000,113029.46000000,548.21142000
1758715200000,113029.45000000,113097.99000000,112944.00000000,113070.69000000,272.77737000
1758718800000,113070.69000000,113222.69000000,112808.00000000,112823.62000000,578.33959000
1758722400000,112823.62000000,113890.00000000,112823.61000000,113720.64000000,966.18934000
1758726000000,113720.64000000,113883.68000000,113257.01000000,113346.41000000,717.74437000
1758729600000,113346.40000000,113753.00000000,113163.21000000,113732.01000000,447.67953000
1758733200000,113732.01000000,113940.00000000,113616.00000000,113761.30000000,361.88913000
1758736800000,113761.31000000,113830.66000000,113512.53000000,113639.80000000,202.61449000
1758740400000,113639.80000000,113682.46000000,113292.25000000,113420.01000000,306.51270000
1758744000000,113420.00000000,113609.25000000,113401.99000000,113501.52000000,233.37909000
1758747600000,113501.52000000,113584.02000000,113283.99000000,113339.63000000,274.44453000
1758751200000,113339.63000000,113647.58000000,113250.59000000,113336.33000000,268.57434000
1758754800000,113336.34000000,113429.12000000,113204.71000000,113307.00000000,417.66352000
1758758400000,113307.01000000,113510.23000000,112960.00000000,113062.35000000,567.08586000
1758762000000,113062.35000000,113369.98000000,112446.15000000,112661.24000000,1139.29698000
1758765600000,112661.24000000,113179.94000000,112510.06000000,112907.38000000,569.88139000
1758769200000,112907.38000000,112907.39000000,112214.74000000,112546.21000000,773.34995000
1758772800000,112546.22000000,112614.43000000,111584.23000000,111735.66000000,1337.55309000
1758776400000,111735.67000000,112040.00000000,111597.86000000,111749.91000000,705.54263000
1758780000000,111749.91000000,111843.30000000,111515.87000000,111533.26000000,371.96659000
1758783600000,111533.26000000,111883.23000000,111450.42000000,111766.72000000,515.14719000
1758787200000,111766.73000000,112031.18000000,111689.38000000,111727.21000000,537.91010000
1758790800000,111727.20000000,112246.46000000,111571.57000000,111571.58000000,771.79377000
1758794400000,111571.58000000,111854.12000000,111525.81000000,111648.19000000,434.41742000
1758798000000,111648.19000000,111728.48000000,111283.63000000,111348.00000000,543.64106000
1758801600000,111347.99000000,111656.81000000,111020.00000000,111111.00000000,1058.26970000
1758805200000,111111.01000000,111719.05000000,110629.99000000,111000.00000000,2220.16862000
1758808800000,111000.00000000,111729.52000000,110983.03000000,111540.00000000,856.73547000
1758812400000,111540.01000000,111587.75000000,110868.90000000,111580.77000000,599.58449000
1758816000000,111580.77000000,111672.58000000,110904.91000000,110957.29000000,585.10481000
1758819600000,110957.28000000,110968.40000000,108654.00000000,108833.63000000,2899.70308000
1758823200000,108833.63000000,109801.78000000,108631.51000000,109760.20000000,1427.42291000
1758826800000,109760.20000000,109973.40000000,109302.54000000,109360.00000000,1217.19366000
1758830400000,109360.00000000,109482.62000000,109057.06000000,109163.44000000,424.71820000
1758834000000,109163.45000000,109666.30000000,109074.11000000,109420.00000000,347.85454000
1758837600000,109420.00000000,109587.99000000,109261.02000000,109419.97000000,280.53982000
1758841200000,109419.97000000,109685.72000000,108765.00000000,108994.49000000,1046.26824000
1758844800000,108994.49000000,109614.67000000,108809.24000000,109472.13000000,868.75424000
1758848400000,109472.12000000,109762.59000000,109313.17000000,109680.40000000,452.15578000
1758852000000,109680.39000000,109798.84000000,109487.26000000,109621.70000000,497.29551000
1758855600000,109621.70000000,109635.80000000,109293.25000000,109580.01000000,504.99021000
1758859200000,109580.00000000,109625.94000000,109250.87000000,109338.01000000,315.34456000
1758862800000,109338.02000000,109579.99000000,109085.78000000,109252.79000000,371.75832000
1758866400000,109252.79000000,109624.16000000,109016.00000000,109360.00000000,592.34105000
1758870000000,109360.00000000,109593.49000000,108913.00000000,109320.02000000,1776.45411000
1758873600000,109320.02000000,109607.50000000,109304.72000000,109567.20000000,575.78415000
1758877200000,109567.20000000,109690.98000000,109393.37000000,109568.72000000,441.33309000
1758880800000,109568.72000000,109568.72000000,108697.42000000,108895.00000000,735.10273000
1758884400000,108894.99000000,109200.00000000,108620.07000000,109133.50000000,923.24217000
1758888000000,109133.50000000,109579.00000000,108824.82000000,109372.68000000,863.36244000
1758891600000,109372.68000000,109779.73000000,109000.00000000,109669.73000000,991.99403000
1758895200000,109669.72000000,109779.73000000,108764.76000000,108836.00000000,900.45250000
1758898800000,108836.00000000,109358.50000000,108802.04000000,109027.78000000,486.11543000
1758902400000,109027.79000000,109618.00000000,109027.78000000,109460.01000000,291.37899000
1758906000000,109460.00000000,110000.00000000,109392.35000000,109899.99000000,627.01224000
1758909600000,109900.00000000,110300.00000000,109700.00000000,109727.99000000,571.22129000
1758913200000,109727.99000000,109727.99000000,109030.41000000,109172.20000000,603.81607000
1758916800000,109172.21000000,109347.59000000,109087.57000000,109288.44000000,245.23004000
1758920400000,109288.45000000,109530.00000000,109189.17000000,109469.07000000,210.90009000
1758924000000,109469.07000000,109607.38000000,109348.00000000,109558.25000000,183.31873000
1758927600000,109558.24000000,109687.69000000,109432.07000000,109643.46000000,213.65814000
1758931200000,109643.46000000,109660.88000000,109472.23000000,109649.29000000,268.55384000
1758934800000,109649.29000000,109657.45000000,109330.08000000,109431.92000000,230.21003000
1758938400000,109431.92000000,109482.64000000,109324.42000000,109408.18000000,280.63961000
1758942000000,109408.18000000,109743.91000000,109384.63000000,109553.77000000,262.25571000
1758945600000,109553.77000000,109742.27000000,109514.63000000,109654.99000000,248.07725000
1758949200000,109654.99000000,109684.29000000,109593.65000000,109635.72000000,128.97939000
1758952800000,109635.73000000,109635.73000000,109481.44000000,109541.36000000,241.06138000
1758956400000,109541.36000000,109570.36000000,109332.02000000,109411.20000000,290.72314000
1758960000000,109411.19000000,109411.20000000,109252.00000000,109252.01000000,379.23249000
1758963600000,109252.01000000,109347.59000000,109064.40000000,109292.73000000,409.97831000
1758967200000,109292.74000000,109477.69000000,109256.07000000,109431.70000000,322.59239000
1758970800000,109431.71000000,109440.65000000,109280.00000000,109310.21000000,244.48710000
1758974400000,109310.22000000,109477.59000000,109227.14000000,109400.05000000,336.07633000
1758978000000,109400.06000000,109412.14000000,109299.64000000,109306.61000000,336.77227000
1758981600000,109306.61000000,109387.51000000,109255.90000000,109287.89000000,273.62629000
1758985200000,109287.89000000,109427.40000000,109193.00000000,109402.24000000,204.90854000
1758988800000,109402.25000000,109427.76000000,109308.00000000,109389.04000000,176.55452000
1758992400000,109389.05000000,109410.00000000,109243.89000000,109382.47000000,183.15972000
1758996000000,109382.48000000,109434.99000000,109345.11000000,109434.96000000,154.76580000
1758999600000,109434.96000000,109440.00000000,109383.48000000,109424.20000000,76.33855000
1759003200000,109424.21000000,109435.00000000,109362.72000000,109390.00000000,60.18528000
1759006800000,109390.00000000,109483.55000000,109389.47000000,109474.99000000,119.69499000
1759010400000,109474.98000000,109699.98000000,109474.98000000,109605.62000000,175.35372000
1759014000000,109605.63000000,109683.16000000,109461.53000000,109635.85000000,97.55978000
1759017600000,109635.85000000,109787.75000000,109548.00000000,109607.81000000,283.02575000
1759021200000,109607.81000000,109654.85000000,109325.05000000,109353.67000000,221.51490000
1759024800000,109353.68000000,109535.00000000,109353.67000000,109447.55000000,194.54739000
1759028400000,109447.54000000,109535.00000000,109409.17000000,109436.00000000,123.06023000
1759032000000,109436.00000000,109486.10000000,109365.88000000,109365.90000000,99.29239000
1759035600000,109365.90000000,109398.00000000,109356.42000000,109356.43000000,124.07352000
1759039200000,109356.44000000,109455.97000000,109260.00000000,109410.00000000,167.02015000
1759042800000,109410.00000000,109537.80000000,109350.00000000,109513.06000000,178.66470000
1759046400000,109513.06000000,109585.39000000,109423.21000000,109509.91000000,216.27847000
1759050000000,109509.91000000,109559.89000000,109323.88000000,109519.42000000,209.63846000
1759053600000,109519.43000000,109519.43000000,109368.43000000,109368.44000000,143.70537000
1759057200000,109368.43000000,109447.28000000,109250.00000000,109369.02000000,293.31231000
1759060800000,109369.02000000,109451.04000000,109189.99000000,109314.99000000,308.15163000
1759064400000,109314.99000000,109668.98000000,109314.98000000,109639.00000000,332.00919000
1759068000000,109639.00000000,109888.00000000,109502.56000000,109850.01000000,370.11862000
1759071600000,109850.00000000,110037.93000000,109712.23000000,110037.93000000,338.92347000
1759075200000,110037.92000000,110393.63000000,110008.54000000,110222.02000000,516.23853000
1759078800000,110222.01000000,110377.05000000,110130.26000000,110203.52000000,374.79675000
1759082400000,110203.53000000,110293.56000000,110060.88000000,110293.56000000,140.49771000
1759086000000,110293.56000000,110388.46000000,110119.71000000,110337.60000000,184.24395000
1759089600000,110337.61000000,110945.00000000,110294.78000000,110803.80000000,510.06540000
1759093200000,110803.80000000,110896.33000000,110640.81000000,110833.99000000,275.55071000
1759096800000,110833.99000000,112014.00000000,110833.99000000,111938.51000000,1130.21918000
1759100400000,111938.51000000,112350.00000000,111938.51000000,112163.95000000,807.38282000
1759104000000,112163.96000000,112309.98000000,111985.00000000,112260.57000000,716.58660000
1759107600000,112260.57000000,112310.00000000,111721.79000000,111855.30000000,649.21896000
1759111200000,111855.30000000,112022.27000000,111632.72000000,111750.02000000,621.54504000
1759114800000,111750.02000000,111857.51000000,111588.07000000,111857.51000000,310.12302000
1759118400000,111857.51000000,111904.34000000,111750.00000000,111812.00000000,278.79762000
1759122000000,111812.01000000,111812.01000000,111575.38000000,111753.34000000,348.73721000
1759125600000,111753.34000000,111850.00000000,111624.00000000,111632.83000000,334.53443000
1759129200000,111632.83000000,111865.96000000,111560.65000000,111865.95000000,869.29090000
1759132800000,111865.96000000,112421.99000000,111865.95000000,112099.75000000,787.97678000
1759136400000,112099.74000000,112219.00000000,111988.13000000,112110.90000000,460.23123000
1759140000000,112110.90000000,112225.00000000,112012.73000000,112090.18000000,476.12298000
1759143600000,112090.19000000,112112.86000000,111923.13000000,112100.00000000,401.91096000
1759147200000,112100.00000000,112515.00000000,111940.00000000,112022.16000000,744.63691000
1759150800000,112022.00000000,113490.00000000,111901.26000000,113227.29000000,1670.66371000
1759154400000,113227.29000000,114231.56000000,113220.21000000,114033.53000000,1791.07159000
1759158000000,114033.54000000,114127.13000000,113686.06000000,113815.57000000,858.42631000
1759161600000,113815.57000000,114053.00000000,113600.00000000,113626.15000000,728.01207000
1759165200000,113626.15000000,114151.00000000,113449.74000000,114043.91000000,843.56729000
1759168800000,114043.92000000,114137.73000000,113867.02000000,114008.79000000,396.89151000
1759172400000,114008.78000000,114390.93000000,113848.63000000,114265.55000000,747.93438000
1759176000000,114265.56000000,114400.00000000,114122.12000000,114258.29000000,497.44944000
1759179600000,114258.29000000,114329.80000000,114095.36000000,114176.73000000,218.26557000
1759183200000,114176.72000000,114216.41000000,114020.00000000,114189.81000000,443.81221000
1759186800000,114189.80000000,114395.92000000,114189.80000000,114311.96000000,345.31333000
1759190400000,114311.97000000,114758.00000000,114040.35000000,114525.97000000,953.85322000
1759194000000,114525.97000000,114792.00000000,114255.38000000,114500.31000000,766.25660000
1759197600000,114500.32000000,114583.19000000,114360.00000000,114455.96000000,385.99253000
1759201200000,114455.96000000,114514.50000000,114303.06000000,114376.39000000,388.27883000
1759204800000,114376.39000000,114376.40000000,114091.62000000,114091.63000000,355.43204000
1759208400000,114091.63000000,114205.17000000,113827.24000000,113904.00000000,698.31455000
1759212000000,113904.00000000,114084.22000000,113838.41000000,113891.64000000,527.62041000
1759215600000,113891.64000000,113994.61000000,113585.00000000,113699.23000000,745.45417000
1759219200000,113699.24000000,113741.37000000,113350.35000000,113451.89000000,653.46315000
1759222800000,113451.89000000,113451.89000000,112731.41000000,112781.97000000,995.05591000
1759226400000,112781.97000000,113085.23000000,112656.27000000,112923.49000000,721.99583000
1759230000000,112923.50000000,113135.44000000,112810.62000000,113055.01000000,498.77683000
1759233600000,113055.00000000,113255.99000000,112990.75000000,113002.06000000,347.59460000
1759237200000,113002.06000000,113677.23000000,112866.11000000,113404.53000000,823.64679000
1759240800000,113404.53000000,113630.13000000,112900.00000000,113595.05000000,910.17644000
1759244400000,113595.04000000,113598.27000000,112919.95000000,113106.16000000,758.86878000
1759248000000,113106.15000000,113279.92000000,112800.00000000,112841.24000000,386.78887000
1759251600000,112841.23000000,113503.99000000,112813.82000000,113246.11000000,745.57241000
1759255200000,113246.12000000,113714.56000000,113177.37000000,113714.56000000,431.85830000
1759258800000,113714.55000000,114563.46000000,113702.01000000,114359.99000000,971.66803000
1759262400000,114359.99000000,114723.57000000,114110.09000000,114626.36000000,710.64838000
1759266000000,114626.36000000,114754.87000000,114136.50000000,114161.00000000,649.46746000
1759269600000,114161.00000000,114356.98000000,113883.01000000,113940.39000000,348.93460000
1759273200000,113940.40000000,114048.94000000,113765.42000000,114048.93000000,268.43760000
1759276800000,114048.94000000,114308.00000000,113966.67000000,114239.53000000,434.59016000
1759280400000,114239.53000000,114550.00000000,114142.99000000,114549.99000000,597.25360000
1759284000000,114549.99000000,114551.76000000,114272.15000000,114272.15000000,508.42422000
1759287600000,114272.16000000,114530.48000000,114096.58000000,114176.92000000,502.30318000
1759291200000,114176.93000000,114700.00000000,114151.00000000,114289.01000000,597.89328000
1759294800000,114289.02000000,114740.00000000,114265.63000000,114569.84000000,559.75519000
1759298400000,114569.84000000,114624.30000000,114224.88000000,114256.81000000,392.52281000
1759302000000,114256.82000000,114584.35000000,114236.59000000,114539.02000000,446.26236000
1759305600000,114539.02000000,116591.80000000,114484.43000000,116111.28000000,2944.06599000
1759309200000,116111.27000000,116529.93000000,115950.00000000,116412.10000000,1081.73774000
1759312800000,116412.10000000,116551.00000000,116203.50000000,116281.64000000,549.64831000
1759316400000,116281.64000000,116795.85000000,116269.00000000,116789.58000000,642.47832000
1759320000000,116789.57000000,116887.00000000,116363.38000000,116402.65000000,645.19981000
1759323600000,116402.65000000,116843.73000000,116399.50000000,116806.96000000,1233.59755000
1759327200000,116806.96000000,117441.26000000,116704.74000000,117292.74000000,1631.53193000
1759330800000,117292.73000000,117649.99000000,117091.84000000,117423.73000000,1008.01671000
1759334400000,117423.73000000,118199.00000000,117319.04000000,117535.79000000,1840.40868000
1759338000000,117535.79000000,117681.27000000,116724.56000000,116768.07000000,962.36022000
1759341600000,116768.08000000,117339.09000000,116768.07000000,117234.01000000,528.26692000
1759345200000,117234.01000000,117623.59000000,117214.80000000,117439.53000000,483.28734000
1759348800000,117439.53000000,117542.24000000,117163.25000000,117536.12000000,412.83403000
1759352400000,117536.13000000,117579.43000000,117339.54000000,117554.96000000,278.91184000
1759356000000,117554.95000000,118080.00000000,117554.95000000,117745.39000000,593.82096000
1759359600000,117745.39000000,118649.10000000,117686.28000000,118594.99000000,1161.22401000
1759363200000,118594.99000000,119456.92000000,118397.32000000,118428.46000000,2212.72285000
1759366800000,118428.46000000,118894.12000000,118368.05000000,118617.37000000,734.61790000
1759370400000,118617.37000000,118784.87000000,118483.39000000,118753.73000000,644.14993000
1759374000000,118753.73000000,119058.82000000,118688.61000000,118733.99000000,595.85707000
1759377600000,118733.99000000,118930.29000000,118432.64000000,118662.04000000,410.46135000
1759381200000,118662.04000000,118677.32000000,118279.31000000,118377.34000000,484.81157000
1759384800000,118377.34000000,118672.34000000,118295.87000000,118649.06000000,380.89847000
1759388400000,118649.07000000,118678.98000000,118424.00000000,118489.76000000,496.19299000
1759392000000,118489.76000000,118680.00000000,118354.61000000,118668.89000000,309.01675000
1759395600000,118668.89000000,118850.00000000,118567.00000000,118849.99000000,343.02582000
1759399200000,118849.99000000,118926.49000000,118567.85000000,118619.56000000,393.64914000
1759402800000,118619.55000000,118900.01000000,118537.10000000,118765.73000000,414.31674000
1759406400000,118765.72000000,119402.43000000,118742.91000000,119402.42000000,924.16679000
1759410000000,119402.43000000,119761.36000000,118933.25000000,119621.20000000,1531.32643000
1759413600000,119621.19000000,119788.00000000,118642.20000000,118814.09000000,1237.92150000
1759417200000,118814.09000000,119910.79000000,118516.39000000,119910.78000000,1405.75154000
1759420800000,119910.78000000,120300.00000000,119607.82000000,119731.40000000,1570.77716000
1759424400000,119731.40000000,119956.84000000,119359.63000000,119917.52000000,625.48952000
1759428000000,119917.52000000,120663.96000000,119907.01000000,120506.61000000,1340.08580000
1759431600000,120506.60000000,121022.07000000,120439.97000000,120836.49000000,1332.75893000
1759435200000,120836.49000000,120914.00000000,120306.02000000,120652.01000000,833.01817000
1759438800000,120652.01000000,120774.97000000,120141.72000000,120150.10000000,546.60875000
1759442400000,120150.10000000,120412.24000000,120072.46000000,120257.49000000,379.08266000
1759446000000,120257.49000000,120680.35000000,120251.81000000,120529.35000000,524.12720000
1759449600000,120529.35000000,120550.90000000,120079.00000000,120132.80000000,776.43359000
1759453200000,120132.80000000,120293.68000000,119820.00000000,119875.72000000,537.61051000
1759456800000,119875.72000000,120269.11000000,119866.18000000,120157.82000000,451.19476000
1759460400000,120157.82000000,120472.12000000,120157.82000000,120225.89000000,503.41637000
1759464000000,120225.88000000,120324.53000000,120000.40000000,120039.98000000,289.32576000
1759467600000,120039.98000000,120065.41000000,119746.81000000,119920.40000000,454.73200000
1759471200000,119920.41000000,120075.62000000,119765.99000000,119916.93000000,356.16347000
1759474800000,119916.94000000,120011.05000000,119610.59000000,119640.21000000,1193.69400000
1759478400000,119640.22000000,120072.59000000,119248.30000000,120038.60000000,1368.04834000
1759482000000,120038.60000000,120365.35000000,120008.60000000,120300.00000000,1073.47178000
1759485600000,120300.01000000,120515.89000000,120271.18000000,120425.95000000,575.58075000
1759489200000,120425.95000000,120471.00000000,120130.76000000,120334.50000000,450.30439000
1759492800000,120334.51000000,120400.00000000,120102.18000000,120358.07000000,423.63897000
1759496400000,120358.07000000,120691.44000000,120113.00000000,120374.73000000,795.86923000
1759500000000,120374.72000000,120975.00000000,119881.24000000,120917.85000000,1151.84039000
1759503600000,120917.10000000,122366.00000000,120641.27000000,122258.05000000,2558.07247000
1759507200000,122258.04000000,123894.99000000,122258.04000000,122553.30000000,4679.27540000
1759510800000,122553.30000000,123113.97000000,121603.42000000,122073.25000000,2932.08887000
1759514400000,122073.26000000,122732.12000000,121466.25000000,122538.46000000,1175.09154000
1759518000000,122538.46000000,122961.63000000,122355.08000000,122660.99000000,661.21371000
1759521600000,122661.00000000,122734.92000000,122037.43000000,122447.94000000,617.65815000
1759525200000,122447.94000000,122452.10000000,121999.33000000,122306.57000000,392.75542000
1759528800000,122306.57000000,122665.00000000,122306.56000000,122477.00000000,227.99530000
1759532400000,122477.00000000,122477.00000000,122180.79000000,122232.00000000,290.85283000
1759536000000,122232.21000000,122295.56000000,121982.23000000,122100.00000000,444.36212000
1759539600000,122100.00000000,122103.24000000,121698.80000000,121865.21000000,486.29697000
1759543200000,121865.22000000,122030.00000000,121684.97000000,121854.53000000,443.51459000
1759546800000,121854.53000000,122325.60000000,121829.54000000,122243.99000000,356.40352000
1759550400000,122243.99000000,122522.00000000,122219.30000000,122495.00000000,315.41672000
1759554000000,122495.01000000,122800.00000000,122405.64000000,122522.70000000,588.87932000
1759557600000,122522.70000000,122606.86000000,122373.90000000,122430.27000000,358.53969000
1759561200000,122430.27000000,122455.00000000,122259.98000000,122324.08000000,253.33958000
1759564800000,122324.08000000,122539.83000000,122197.63000000,122267.57000000,499.04210000
1759568400000,122267.58000000,122457.17000000,122186.03000000,122208.78000000,244.01487000
1759572000000,122208.79000000,122331.01000000,122099.69000000,122129.53000000,208.78248000
1759575600000,122129.53000000,122215.97000000,121962.81000000,121973.26000000,316.89688000
1759579200000,121973.26000000,122103.00000000,121945.00000000,122005.62000000,214.19564000
1759582800000,122005.62000000,122509.52000000,122005.62000000,122385.42000000,319.16828000
1759586400000,122385.42000000,122459.98000000,122000.00000000,122000.01000000,229.86148000
1759590000000,122000.01000000,122144.28000000,121698.88000000,121791.31000000,700.83126000
1759593600000,121791.31000000,121964.95000000,121595.67000000,121719.99000000,652.05349000
1759597200000,121720.00000000,121910.24000000,121660.57000000,121747.37000000,289.33463000
1759600800000,121747.36000000,121829.69000000,121510.00000000,121574.66000000,288.12119000
1759604400000,121574.66000000,121959.25000000,121574.65000000,121959.25000000,213.72533000
1759608000000,121959.25000000,122079.65000000,121891.49000000,121892.89000000,211.24587000
1759611600000,121892.89000000,122347.55000000,121871.01000000,122190.67000000,282.54040000
1759615200000,122190.67000000,122365.14000000,122139.98000000,122287.19000000,158.14137000
1759618800000,122287.19000000,122410.00000000,122214.00000000,122391.00000000,133.45900000
1759622400000,122390.99000000,122410.00000000,122157.70000000,122157.70000000,191.66559000
1759626000000,122157.71000000,122410.00000000,122136.00000000,122377.72000000,308.73428000
1759629600000,122377.71000000,124362.28000000,122342.00000000,124031.44000000,2633.63494000
1759633200000,124031.44000000,124173.00000000,123344.98000000,123776.22000000,1077.99134000
1759636800000,123776.23000000,125708.42000000,123734.00000000,125172.81000000,3667.07177300
1759640400000,125172.81000000,125437.91000000,124876.72000000,125127.99000000,1956.24996000
1759644000000,125127.99000000,125225.54000000,124805.34000000,125000.01000000,821.20016000
1759647600000,125000.01000000,125164.26000000,124622.60000000,124713.63000000,898.02731000
1759651200000,124713.63000000,124838.37000000,124558.00000000,124595.99000000,532.28794000
1759654800000,124596.00000000,124665.37000000,122789.35000000,123020.50000000,2214.92936000
1759658400000,123020.51000000,123130.00000000,122520.24000000,123028.01000000,993.89021000
1759662000000,123028.01000000,123538.46000000,122850.00000000,123464.64000000,714.20213000
1759665600000,123464.64000000,123464.65000000,122927.17000000,123085.88000000,573.79261000
1759669200000,123085.89000000,123358.83000000,123070.46000000,123161.39000000,684.83212000
1759672800000,123161.40000000,123339.42000000,122770.32000000,123034.67000000,553.48643000
1759676400000,123034.67000000,123034.67000000,122675.00000000,122803.17000000,420.97888000
1759680000000,122803.17000000,123348.45000000,122301.63000000,123265.54000000,1014.58046000
1759683600000,123265.55000000,123464.00000000,122890.38000000,123057.05000000,390.32827000
1759687200000,123057.05000000,123220.30000000,122856.05000000,122999.44000000,586.52026000
1759690800000,122999.44000000,123026.00000000,122500.00000000,122591.79000000,394.73151000
1759694400000,122591.80000000,123055.05000000,122473.62000000,122705.32000000,347.70826000
1759698000000,122705.31000000,122801.44000000,122489.85000000,122729.99000000,239.86372000
1759701600000,122730.00000000,123278.76000000,122730.00000000,123237.40000000,329.01936000
1759705200000,123237.40000000,123548.83000000,123219.62000000,123482.31000000,497.37068000
1759708800000,123482.32000000,124358.46000000,123084.00000000,123347.29000000,1305.09536000
1759712400000,123347.29000000,124239.70000000,123192.01000000,124035.32000000,720.59287000
1759716000000,124035.33000000,124244.93000000,123476.04000000,124110.61000000,696.06889000
1759719600000,124110.61000000,124126.31000000,123742.64000000,123839.09000000,303.52731000
1759723200000,123839.09000000,123988.00000000,123554.27000000,123580.26000000,374.67011000
1759726800000,123580.27000000,123750.00000000,123294.93000000,123586.00000000,558.79238000
1759730400000,123586.01000000,124165.56000000,123586.00000000,123947.90000000,527.83575000
1759734000000,123947.91000000,124035.89000000,123280.49000000,123390.47000000,749.33011000
1759737600000,123390.47000000,123880.00000000,123390.46000000,123846.55000000,556.77898000
1759741200000,123846.56000000,124056.73000000,123779.31000000,123955.30000000,791.39727000
1759744800000,123955.29000000,124142.85000000,123899.42000000,123978.00000000,459.97878000
1759748400000,123978.00000000,124531.66000000,123735.73000000,124215.00000000,960.05678000
1759752000000,124215.00000000,124691.81000000,124178.00000000,124556.64000000,977.10945000
1759755600000,124556.65000000,125079.85000000,124385.74000000,125031.33000000,1406.49106000
1759759200000,125031.34000000,125330.00000000,124339.38000000,124530.00000000,1331.91784000
1759762800000,124529.99000000,125408.29000000,124513.35000000,125000.00000000,852.17645000
1759766400000,125000.00000000,125499.63000000,124800.00000000,125455.24000000,911.48586000
1759770000000,125455.25000000,125819.20000000,125126.67000000,125284.00000000,1451.39316000
1759773600000,125284.01000000,126199.63000000,125044.46000000,126011.18000000,1439.87325300
1759777200000,126011.18000000,126134.71000000,125252.74000000,125410.81000000,919.42008000
1759780800000,125410.80000000,125534.00000000,125032.01000000,125211.02000000,512.32035000
1759784400000,125211.03000000,125268.50000000,124511.15000000,125097.85000000,907.58302000
1759788000000,125097.86000000,125298.43000000,124784.41000000,125039.13000000,416.67058000
1759791600000,125039.13000000,125100.00000000,124628.00000000,124658.54000000,364.06310000
1759795200000,124658.54000000,124925.14000000,124600.00000000,124900.93000000,399.28672000
1759798800000,124900.93000000,125082.27000000,124442.87000000,124699.99000000,470.23469000
1759802400000,124699.99000000,124700.00000000,124159.22000000,124259.90000000,524.92821000
1759806000000,124259.91000000,124568.44000000,124101.26000000,124329.74000000,379.16017000
1759809600000,124329.74000000,124654.47000000,124109.10000000,124500.00000000,438.34342000
1759813200000,124499.99000000,124640.76000000,124240.37000000,124414.17000000,424.20697000
1759816800000,124414.17000000,124460.00000000,123800.00000000,123890.84000000,862.57843000
1759820400000,123890.84000000,124038.00000000,123567.60000000,123667.99000000,730.09708000
1759824000000,123668.00000000,123999.98000000,123322.90000000,123861.75000000,1172.93284000
1759827600000,123861.75000000,124246.64000000,123861.74000000,124117.48000000,423.70195000
1759831200000,124117.48000000,124413.75000000,124020.00000000,124282.19000000,385.65308000
1759834800000,124282.18000000,124509.60000000,124179.99000000,124453.38000000,462.44628000
1759838400000,124453.37000000,125126.00000000,124340.00000000,124917.99000000,747.53263000
1759842000000,124918.00000000,125046.16000000,123288.00000000,123891.68000000,1734.89100000
1759845600000,123891.68000000,124000.00000000,122568.00000000,122725.36000000,2078.91770000
1759849200000,122725.36000000,122865.36000000,121172.89000000,121846.01000000,2798.67322000
1759852800000,121846.01000000,122084.14000000,120800.02000000,121684.17000000,2051.61019000
1759856400000,121684.17000000,121822.58000000,121100.00000000,121130.02000000,1241.13249000
1759860000000,121130.02000000,121306.13000000,120574.94000000,120895.37000000,1099.60495000
1759863600000,120895.37000000,122027.30000000,120860.46000000,121637.17000000,1334.54837000
1759867200000,121637.18000000,122196.48000000,121637.18000000,121943.61000000,493.62814000
1759870800000,121943.61000000,122292.62000000,121765.90000000,122016.00000000,397.91117000
1759874400000,122016.00000000,122173.50000000,121797.60000000,122011.17000000,404.31119000
1759878000000,122011.17000000,122022.88000000,121258.08000000,121332.95000000,577.66296000
1759881600000,121332.96000000,122089.68000000,121276.00000000,121914.09000000,651.73891000
1759885200000,121914.09000000,122056.00000000,121605.75000000,121950.01000000,519.56378000
1759888800000,121950.00000000,122229.66000000,121825.74000000,122048.28000000,534.11266000
1759892400000,122048.28000000,122048.28000000,121200.00000000,121374.75000000,701.35291000
1759896000000,121374.76000000,121910.24000000,121066.14000000,121900.00000000,712.46180000
1759899600000,121900.01000000,121900.01000000,121173.86000000,121374.01000000,708.85271000
1759903200000,121374.02000000,121841.54000000,121068.96000000,121784.29000000,552.19718000
1759906800000,121784.30000000,121872.37000000,121311.91000000,121597.06000000,697.34775000
1759910400000,121597.05000000,122850.00000000,121524.01000000,122381.85000000,1462.35304000
1759914000000,122381.84000000,122644.00000000,122381.84000000,122516.98000000,474.15682000
1759917600000,122516.99000000,123100.00000000,122498.05000000,122934.60000000,654.29848000
1759921200000,122934.61000000,123200.00000000,122743.36000000,122884.14000000,817.93210000
1759924800000,122884.14000000,123090.75000000,122542.27000000,122631.52000000,464.26090000
1759928400000,122631.52000000,122774.96000000,121649.68000000,122599.04000000,886.89853000
1759932000000,122599.04000000,123350.00000000,122112.16000000,122320.00000000,1462.74459000
1759935600000,122319.99000000,122622.55000000,121954.34000000,122189.72000000,559.46428000
1759939200000,122189.72000000,123129.23000000,122110.08000000,123051.03000000,641.94768000
1759942800000,123051.02000000,124164.36000000,122958.05000000,124033.19000000,1336.46427000
1759946400000,124033.19000000,124197.25000000,123415.58000000,123460.22000000,1152.35838000
1759950000000,123460.21000000,123759.94000000,123160.82000000,123450.00000000,664.75988000
1759953600000,123450.01000000,123737.00000000,122814.00000000,122856.69000000,673.60553000
1759957200000,122856.70000000,123332.01000000,122794.40000000,123277.33000000,261.93729000
1759960800000,123277.34000000,123416.73000000,123200.81000000,123200.82000000,132.25319000
1759964400000,123200.82000000,123537.11000000,123056.31000000,123306.00000000,289.55534000
1759968000000,123306.01000000,123348.32000000,122839.15000000,122839.15000000,383.18910000
1759971600000,122839.16000000,122857.32000000,122339.41000000,122548.23000000,649.56359000
1759975200000,122548.23000000,122548.23000000,121475.98000000,121617.81000000,831.85568000
1759978800000,121617.81000000,122120.28000000,121603.59000000,122038.01000000,454.57002000
1759982400000,122038.01000000,122264.00000000,121904.81000000,122144.70000000,328.47326000
1759986000000,122144.70000000,122196.99000000,121823.94000000,122100.92000000,394.74775000
1759989600000,122100.92000000,122185.98000000,121883.43000000,121957.32000000,336.40438000
1759993200000,121957.32000000,122067.61000000,121724.71000000,121906.10000000,391.52251000
1759996800000,121906.09000000,121960.97000000,121145.49000000,121261.62000000,951.24212000
1760000400000,121261.62000000,121855.44000000,121261.62000000,121813.04000000,495.55613000
1760004000000,121813.04000000,122340.00000000,121650.22000000,122170.27000000,462.62367000
1760007600000,122170.26000000,122833.02000000,122170.26000000,122737.57000000,780.01914000
1760011200000,122737.56000000,123762.94000000,122709.10000000,123563.38000000,1483.31285000
1760014800000,123563.38000000,123658.38000000,122277.76000000,122415.74000000,1233.13253000
1760018400000,122415.74000000,122608.00000000,120736.96000000,121315.00000000,2613.44219000
1760022000000,121315.01000000,121734.27000000,120673.99000000,121147.14000000,1236.17443000
1760025600000,121147.15000000,121481.90000000,119707.29000000,119819.77000000,2831.42858000
1760029200000,119819.76000000,121046.15000000,119651.47000000,120974.00000000,1671.39797000
1760032800000,120971.22000000,121100.00000000,120396.00000000,120649.32000000,956.31004000
1760036400000,120649.33000000,121108.12000000,120649.32000000,120951.72000000,714.92310000
1760040000000,120951.72000000,121199.97000000,120838.00000000,121109.09000000,743.67096000
1760043600000,121109.08000000,121512.70000000,121065.77000000,121461.02000000,436.22306000
1760047200000,121461.03000000,121768.01000000,121411.55000000,121686.19000000,467.98367000
1760050800000,121686.19000000,121900.00000000,121341.22000000,121662.40000000,711.59334000
1760054400000,121662.41000000,121863.74000000,121595.75000000,121745.27000000,292.90359000
1760058000000,121745.26000000,121874.13000000,121489.06000000,121623.97000000,353.28358000
1760061600000,121623.96000000,121651.33000000,120900.00000000,121059.73000000,812.25118000
1760065200000,121059.73000000,121575.99000000,120909.15000000,121026.01000000,636.24310000
1760068800000,121026.00000000,121388.58000000,121018.33000000,121234.51000000,480.17378000
1760072400000,121234.52000000,121604.49000000,120986.08000000,121583.89000000,503.29572000
1760076000000,121583.89000000,121754.34000000,121265.26000000,121378.18000000,687.86577000
1760079600000,121378.19000000,121388.61000000,120855.41000000,120932.05000000,895.21452000
1760083200000,120932.05000000,121660.43000000,120916.44000000,121631.54000000,433.11300000
1760086800000,121631.54000000,121777.07000000,121276.56000000,121314.73000000,473.35018000
1760090400000,121314.73000000,121543.59000000,121228.83000000,121496.33000000,289.70624000
1760094000000,121496.34000000,121661.62000000,121424.50000000,121554.55000000,357.66752000
1760097600000,121554.55000000,121682.42000000,121420.00000000,121597.21000000,288.32785000
1760101200000,121597.22000000,122550.00000000,121384.60000000,121684.20000000,1452.77007000
1760104800000,121684.18000000,122069.76000000,120479.20000000,120493.17000000,1335.80488000
1760108400000,120493.16000000,120626.55000000,118500.00000000,119018.98000000,4690.68973000
1760112000000,119018.99000000,119456.28000000,118205.60000000,118205.61000000,2074.44286000
1760115600000,118205.61000000,118427.51000000,117579.79000000,117623.80000000,2197.93519000
1760119200000,117623.80000000,117851.50000000,117237.00000000,117237.70000000,1448.75320000
1760122800000,117237.70000000,117341.92000000,115952.47000000,116661.50000000,2733.41302000
1760126400000,116661.50000000,117214.64000000,113039.00000000,114266.82000000,4454.56036000
1760130000000,114266.82000000,115112.69000000,102000.00000000,113451.86000000,22932.63034000
1760133600000,113451.87000000,114109.03000000,110879.69000000,113700.00000000,9370.17448000
1760137200000,113700.00000000,114807.41000000,112652.76000000,112774.50000000,4977.36911000
1760140800000,112774.49000000,113178.66000000,111620.30000000,112514.58000000,3620.32878000
1760144400000,112514.57000000,112530.01000000,111019.43000000,111095.37000000,2796.42603000
1760148000000,111095.38000000,113297.92000000,111082.00000000,113196.48000000,2926.55879000
1760151600000,113196.48000000,113322.39000000,111800.00000000,112300.01000000,2190.21309000
1760155200000,112300.00000000,112991.16000000,111700.00000000,112945.79000000,1446.73937000
1760158800000,112945.79000000,112945.79000000,111992.85000000,112389.48000000,1256.87010000
1760162400000,112389.48000000,112753.91000000,112000.00000000,112045.99000000,1208.64004000
1760166000000,112046.00000000,112084.61000000,110090.29000000,110384.61000000,3230.51321000
1760169600000,110384.60000000,111535.29000000,110162.23000000,111328.38000000,1981.19694000
1760173200000,111328.38000000,111887.19000000,111274.41000000,111642.78000000,1627.28360000
1760176800000,111642.78000000,112271.34000000,111621.77000000,112114.64000000,1350.75190000
1760180400000,112114.63000000,112359.67000000,111700.00000000,112280.00000000,969.90748000
1760184000000,112280.01000000,112466.66000000,112037.98000000,112380.14000000,997.55713000
1760187600000,112380.13000000,112500.00000000,111890.33000000,112267.86000000,973.48531000
1760191200000,112267.86000000,112342.11000000,111890.29000000,111991.97000000,1058.55252000
1760194800000,111991.97000000,112385.93000000,111793.20000000,111793.20000000,651.64855000
1760198400000,111793.21000000,112089.92000000,111442.91000000,111846.18000000,834.57688000
1760202000000,111846.18000000,112185.53000000,111715.99000000,112005.57000000,678.72551000
1760205600000,112005.56000000,112025.40000000,111836.45000000,111955.27000000,292.78948000
1760209200000,111955.27000000,112025.40000000,110865.82000000,111178.31000000,1332.81972000
1760212800000,111178.30000000,111368.29000000,109653.65000000,110244.98000000,1752.53778000
1760216400000,110244.98000000,111000.00000000,109561.59000000,110893.54000000,1099.41658000
1760220000000,110893.55000000,111291.61000000,110652.00000000,111043.27000000,571.09600000
1760223600000,111043.26000000,111114.46000000,110644.00000000,110644.40000000,599.88173000
1760227200000,110644.40000000,110685.63000000,109565.06000000,109641.54000000,1171.55172000
1760230800000,109641.54000000,110318.01000000,109641.46000000,109978.56000000,1205.41028000
1760234400000,109978.56000000,110708.89000000,109600.00000000,110119.02000000,1047.04823000
1760238000000,110119.02000000,111368.14000000,110002.20000000,110676.00000000,1361.57401000
1760241600000,110676.00000000,111957.14000000,110617.10000000,111524.87000000,887.82401000
1760245200000,111524.87000000,111816.04000000,111188.00000000,111700.38000000,537.50918000
1760248800000,111700.38000000,112125.51000000,111616.00000000,111686.01000000,764.04714000
1760252400000,111686.02000000,111933.85000000,111491.09000000,111525.20000000,541.91728000
1760256000000,111525.19000000,111798.99000000,111300.00000000,111310.90000000,573.49914000
1760259600000,111310.90000000,111920.01000000,111139.87000000,111837.04000000,596.04536000
1760263200000,111837.05000000,112026.63000000,111450.00000000,111651.64000000,536.97781000
1760266800000,111651.64000000,112133.33000000,111477.61000000,111848.36000000,1104.29864000
1760270400000,111848.35000000,112250.00000000,111555.00000000,111789.60000000,1014.55206000
1760274000000,111789.61000000,111934.51000000,111265.99000000,111297.52000000,1163.81644000
1760277600000,111297.51000000,112990.90000000,111177.75000000,112338.10000000,2798.77100000
1760281200000,112338.11000000,113745.84000000,112078.00000000,113198.20000000,4043.27714000
1760284800000,113198.20000000,114700.00000000,113198.20000000,114069.35000000,3600.56207000
1760288400000,114069.35000000,114466.94000000,113516.38000000,113799.99000000,1614.34137000
1760292000000,113799.99000000,114236.87000000,113553.81000000,113878.93000000,817.92540000
1760295600000,113878.93000000,114396.69000000,113826.65000000,114342.28000000,602.52008000
1760299200000,114342.28000000,115468.65000000,114342.27000000,114927.97000000,1817.36254000
1760302800000,114927.97000000,115600.00000000,114217.75000000,114882.06000000,1611.66087000
1760306400000,114882.06000000,115770.00000000,114882.06000000,115221.40000000,1743.39625000
1760310000000,115221.40000000,115350.80000000,114733.65000000,114958.80000000,1099.41470000
1760313600000,114958.81000000,115888.00000000,114766.69000000,115280.84000000,1480.23716000
1760317200000,115280.83000000,115750.00000000,115079.18000000,115713.32000000,814.49823000
1760320800000,115713.31000000,115963.81000000,115001.62000000,115319.97000000,982.84078000
1760324400000,115319.98000000,115613.70000000,114619.45000000,114821.12000000,846.03241000
1760328000000,114821.13000000,115000.00000000,114398.24000000,114708.15000000,1086.01022000
1760331600000,114708.15000000,114834.70000000,114500.02000000,114611.82000000,834.97755000
1760335200000,114611.82000000,115379.84000000,114417.77000000,115221.22000000,599.41221000
1760338800000,115221.23000000,115554.83000000,115034.00000000,115399.67000000,916.61315000
1760342400000,115399.66000000,115438.17000000,115138.00000000,115254.23000000,644.85187000
1760346000000,115254.23000000,115254.23000000,114748.38000000,115127.04000000,1037.56556000
1760349600000,115127.05000000,115162.00000000,114740.34000000,114810.62000000,896.68402000
1760353200000,114810.61000000,114810.61000000,113616.50000000,114180.00000000,1981.76101000
1760356800000,114180.00000000,114748.97000000,113931.16000000,114412.26000000,1209.47056000
1760360400000,114412.25000000,115530.00000000,114220.07000000,115345.79000000,1815.19891000
1760364000000,115345.79000000,115476.18000000,113800.01000000,114036.63000000,1434.88366000
1760367600000,114036.63000000,114727.95000000,113968.02000000,114312.10000000,1078.57574000
1760371200000,114312.09000000,115174.00000000,114270.89000000,114669.24000000,985.04262000
1760374800000,114669.25000000,115053.43000000,114215.79000000,115040.55000000,669.90056000
1760378400000,115040.55000000,115377.48000000,114710.00000000,115160.63000000,724.92234000
1760382000000,115160.63000000,115891.30000000,115070.00000000,115792.84000000,989.05749000
1760385600000,115792.84000000,115868.00000000,115400.00000000,115713.37000000,419.35754000
1760389200000,115713.37000000,115786.04000000,115553.33000000,115700.00000000,221.77830000
1760392800000,115700.00000000,115835.04000000,115442.67000000,115507.19000000,332.95022000
1760396400000,115507.20000000,115507.20000000,115005.44000000,115166.00000000,554.61822000
1760400000000,115166.00000000,115409.96000000,114871.93000000,114959.03000000,759.03973000
1760403600000,114959.02000000,114991.99000000,114137.93000000,114274.57000000,705.31924000
1760407200000,114274.57000000,114298.08000000,113647.05000000,113647.05000000,851.40075000
1760410800000,113647.05000000,113700.00000000,113279.76000000,113500.00000000,1141.08489000
1760414400000,113500.00000000,113599.99000000,112787.00000000,113062.09000000,1189.90441000
1760418000000,113062.09000000,113691.00000000,112390.00000000,112493.11000000,1796.26245000
1760421600000,112493.10000000,112699.21000000,111355.01000000,111987.38000000,1853.68057000
1760425200000,111987.39000000,112194.00000000,111445.72000000,111724.41000000,1446.45172000
1760428800000,111724.41000000,112140.00000000,111513.63000000,111803.33000000,979.88421000
1760432400000,111803.33000000,112000.00000000,111055.91000000,111287.89000000,937.93171000
1760436000000,111287.90000000,111336.11000000,110012.24000000,110623.58000000,1937.91268000
1760439600000,110623.58000000,111630.28000000,110614.25000000,111313.98000000,1426.10618000
1760443200000,111313.98000000,111361.15000000,110737.29000000,110803.28000000,976.90627000
1760446800000,110803.29000000,111329.71000000,109866.00000000,111014.38000000,2420.02151000
1760450400000,111014.38000000,112200.00000000,110905.73000000,111435.21000000,2108.64964000
1760454000000,111435.20000000,112943.82000000,111062.15000000,112900.43000000,1681.40989000
1760457600000,112900.44000000,113187.62000000,112189.42000000,112328.83000000,2429.54292000
1760461200000,112328.83000000,112933.65000000,111692.31000000,112774.97000000,2031.41315000
1760464800000,112774.98000000,113450.00000000,112662.72000000,112861.36000000,1289.26282000
1760468400000,112861.36000000,113544.53000000,112021.59000000,112613.70000000,1685.79274000
1760472000000,112613.69000000,113008.47000000,112230.46000000,112992.87000000,564.85759000
1760475600000,112992.88000000,113186.00000000,112683.58000000,113128.70000000,561.06072000
1760479200000,113128.70000000,113577.00000000,112822.16000000,113211.87000000,588.63193000
1760482800000,113211.87000000,113520.00000000,112998.22000000,113028.14000000,507.80202000
1760486400000,113028.13000000,113112.41000000,112602.02000000,112993.86000000,1081.32570000
1760490000000,112993.85000000,113005.57000000,112326.26000000,112738.17000000,870.72777000
1760493600000,112738.17000000,113612.35000000,112673.90000000,112809.94000000,812.09712000
1760497200000,112809.94000000,112866.77000000,111825.93000000,112024.29000000,762.39853000
1760500800000,112024.30000000,112465.50000000,111746.76000000,112344.81000000,1145.73005000
1760504400000,112344.81000000,112659.00000000,112188.74000000,112431.95000000,623.36683000
1760508000000,112431.95000000,112563.80000000,111896.07000000,112460.47000000,740.50832000
1760511600000,112460.48000000,112680.00000000,112235.76000000,112584.50000000,932.59854000
1760515200000,112584.49000000,113520.88000000,112550.00000000,112944.85000000,1236.81640000
1760518800000,112944.84000000,113127.39000000,112380.80000000,112564.01000000,848.43925000
1760522400000,112564.00000000,112645.61000000,112072.86000000,112266.71000000,847.65271000
1760526000000,112266.70000000,112600.00000000,111693.26000000,111905.73000000,766.17498000
1760529600000,111905.72000000,112085.68000000,111400.00000000,111711.25000000,1005.50463000
1760533200000,111711.25000000,112011.75000000,110725.40000000,111389.00000000,1971.06330000
1760536800000,111389.01000000,112238.41000000,110800.00000000,111059.76000000,1777.74911000
1760540400000,111059.77000000,111588.69000000,110400.00000000,110798.01000000,1836.18334000
1760544000000,110798.01000000,111125.18000000,110602.80000000,110748.00000000,830.13195000
1760547600000,110748.00000000,111186.78000000,110164.00000000,111186.78000000,1335.06163000
1760551200000,111186.77000000,111512.41000000,110826.21000000,111444.76000000,562.70484000
1760554800000,111444.76000000,111557.70000000,111099.33000000,111271.73000000,589.84937000
1760558400000,111271.73000000,111556.27000000,110515.84000000,111109.76000000,852.76487000
1760562000000,111109.77000000,111424.69000000,110500.00000000,110854.19000000,779.36355000
1760565600000,110854.20000000,111395.82000000,110667.97000000,110667.97000000,422.73990000
1760569200000,110667.97000000,111006.00000000,110590.10000000,110763.28000000,355.53542000
1760572800000,110763.28000000,110856.11000000,110361.00000000,110431.27000000,753.88930000
1760576400000,110431.27000000,111330.00000000,110417.32000000,111299.99000000,776.36767000
1760580000000,111300.00000000,111562.24000000,111014.12000000,111510.43000000,544.40968000
1760583600000,111510.43000000,111867.17000000,111271.49000000,111329.48000000,640.75803000
1760587200000,111329.48000000,111675.21000000,110800.88000000,110966.03000000,573.55869000
1760590800000,110966.03000000,111485.03000000,110750.00000000,110951.14000000,831.06310000
1760594400000,110951.13000000,111716.86000000,110922.17000000,111666.83000000,576.47831000
1760598000000,111666.83000000,111773.70000000,110553.19000000,110584.20000000,1116.04250000
1760601600000,110584.21000000,110893.91000000,110405.00000000,110817.50000000,898.50628000
1760605200000,110817.50000000,111633.14000000,109635.15000000,111146.31000000,2599.38969000
1760608800000,111146.31000000,111728.70000000,111021.02000000,111469.63000000,1021.52177000
1760612400000,111469.63000000,111567.85000000,111001.44000000,111404.72000000,762.70034000
1760616000000,111404.73000000,111982.45000000,111332.18000000,111519.07000000,925.41606000
1760619600000,111519.08000000,111548.00000000,110684.32000000,110860.00000000,1245.15513000
1760623200000,110860.00000000,111420.02000000,109728.00000000,110529.34000000,2218.73000000
1760626800000,110529.35000000,110727.35000000,108361.69000000,108549.21000000,3863.51050000
1760630400000,108549.21000000,109254.00000000,107577.57000000,109232.43000000,3658.11859000
1760634000000,109232.43000000,109244.91000000,108227.54000000,108276.70000000,1542.50028000
1760637600000,108276.69000000,108656.30000000,107680.00000000,108656.19000000,1228.35335000
1760641200000,108656.19000000,108751.02000000,107685.40000000,108197.66000000,1826.29670000
1760644800000,108197.67000000,108424.11000000,107427.00000000,107838.01000000,941.04286000
1760648400000,107838.00000000,108463.31000000,107592.00000000,108443.70000000,490.84182000
1760652000000,108443.71000000,108500.00000000,107783.76000000,107798.85000000,451.11345000
1760655600000,107798.85000000,108420.73000000,107736.56000000,108194.28000000,371.40842000
1760659200000,108194.27000000,108849.19000000,107934.40000000,108800.00000000,657.03622000
1760662800000,108799.99000000,109115.08000000,108506.79000000,108839.84000000,663.22366000
1760666400000,108839.84000000,109082.80000000,108390.21000000,108972.97000000,559.71151000
1760670000000,108972.98000000,109240.00000000,108910.45000000,109176.74000000,537.92170000
1760673600000,109176.74000000,109236.01000000,108786.00000000,108787.26000000,487.87266000
1760677200000,108787.26000000,108926.06000000,108299.12000000,108381.76000000,800.45747000
1760680800000,108381.75000000,108519.49000000,106639.79000000,106741.28000000,2840.49166000
1760684400000,106741.28000000,106901.85000000,105542.09000000,105633.75000000,3891.25354000
1760688000000,105633.75000000,105716.15000000,104505.00000000,104884.38000000,4632.98336000
1760691600000,104884.38000000,105626.67000000,104520.70000000,104531.35000000,2034.60892000
1760695200000,104530.00000000,104926.19000000,103528.23000000,104751.99000000,3620.28453000
1760698800000,104751.99000000,106651.22000000,104674.00000000,105683.72000000,3620.45641000
1760702400000,105683.71000000,106070.14000000,105227.45000000,105350.40000000,1384.38576000
1760706000000,105350.40000000,106166.00000000,104876.19000000,105835.63000000,2340.35273000
1760709600000,105835.62000000,105989.01000000,104533.21000000,105163.42000000,1894.44771000
1760713200000,105163.41000000,106852.14000000,105087.29000000,106803.53000000,2228.15693000
1760716800000,106803.52000000,107575.60000000,106239.75000000,106372.34000000,1909.04788000
1760720400000,106372.34000000,106729.00000000,106071.42000000,106453.27000000,723.50939000
1760724000000,106453.26000000,107089.99000000,106453.26000000,106647.11000000,761.17199000
1760727600000,106647.11000000,106889.11000000,106233.65000000,106454.72000000,522.73818000
1760731200000,106457.24000000,107177.08000000,106342.47000000,107021.37000000,502.81407000
1760734800000,107021.38000000,107440.02000000,107016.87000000,107301.40000000,474.97927000
1760738400000,107301.41000000,107415.73000000,106807.50000000,107000.10000000,467.14000000
1760742000000,107000.09000000,107000.10000000,106392.08000000,106431.68000000,365.62283000
1760745600000,106431.68000000,106845.52000000,106322.20000000,106845.52000000,471.69377000
1760749200000,106845.52000000,107306.06000000,106824.00000000,107149.30000000,525.12520000
1760752800000,107149.30000000,107297.87000000,106493.23000000,106597.98000000,923.59727000
1760756400000,106597.97000000,107126.55000000,106573.60000000,107070.40000000,747.88716000
1760760000000,107070.41000000,107070.41000000,106439.38000000,106478.71000000,738.59104000
1760763600000,106478.66000000,106842.50000000,106478.66000000,106812.52000000,357.02039000
1760767200000,106812.52000000,106950.00000000,106711.95000000,106839.96000000,582.06053000
1760770800000,106839.97000000,107499.00000000,106607.20000000,106665.00000000,1298.66311000
1760774400000,106665.01000000,106966.62000000,106605.93000000,106719.20000000,1204.63747000
1760778000000,106719.20000000,106938.00000000,106629.66000000,106884.41000000,371.44202000
1760781600000,106884.41000000,107145.81000000,106788.41000000,106924.47000000,365.74020000
1760785200000,106924.47000000,107222.00000000,106770.00000000,107208.60000000,394.90850000
1760788800000,107208.61000000,107300.00000000,106965.23000000,107065.17000000,265.11201000
1760792400000,107065.17000000,107102.14000000,106810.00000000,106888.78000000,270.57628000
1760796000000,106888.77000000,107111.11000000,106739.33000000,107028.36000000,552.94765000
1760799600000,107028.37000000,107146.18000000,106815.86000000,106948.75000000,336.98269000
1760803200000,106948.75000000,107063.89000000,106484.00000000,106664.01000000,353.04791000
1760806800000,106664.01000000,106955.79000000,106567.95000000,106880.03000000,246.03342000
1760810400000,106880.04000000,106920.00000000,106722.72000000,106843.75000000,158.99856000
1760814000000,106843.75000000,107091.87000000,106762.83000000,107080.14000000,153.17902000
1760817600000,107080.14000000,107339.03000000,107000.00000000,107018.51000000,262.63077000
1760821200000,107018.50000000,107220.24000000,106851.84000000,107177.05000000,198.46296000
1760824800000,107177.05000000,107283.71000000,107067.54000000,107125.87000000,219.09125000
1760828400000,107125.88000000,107200.00000000,107014.58000000,107185.01000000,124.75848000
1760832000000,107185.00000000,107267.20000000,106755.88000000,106898.03000000,393.96341000
1760835600000,106898.03000000,106988.81000000,106734.17000000,106973.26000000,184.14483000
1760839200000,106973.27000000,107000.00000000,106805.05000000,106847.02000000,121.85742000
1760842800000,106847.03000000,107367.16000000,106802.32000000,107275.78000000,358.14644000
1760846400000,107275.79000000,107290.00000000,106949.90000000,107046.90000000,256.58858000
1760850000000,107046.89000000,107180.00000000,106794.23000000,106888.59000000,516.95583000
1760853600000,106888.60000000,106909.98000000,106558.61000000,106777.75000000,315.62124000
1760857200000,106777.75000000,106912.08000000,106702.00000000,106786.00000000,158.03024000
1760860800000,106786.00000000,107203.29000000,106278.74000000,106443.95000000,969.35569000
1760864400000,106443.96000000,108213.04000000,106103.36000000,107401.47000000,2187.76100000
1760868000000,107401.47000000,107887.99000000,106999.57000000,107882.71000000,889.96820000
1760871600000,107882.71000000,108260.50000000,107633.05000000,107783.47000000,1012.47378000
1760875200000,107783.47000000,107859.42000000,107421.90000000,107631.43000000,816.58870000
1760878800000,107631.43000000,108227.44000000,107355.02000000,108096.34000000,912.20232000
1760882400000,108096.33000000,108508.00000000,107887.28000000,108405.47000000,1356.87620000
1760886000000,108405.47000000,108621.68000000,108328.25000000,108486.70000000,550.80586000
1760889600000,108486.71000000,108988.27000000,108240.00000000,108624.19000000,746.00280000
1760893200000,108624.19000000,109437.43000000,108615.20000000,109113.52000000,842.94186000
1760896800000,109113.53000000,109450.07000000,109037.50000000,109383.01000000,390.21394000
1760900400000,109383.00000000,109383.01000000,108800.57000000,108908.43000000,451.40437000
1760904000000,108908.43000000,108984.90000000,108810.17000000,108845.06000000,661.43199000
1760907600000,108845.07000000,108869.87000000,108620.00000000,108744.82000000,272.94763000
1760911200000,108744.83000000,109370.99000000,108744.83000000,109146.80000000,673.56143000
1760914800000,109146.80000000,109146.80000000,108471.10000000,108642.78000000,440.82047000
1760918400000,108642.77000000,108642.77000000,107402.52000000,108047.46000000,1198.86530000
1760922000000,108047.46000000,108276.04000000,107894.00000000,108053.58000000,602.84285000
1760925600000,108053.57000000,108970.51000000,107854.71000000,108767.02000000,605.86943000
1760929200000,108767.03000000,110427.86000000,108571.59000000,110145.44000000,1275.97750000
1760932800000,110145.45000000,110535.13000000,109951.96000000,110422.10000000,865.34314000
1760936400000,110422.10000000,111111.00000000,110291.27000000,111033.79000000,991.81207000
1760940000000,111033.79000000,111377.34000000,111001.91000000,111298.55000000,1196.86696000
1760943600000,111298.55000000,111445.67000000,111050.78000000,111169.92000000,913.95455000
1760947200000,111169.91000000,111679.25000000,110943.40000000,111097.15000000,925.77025000
1760950800000,111097.16000000,111200.00000000,110691.96000000,110964.13000000,1095.42239000
1760954400000,110964.14000000,111098.01000000,110612.00000000,110731.78000000,644.26773000
1760958000000,110731.78000000,111026.93000000,110608.27000000,111016.75000000,787.40667000
1760961600000,111016.75000000,111203.06000000,110780.00000000,110843.81000000,425.00243000
1760965200000,110843.82000000,111203.06000000,110588.23000000,111161.35000000,666.08434000
1760968800000,111161.35000000,111395.84000000,110736.00000000,111210.86000000,911.55485000
1760972400000,111210.86000000,111705.56000000,111001.34000000,111144.55000000,1003.56342000
1760976000000,111144.55000000,111303.05000000,110110.00000000,110683.19000000,1717.87854000
1760979600000,110683.20000000,111071.40000000,109855.83000000,110282.76000000,1077.41690000
1760983200000,110282.76000000,110968.98000000,110220.00000000,110937.92000000,457.18317000
1760986800000,110937.92000000,111067.33000000,110542.00000000,110803.22000000,464.17808000
1760990400000,110803.22000000,111272.00000000,110665.03000000,111091.46000000,480.99811000
1760994000000,111091.46000000,111243.64000000,110464.91000000,110563.20000000,332.06604000
1760997600000,110563.20000000,110867.39000000,110418.25000000,110794.08000000,267.98447000
1761001200000,110794.08000000,110828.75000000,110521.85000000,110532.09000000,285.13241000
1761004800000,110532.09000000,110532.09000000,110168.00000000,110446.69000000,437.52159000
1761008400000,110446.68000000,110489.41000000,109555.00000000,109863.19000000,677.11170000
1761012000000,109863.18000000,109922.89000000,109303.86000000,109514.92000000,773.29938000
1761015600000,109514.92000000,109620.31000000,109052.09000000,109059.22000000,517.88075000
1761019200000,109059.23000000,109059.23000000,107650.94000000,107779.70000000,1936.39331000
1761022800000,107779.71000000,107979.46000000,107473.72000000,107537.12000000,1531.85421000
1761026400000,107537.12000000,108200.00000000,107499.19000000,107909.79000000,754.26623000
1761030000000,107909.79000000,108200.00000000,107645.21000000,108086.37000000,707.81305000
1761033600000,108086.38000000,108098.72000000,107484.22000000,107695.79000000,804.21106000
1761037200000,107695.79000000,107866.72000000,107540.09000000,107754.27000000,543.10308000
1761040800000,107754.27000000,108811.47000000,107580.00000000,108499.56000000,1096.00730000
1761044400000,108499.56000000,108639.76000000,108169.81000000,108580.01000000,546.40513000
1761048000000,108580.00000000,109485.78000000,108466.48000000,108793.40000000,1229.63283000
1761051600000,108793.39000000,108913.68000000,107922.06000000,108426.98000000,1261.18680000
1761055200000,108426.98000000,112290.31000000,108408.00000000,112170.52000000,3335.72830000
1761058800000,112170.52000000,113557.62000000,111716.91000000,113422.61000000,4175.55944000
1761062400000,113422.60000000,114000.00000000,112465.33000000,112565.88000000,2654.63776000
1761066000000,112565.88000000,112993.67000000,111813.18000000,111973.42000000,5531.17962000
1761069600000,111973.41000000,112297.14000000,111324.29000000,111990.55000000,1962.19243000
1761073200000,111990.55000000,112200.00000000,111562.94000000,111780.39000000,583.46835000
1761076800000,111780.40000000,111801.41000000,110554.22000000,110787.56000000,1166.16267000
1761080400000,110787.56000000,111111.00000000,110111.00000000,110816.32000000,986.90737000
1761084000000,110816.33000000,110816.33000000,108271.68000000,109066.98000000,2484.48697000
1761087600000,109066.98000000,109423.19000000,108045.81000000,108297.67000000,1531.00726000
1761091200000,108297.66000000,108643.61000000,107841.20000000,107986.14000000,1537.60176000
1761094800000,107986.15000000,108460.02000000,107986.14000000,108364.21000000,1493.26761000
1761098400000,108364.22000000,108678.21000000,108198.85000000,108198.85000000,699.65823000
1761102000000,108198.85000000,108219.12000000,107860.92000000,108216.02000000,1121.03699000
1761105600000,108216.03000000,108635.92000000,108162.09000000,108625.60000000,696.45277000
1761109200000,108625.61000000,108638.99000000,107879.93000000,108166.81000000,1434.44211000
1761112800000,108166.82000000,108331.75000000,107945.50000000,107980.02000000,675.25677000
1761116400000,107980.02000000,108321.64000000,107610.00000000,108321.63000000,1077.00799000
1761120000000,108321.64000000,108358.76000000,108079.86000000,108229.30000000,505.66169000
1761123600000,108229.30000000,108274.43000000,107773.89000000,107963.13000000,557.31037000
1761127200000,107963.12000000,108114.80000000,107650.00000000,107657.98000000,497.00462000
1761130800000,107657.98000000,108207.99000000,106708.18000000,107555.05000000,2452.68318000
1761134400000,107555.04000000,108399.00000000,107443.01000000,108044.96000000,841.76229000
1761138000000,108044.96000000,109014.34000000,107630.39000000,108783.36000000,1889.17586000
1761141600000,108783.35000000,108998.00000000,107500.00000000,108947.50000000,3240.71769000
1761145200000,108947.49000000,109163.88000000,107737.04000000,108416.50000000,1954.01743000
1761148800000,108416.50000000,108796.42000000,107877.27000000,108226.00000000,1590.12287000
1761152400000,108226.00000000,108339.89000000,107566.65000000,107778.45000000,913.68528000
1761156000000,107778.45000000,108200.00000000,107463.29000000,108023.33000000,668.80381000
1761159600000,108023.33000000,108411.61000000,107685.61000000,107870.35000000,835.44242000
1761163200000,107870.35000000,108069.93000000,107500.00000000,107696.03000000,1003.67170000
1761166800000,107696.03000000,107749.02000000,106666.69000000,107207.98000000,1548.13803000
1761170400000,107207.98000000,107683.25000000,106917.57000000,107196.82000000,742.32871000
1761174000000,107196.82000000,107946.15000000,107169.69000000,107567.44000000,635.53433000
1761177600000,107567.45000000,107980.52000000,107500.00000000,107845.30000000,396.06020000
1761181200000,107845.30000000,108500.00000000,107813.20000000,108150.00000000,1012.18554000
1761184800000,108150.01000000,108410.30000000,108058.66000000,108410.29000000,360.75702000
1761188400000,108410.29000000,108720.39000000,108323.59000000,108377.96000000,604.50041000
1761192000000,108377.96000000,108940.33000000,108350.36000000,108644.32000000,394.82009000
1761195600000,108644.31000000,108991.81000000,108622.05000000,108940.58000000,448.44483000
1761199200000,108940.58000000,110298.29000000,108849.07000000,110246.94000000,1472.30240000
1761202800000,110246.93000000,110273.48000000,109207.75000000,109269.90000000,999.21853000
1761206400000,109269.90000000,109903.83000000,109245.48000000,109505.44000000,737.41671000
1761210000000,109505.45000000,109545.76000000,109123.01000000,109426.99000000,503.07972000
1761213600000,109427.00000000,109701.90000000,109370.05000000,109439.20000000,401.49030000
1761217200000,109439.20000000,109655.89000000,109100.40000000,109253.89000000,562.02430000
1761220800000,109253.88000000,109253.89000000,108685.72000000,109164.94000000,953.31213000
1761224400000,109164.95000000,109650.01000000,108800.01000000,109500.62000000,1286.55668000
1761228000000,109500.62000000,109851.62000000,108723.13000000,109594.90000000,1111.45274000
1761231600000,109594.90000000,110109.99000000,109486.38000000,109908.28000000,933.26870000
1761235200000,109908.29000000,110576.50000000,109647.34000000,110263.74000000,883.87893000
1761238800000,110263.74000000,111293.61000000,109650.00000000,111241.71000000,1605.70962000
1761242400000,111241.71000000,111289.36000000,110261.48000000,110571.66000000,761.73368000
1761246000000,110571.66000000,110619.90000000,110106.00000000,110200.00000000,388.99846000
1761249600000,110200.01000000,110200.01000000,109341.28000000,109524.81000000,629.20848000
1761253200000,109524.81000000,109727.22000000,109380.12000000,109532.97000000,424.08473000
1761256800000,109532.96000000,110158.37000000,109517.37000000,109943.94000000,443.21336000
1761260400000,109943.95000000,110099.17000000,109839.00000000,110078.18000000,259.37538000
1761264000000,110078.19000000,110709.22000000,109983.93000000,110500.28000000,531.07612000
1761267600000,110500.29000000,110665.53000000,110141.38000000,110585.08000000,371.99990000
1761271200000,110585.09000000,110829.67000000,110358.34000000,110570.12000000,303.69215000
1761274800000,110570.13000000,110630.81000000,110274.85000000,110441.46000000,332.11629000
1761278400000,110441.46000000,111470.32000000,110332.00000000,111178.55000000,958.63918000
1761282000000,111178.54000000,111310.31000000,110941.02000000,111261.36000000,515.30958000
1761285600000,111261.37000000,111488.00000000,111120.71000000,111464.36000000,480.69090000
1761289200000,111464.36000000,111522.30000000,110768.23000000,111054.61000000,750.55477000
1761292800000,111054.61000000,111226.02000000,110680.01000000,111097.80000000,627.57826000
1761296400000,111097.79000000,111482.99000000,111000.00000000,111324.51000000,446.13074000
1761300000000,111324.51000000,111325.42000000,111069.46000000,111114.03000000,346.40996000
1761303600000,111114.03000000,111267.99000000,110600.00000000,111066.29000000,561.52762000
1761307200000,111066.29000000,112104.98000000,110867.15000000,111297.01000000,1692.92113000
1761310800000,111297.02000000,111451.47000000,110379.51000000,110937.94000000,1200.08389000
1761314400000,110937.94000000,110937.95000000,109700.01000000,110219.17000000,1902.54077000
1761318000000,110219.17000000,110620.00000000,109896.51000000,110046.91000000,737.57678000
1761321600000,110046.92000000,110387.79000000,109797.13000000,110261.81000000,441.40283000
1761325200000,110261.81000000,110571.18000000,110180.74000000,110235.22000000,368.64619000
1761328800000,110235.22000000,110639.04000000,110166.00000000,110619.39000000,336.10914000
1761332400000,110619.39000000,110945.39000000,110525.06000000,110615.07000000,323.90966000
1761336000000,110615.07000000,111025.95000000,110478.00000000,110893.70000000,514.06470000
1761339600000,110893.69000000,111100.00000000,110646.64000000,111085.57000000,915.59401000
1761343200000,111085.57000000,111138.62000000,110927.23000000,111023.01000000,203.92240000
1761346800000,111023.01000000,111123.87000000,110882.05000000,111004.89000000,142.67216000
1761350400000,111004.90000000,111044.86000000,110672.86000000,110766.60000000,210.65830000
1761354000000,110766.61000000,111226.67000000,110750.00000000,111070.31000000,235.37952000
1761357600000,111070.31000000,111128.91000000,110950.02000000,111025.77000000,134.00021000
1761361200000,111025.77000000,111136.65000000,110998.21000000,111029.99000000,249.31110000
1761364800000,111029.99000000,111458.81000000,111029.99000000,111228.00000000,411.01306000
1761368400000,111228.00000000,111433.54000000,111093.99000000,111386.79000000,235.19046000
1761372000000,111386.78000000,111497.10000000,111261.01000000,111366.42000000,334.48878000
1761375600000,111366.43000000,111820.87000000,111366.43000000,111489.60000000,436.39799000
1761379200000,111489.59000000,111805.10000000,111488.44000000,111763.80000000,348.94057000
1761382800000,111763.81000000,111850.13000000,111491.62000000,111521.47000000,474.02907000
1761386400000,111521.47000000,111718.99000000,111375.81000000,111559.94000000,382.43284000
1761390000000,111559.94000000,111664.00000000,111480.68000000,111563.81000000,172.78406000
1761393600000,111563.81000000,111943.19000000,111530.38000000,111899.03000000,363.41104000
1761397200000,111899.03000000,111916.00000000,111520.00000000,111680.91000000,355.08597000
1761400800000,111680.92000000,111765.97000000,111520.01000000,111591.19000000,216.60101000
1761404400000,111591.20000000,111591.20000000,111311.19000000,111385.18000000,318.98695000
1761408000000,111385.18000000,111479.99000000,111164.39000000,111372.25000000,430.41077000
1761411600000,111372.25000000,111451.16000000,111300.00000000,111374.96000000,134.57742000
1761415200000,111374.97000000,111731.78000000,111317.34000000,111719.98000000,227.92326000
1761418800000,111719.98000000,111720.00000000,111579.75000000,111623.45000000,170.60799000
1761422400000,111623.46000000,111659.39000000,111370.00000000,111431.94000000,154.33849000
1761426000000,111431.94000000,111477.76000000,111342.25000000,111477.76000000,133.46965000
1761429600000,111477.76000000,111683.64000000,111409.54000000,111621.69000000,159.63737000
1761433200000,111621.69000000,111675.49000000,111535.48000000,111646.27000000,118.29276000
1761436800000,111646.27000000,111899.56000000,111544.15000000,111715.98000000,370.92714000
1761440400000,111715.98000000,111835.85000000,111520.00000000,111644.42000000,270.69687000
1761444000000,111644.41000000,111687.37000000,111408.54000000,111448.85000000,214.46307000
1761447600000,111448.85000000,111500.00000000,111260.45000000,111260.46000000,170.69475000
1761451200000,111260.46000000,111479.99000000,111260.46000000,111430.40000000,129.38461000
1761454800000,111430.39000000,111650.90000000,111367.19000000,111615.32000000,209.94274000
1761458400000,111615.33000000,111686.65000000,111548.75000000,111635.95000000,156.20448000
1761462000000,111635.96000000,111724.96000000,111620.02000000,111723.98000000,169.97811000
1761465600000,111723.98000000,111850.00000000,111723.98000000,111776.94000000,240.40616000
1761469200000,111776.94000000,112779.81000000,111708.63000000,112528.83000000,1330.29795000
1761472800000,112528.82000000,112571.26000000,112189.33000000,112477.10000000,337.77399000
1761476400000,112477.11000000,113466.23000000,112430.56000000,113286.09000000,1079.09408000
1761480000000,113286.09000000,113827.02000000,113279.85000000,113575.05000000,1229.55057000
1761483600000,113575.06000000,114000.00000000,113283.80000000,113711.53000000,1099.62143000
1761487200000,113711.53000000,113885.27000000,113544.02000000,113575.36000000,739.58798000
1761490800000,113575.35000000,113725.48000000,113425.87000000,113694.97000000,437.55153000
1761494400000,113694.97000000,113761.98000000,113290.62000000,113517.53000000,556.71599000
1761498000000,113517.54000000,113747.85000000,113442.12000000,113442.13000000,319.42533000
1761501600000,113442.14000000,113793.93000000,113442.13000000,113575.15000000,279.30190000
1761505200000,113575.15000000,113720.63000000,113503.82000000,113585.99000000,204.67267000
1761508800000,113585.98000000,113585.98000000,113283.11000000,113320.80000000,248.15480000
1761512400000,113320.80000000,113590.48000000,112901.00000000,113497.06000000,464.11186000
1761516000000,113497.06000000,115466.80000000,113497.06000000,114681.33000000,2524.96249000
1761519600000,114681.34000000,114966.15000000,114385.13000000,114559.40000000,670.95687000
1761523200000,114559.41000000,115176.47000000,114362.26000000,114767.29000000,1142.27258000
1761526800000,114767.28000000,115388.96000000,114710.92000000,115284.01000000,725.93495000
1761530400000,115284.01000000,115445.39000000,114815.60000000,114883.39000000,826.25748000
1761534000000,114883.40000000,115242.65000000,114829.48000000,114958.51000000,587.18766000
1761537600000,114958.52000000,115283.27000000,114938.01000000,115256.44000000,400.40691000
1761541200000,115256.43000000,115652.89000000,115256.43000000,115556.57000000,828.01463000
1761544800000,115556.56000000,116129.50000000,115361.65000000,116053.49000000,1794.85942000
1761548400000,116053.50000000,116400.00000000,115489.53000000,115554.60000000,2455.66454000
1761552000000,115554.59000000,115607.48000000,114900.00000000,115014.88000000,1249.66033000
1761555600000,115014.88000000,115356.99000000,114814.69000000,115254.01000000,1148.54888000
1761559200000,115254.01000000,115550.02000000,115120.90000000,115447.94000000,557.73562000
1761562800000,115447.93000000,115528.74000000,115128.04000000,115362.02000000,745.97843000
1761566400000,115362.02000000,115437.48000000,115000.00000000,115065.67000000,1172.23501000
1761570000000,115065.96000000,115415.99000000,114566.83000000,115264.28000000,1010.17279000
1761573600000,115264.29000000,115358.00000000,114503.99000000,114810.05000000,987.16577000
1761577200000,114810.06000000,115224.44000000,114778.00000000,114969.68000000,1323.86576000
1761580800000,114969.68000000,115636.86000000,114872.12000000,115497.57000000,818.25063000
1761584400000,115497.57000000,115706.06000000,115311.19000000,115706.06000000,442.08673000
1761588000000,115706.06000000,115790.00000000,115325.00000000,115342.19000000,400.61809000
1761591600000,115342.18000000,115342.19000000,114790.81000000,114942.64000000,597.25209000
1761595200000,114942.64000000,114942.64000000,114408.00000000,114455.17000000,550.98109000
1761598800000,114455.17000000,114626.99000000,114135.61000000,114302.70000000,494.80813000
1761602400000,114302.69000000,114585.01000000,114059.40000000,114112.51000000,475.05268000
1761606000000,114112.50000000,114226.23000000,113830.01000000,114107.65000000,715.22221000
1761609600000,114107.65000000,114374.20000000,113788.32000000,113961.67000000,554.91770000
1761613200000,113961.67000000,114547.20000000,113961.67000000,114424.76000000,485.50547000
1761616800000,114424.76000000,114474.10000000,113569.91000000,113936.94000000,686.42190000
1761620400000,113936.93000000,114109.86000000,113717.00000000,113908.24000000,457.29772000
1761624000000,113908.25000000,114076.91000000,113761.71000000,113964.59000000,440.12507000
1761627600000,113964.60000000,113981.73000000,113483.30000000,113605.31000000,628.71639000
1761631200000,113605.32000000,114186.01000000,113605.32000000,114115.52000000,542.51916000
1761634800000,114115.52000000,114364.99000000,114091.51000000,114188.37000000,579.31808000
1761638400000,114188.38000000,114480.19000000,114113.30000000,114427.23000000,307.52828000
1761642000000,114427.23000000,114634.46000000,114205.28000000,114528.60000000,373.30544000
1761645600000,114528.61000000,114608.78000000,114429.78000000,114595.71000000,230.01260000
1761649200000,114595.70000000,114673.68000000,114297.06000000,114357.73000000,326.08736000
1761652800000,114357.72000000,114517.29000000,114138.06000000,114449.55000000,421.93096000
1761656400000,114449.55000000,115522.91000000,114449.55000000,115522.90000000,1045.59275000
1761660000000,115522.91000000,116086.00000000,114223.63000000,115068.17000000,1820.63839000
1761663600000,115068.18000000,115425.84000000,114516.00000000,114641.38000000,720.35046000
1761667200000,114641.38000000,115500.00000000,114530.00000000,115341.59000000,754.64859000
1761670800000,115341.59000000,115591.41000000,115229.45000000,115290.00000000,436.86490000
1761674400000,115289.99000000,115366.45000000,114642.94000000,115022.80000000,370.32321000
1761678000000,115022.80000000,115075.08000000,113566.44000000,113689.99000000,1157.95866000
1761681600000,113689.00000000,113703.32000000,112324.82000000,112808.05000000,1738.00789000
1761685200000,112808.05000000,113225.53000000,112211.00000000,112994.40000000,726.23538000
1761688800000,112994.41000000,113289.02000000,112838.81000000,113224.08000000,336.06989000
1761692400000,113224.08000000,113224.08000000,112779.57000000,112898.45000000,383.04632000
1761696000000,112898.44000000,112898.45000000,112442.87000000,112442.88000000,505.29871000
1761699600000,112442.87000000,112975.75000000,112100.00000000,112500.03000000,916.66416000
1761703200000,112500.03000000,112780.00000000,112414.47000000,112666.75000000,352.69724000
1761706800000,112666.75000000,112666.75000000,112339.77000000,112523.49000000,301.56130000
1761710400000,112523.49000000,112878.65000000,112505.58000000,112810.55000000,311.50456000
1761714000000,112810.56000000,113379.00000000,112807.34000000,113039.10000000,640.93765000
1761717600000,113039.09000000,113348.78000000,112976.93000000,113284.20000000,443.58086000
1761721200000,113284.21000000,113577.90000000,113240.01000000,113577.90000000,640.61019000
1761724800000,113577.90000000,113624.12000000,112956.00000000,113070.94000000,507.26681000
1761728400000,113070.94000000,113105.08000000,112768.63000000,112974.44000000,659.57288000
1761732000000,112974.44000000,113186.58000000,112732.91000000,112870.01000000,425.87130000
1761735600000,112870.00000000,113240.72000000,112741.26000000,113132.36000000,378.28227000
1761739200000,113132.35000000,113325.13000000,113050.01000000,113139.13000000,343.38468000
1761742800000,113139.13000000,113643.73000000,112705.00000000,112873.07000000,1155.92441000
1761746400000,112873.08000000,112916.00000000,112234.74000000,112488.44000000,1185.34226000
1761750000000,112488.45000000,112564.31000000,111401.50000000,111509.74000000,1921.74476000
1761753600000,111509.74000000,111523.32000000,110960.00000000,111106.35000000,1388.36304000
1761757200000,111106.35000000,111922.44000000,111002.23000000,111883.49000000,811.18965000
1761760800000,111883.50000000,112030.23000000,109200.00000000,110806.38000000,4372.18973000
1761764400000,110806.38000000,111438.65000000,110157.03000000,110640.00000000,1170.09639000
1761768000000,110640.00000000,111538.16000000,110403.28000000,111433.46000000,728.51015000
1761771600000,111433.45000000,111800.00000000,111368.02000000,111617.26000000,405.07841000
1761775200000,111617.26000000,111618.46000000,110949.68000000,111028.20000000,447.25113000
1761778800000,111028.20000000,111077.76000000,109733.22000000,110021.29000000,1066.79122000
1761782400000,110021.30000000,110583.86000000,109703.43000000,110559.48000000,649.59178000
1761786000000,110559.48000000,110725.64000000,110257.77000000,110460.76000000,575.63954000
1761789600000,110460.75000000,111011.99000000,110331.04000000,110985.92000000,488.21463000
1761793200000,110985.93000000,110985.93000000,110538.68000000,110751.47000000,628.73987000
1761796800000,110751.48000000,110761.43000000,107925.06000000,108575.27000000,3536.96505000
1761800400000,108575.26000000,110434.58000000,108420.00000000,110248.29000000,1212.17428000
1761804000000,110248.28000000,110964.09000000,109978.01000000,110768.01000000,1000.82897000
1761807600000,110768.01000000,111592.00000000,110639.25000000,111366.72000000,831.79805000
1761811200000,111366.72000000,111467.01000000,110681.22000000,110714.31000000,1187.21618000
1761814800000,110714.31000000,110814.00000000,110125.17000000,110171.69000000,659.11121000
1761818400000,110171.68000000,110231.92000000,109829.54000000,110105.75000000,573.15523000
1761822000000,110105.75000000,110144.25000000,109692.30000000,109717.29000000,551.05951000
1761825600000,109717.19000000,109777.93000000,108280.65000000,108387.86000000,1449.48653000
1761829200000,108387.86000000,108728.54000000,107400.00000000,107627.16000000,2868.53704000
1761832800000,107627.15000000,108374.21000000,107610.44000000,108285.54000000,1206.17345000
1761836400000,108285.54000000,108350.44000000,107328.00000000,107711.56000000,1019.91386000
1761840000000,107711.56000000,108214.85000000,107559.98000000,108144.57000000,667.54851000
1761843600000,108144.58000000,108150.56000000,106801.00000000,107486.69000000,1492.47982000
1761847200000,107486.69000000,107556.65000000,106791.78000000,106837.09000000,766.54153000
1761850800000,106837.09000000,107158.62000000,106304.34000000,106536.39000000,1440.69222000
1761854400000,106536.39000000,107652.00000000,106316.17000000,107510.91000000,1205.05225000
1761858000000,107510.91000000,107950.00000000,107400.00000000,107907.68000000,846.16919000
1761861600000,107907.67000000,107939.00000000,107472.00000000,107912.81000000,333.78851000
1761865200000,107912.81000000,108334.53000000,107600.01000000,108322.88000000,797.95117000
1761868800000,108322.87000000,109586.94000000,108275.28000000,109317.21000000,1084.42941000
1761872400000,109317.21000000,110042.16000000,109180.00000000,109619.77000000,1402.71517000
1761876000000,109619.77000000,109685.32000000,108565.26000000,108857.99000000,866.79172000
1761879600000,108858.00000000,109324.40000000,108613.11000000,109227.86000000,820.34500000
1761883200000,109227.87000000,110215.00000000,109114.88000000,110084.02000000,1133.07928000
1761886800000,110084.02000000,110084.03000000,109691.92000000,109899.15000000,939.00824000
1761890400000,109899.15000000,109968.71000000,109517.49000000,109650.00000000,532.21593000
1761894000000,109650.00000000,109807.90000000,109266.58000000,109449.31000000,994.16577000
1761897600000,109449.32000000,110100.00000000,109214.13000000,110062.44000000,719.63357000
1761901200000,110062.45000000,110450.00000000,109807.89000000,109848.39000000,632.93862000
1761904800000,109848.39000000,110117.32000000,109710.08000000,109819.20000000,375.06762000
1761908400000,109819.21000000,110550.00000000,109461.53000000,110415.61000000,712.18313000
1761912000000,110415.62000000,110681.00000000,109619.94000000,109653.19000000,904.10139000
1761915600000,109653.20000000,110240.00000000,109366.91000000,110157.54000000,1164.32028000
1761919200000,110157.54000000,111054.61000000,109590.46000000,110790.14000000,2487.24179000
1761922800000,110790.14000000,111190.00000000,110132.02000000,110202.90000000,1557.65344000
1761926400000,110202.90000000,110300.00000000,108671.25000000,108845.40000000,1222.91214000
1761930000000,108845.40000000,109417.91000000,108635.00000000,109299.98000000,1008.03929000
1761933600000,109299.98000000,109817.51000000,108974.76000000,109452.35000000,808.98594000
1761937200000,109452.20000000,110237.66000000,109114.52000000,109828.78000000,824.47324000
1761940800000,109828.78000000,109828.79000000,109438.12000000,109493.85000000,531.76370000
1761944400000,109493.84000000,109750.00000000,109329.15000000,109558.48000000,331.78769000
1761948000000,109558.48000000,109801.89000000,109483.66000000,109580.09000000,286.93529000
1761951600000,109580.08000000,109683.31000000,109518.22000000,109608.01000000,177.41674000
1761955200000,109608.01000000,109751.99000000,109394.81000000,109730.78000000,314.60723000
1761958800000,109730.78000000,110048.00000000,109699.84000000,109734.11000000,205.95055000
1761962400000,109734.10000000,109872.29000000,109478.09000000,109790.27000000,322.30901000
1761966000000,109790.27000000,110315.54000000,109789.17000000,110226.37000000,486.66403000
1761969600000,110226.38000000,110564.49000000,110109.58000000,110291.67000000,486.28878000
1761973200000,110291.66000000,110382.87000000,110050.00000000,110140.79000000,231.47577000
1761976800000,110140.78000000,110175.38000000,109933.86000000,110004.82000000,272.13630000
1761980400000,110004.82000000,110251.67000000,109992.78000000,110071.40000000,284.01087000
1761984000000,110071.40000000,110270.90000000,110071.40000000,110248.88000000,310.52873000
1761987600000,110248.88000000,110254.55000000,109970.18000000,109991.29000000,350.98951000
1761991200000,109991.29000000,110169.23000000,109854.72000000,110147.83000000,273.03449000
1761994800000,110147.83000000,110238.78000000,110000.01000000,110137.59000000,193.43473000
1761998400000,110137.59000000,110200.00000000,110000.01000000,110017.27000000,289.94506000
1762002000000,110017.26000000,110054.96000000,109702.66000000,109946.27000000,273.80468000
1762005600000,109946.26000000,109993.98000000,109728.94000000,109933.85000000,343.69011000
1762009200000,109933.86000000,110348.00000000,109910.22000000,110310.65000000,619.56524000
1762012800000,110310.65000000,110529.99000000,110208.49000000,110464.33000000,670.42039000
1762016400000,110464.33000000,110495.04000000,110192.00000000,110208.97000000,297.51556000
1762020000000,110208.96000000,110361.03000000,110193.43000000,110341.27000000,169.41416000
1762023600000,110341.28000000,110341.28000000,110220.77000000,110299.99000000,109.98551000
1762027200000,110300.00000000,110516.17000000,110298.17000000,110406.20000000,211.21273000
1762030800000,110406.21000000,110426.00000000,109858.44000000,109862.85000000,273.04557000
1762034400000,109862.85000000,110098.59000000,109862.84000000,110092.78000000,259.45939000
1762038000000,110092.79000000,110144.49000000,109974.00000000,110098.10000000,129.01591000
1762041600000,110098.10000000,110127.26000000,109895.27000000,109974.09000000,318.19118000
1762045200000,109974.09000000,110091.36000000,109921.05000000,109978.01000000,159.66153000
1762048800000,109978.01000000,110263.91000000,109879.39000000,110015.77000000,233.11834000
1762052400000,110015.76000000,110086.82000000,109962.06000000,110053.23000000,145.30218000
1762056000000,110053.22000000,110784.13000000,110030.06000000,110670.27000000,1380.24287000
1762059600000,110670.27000000,110714.04000000,110274.65000000,110497.98000000,1261.57372000
1762063200000,110497.98000000,110725.90000000,110274.90000000,110663.89000000,867.85040000
1762066800000,110663.90000000,111045.09000000,110429.70000000,110895.53000000,919.53603000
1762070400000,110895.53000000,111013.43000000,110716.52000000,110850.17000000,518.64490000
1762074000000,110850.17000000,111037.94000000,110525.89000000,110714.00000000,566.42995000
1762077600000,110714.00000000,110876.53000000,110346.15000000,110492.00000000,715.95933000
1762081200000,110491.99000000,111229.78000000,110482.60000000,111196.99000000,627.26421000
1762084800000,111196.99000000,111250.01000000,110678.25000000,110736.24000000,460.53292000
1762088400000,110736.24000000,110766.79000000,110173.84000000,110568.65000000,420.28873000
1762092000000,110568.65000000,110667.62000000,110202.16000000,110422.24000000,420.72705000
1762095600000,110422.24000000,110566.86000000,110096.32000000,110117.48000000,387.83077000
1762099200000,110117.49000000,110143.53000000,109735.59000000,110115.34000000,614.25585000
1762102800000,110115.34000000,110263.91000000,110027.93000000,110190.40000000,215.89779000
1762106400000,110190.41000000,110331.00000000,110174.33000000,110331.00000000,137.67403000
1762110000000,110331.00000000,110331.00000000,109960.95000000,110180.84000000,217.64836000
1762113600000,110180.85000000,110213.20000000,109890.34000000,110086.70000000,208.23814000
1762117200000,110086.70000000,110126.94000000,109972.00000000,109990.90000000,196.61258000
1762120800000,109990.91000000,110012.00000000,109471.34000000,109899.99000000,458.99057000
1762124400000,109900.00000000,110742.26000000,109900.00000000,110540.68000000,654.52944000
1762128000000,110540.69000000,110750.00000000,109757.10000000,109757.11000000,449.08984000
1762131600000,109757.10000000,109910.33000000,109366.75000000,109665.50000000,905.23675000
1762135200000,109665.50000000,109754.14000000,108666.66000000,109033.83000000,1088.01796000
1762138800000,109033.84000000,109155.74000000,107907.44000000,107937.45000000,1524.18495000
1762142400000,107937.45000000,107999.53000000,107480.13000000,107900.37000000,1058.54590000
1762146000000,107900.37000000,108075.00000000,107400.00000000,107606.75000000,815.12463000
1762149600000,107606.75000000,107714.05000000,107006.05000000,107494.23000000,1115.28935000
1762153200000,107494.24000000,107832.45000000,107272.93000000,107468.23000000,874.56308000
1762156800000,107468.23000000,107705.15000000,106888.00000000,107586.97000000,1033.44721000
1762160400000,107586.98000000,107912.86000000,107083.33000000,107197.94000000,675.70561000
1762164000000,107197.95000000,107621.06000000,106726.63000000,106974.99000000,987.39790000
1762167600000,106974.99000000,107920.92000000,106963.00000000,107787.42000000,774.01269000
1762171200000,107787.42000000,108265.44000000,107713.10000000,107768.90000000,742.62608000
1762174800000,107768.91000000,108068.59000000,107574.77000000,107908.68000000,647.66063000
1762178400000,107908.68000000,108333.00000000,107369.01000000,108059.99000000,919.91286000
1762182000000,108060.00000000,108148.81000000,105511.00000000,105745.71000000,3853.95819000
1762185600000,105745.71000000,106798.01000000,105306.56000000,106678.44000000,3622.24107000
1762189200000,106678.43000000,107783.20000000,106536.11000000,107481.19000000,1563.75664000
1762192800000,107481.20000000,107599.85000000,106813.00000000,106961.62000000,1651.54985000
1762196400000,106961.61000000,107395.25000000,106455.23000000,107090.00000000,950.86728000
1762200000000,107090.00000000,107169.68000000,106310.43000000,106657.55000000,850.20850000
1762203600000,106657.55000000,107094.27000000,106088.73000000,106888.71000000,790.25915000
1762207200000,106888.71000000,106888.71000000,105755.59000000,106489.95000000,1150.56648000
1762210800000,106489.94000000,106750.00000000,106030.14000000,106583.04000000,636.96519000
1762214400000,106583.05000000,106808.51000000,105852.37000000,106471.45000000,1195.65517000
1762218000000,106471.45000000,107298.74000000,106277.46000000,107040.01000000,1133.99025000
1762221600000,107040.00000000,107243.23000000,106477.10000000,106482.60000000,701.66328000
1762225200000,106482.61000000,107233.83000000,106223.14000000,107158.79000000,1057.66983000
1762228800000,107158.79000000,107299.00000000,106703.82000000,106750.14000000,745.43101000
1762232400000,106750.14000000,106750.15000000,104200.00000000,104215.76000000,3268.35780000
1762236000000,104215.76000000,105201.00000000,104200.00000000,104766.14000000,2382.47316000
1762239600000,104766.14000000,104997.64000000,104317.56000000,104490.72000000,1633.60477000
1762243200000,104490.73000000,104631.39000000,103759.99000000,104051.90000000,1804.04853000
1762246800000,104051.90000000,104138.65000000,103636.00000000,103857.96000000,1455.72161000
1762250400000,103857.96000000,104106.55000000,103605.00000000,103816.39000000,1073.24239000
1762254000000,103816.39000000,104699.07000000,103774.33000000,104584.76000000,988.08793000
1762257600000,104584.75000000,104638.29000000,103844.39000000,103952.54000000,1216.95881000
1762261200000,103952.54000000,104243.67000000,103576.00000000,103924.25000000,1018.30395000
1762264800000,103924.26000000,104694.28000000,102915.05000000,104500.01000000,2915.82303000
1762268400000,104500.01000000,104842.63000000,103185.89000000,103197.01000000,2271.81312000
1762272000000,103197.02000000,103500.05000000,102164.00000000,102257.70000000,3313.32683000
1762275600000,102257.70000000,102257.70000000,100800.00000000,101114.83000000,4223.40802000
1762279200000,101114.82000000,101492.74000000,100010.73000000,101363.98000000,4101.41064000
1762282800000,101363.97000000,101711.84000000,100414.00000000,100542.64000000,1814.79036000
1762286400000,100542.64000000,101119.40000000,99600.00000000,100755.43000000,4335.57159000
1762290000000,100755.42000000,100831.49000000,98944.36000000,100311.46000000,4105.76650000
1762293600000,100311.46000000,101893.09000000,100082.00000000,101295.71000000,2258.84809000
1762297200000,101295.70000000,101740.00000000,100907.36000000,101497.22000000,1518.90709000
1762300800000,101497.23000000,101752.96000000,100350.00000000,100564.30000000,1452.38181000
1762304400000,100564.30000000,101015.01000000,98966.80000000,100761.62000000,3025.00486000
1762308000000,100761.62000000,101922.98000000,100754.54000000,101677.93000000,3700.99085000
1762311600000,101677.94000000,102272.23000000,101461.98000000,102130.00000000,2834.46709000
1762315200000,102130.00000000,102236.92000000,101517.47000000,101998.30000000,2059.55564000
1762318800000,101998.30000000,102370.00000000,101595.00000000,101824.89000000,1088.37371000
1762322400000,101824.89000000,102139.36000000,101500.00000000,102119.99000000,869.66608000
1762326000000,102120.00000000,102152.58000000,101601.71000000,101993.02000000,644.24535000
1762329600000,101993.03000000,102000.02000000,101176.47000000,101699.74000000,1179.77273000
1762333200000,101699.74000000,102203.48000000,101608.00000000,101995.29000000,785.11664000
1762336800000,101995.28000000,101995.29000000,101285.09000000,101401.97000000,724.99165000
1762340400000,101401.97000000,102110.48000000,101381.68000000,102070.61000000,887.62047000
1762344000000,102070.62000000,102800.71000000,101916.77000000,102673.35000000,1241.26951000
1762347600000,102673.34000000,103253.39000000,102291.82000000,102985.91000000,1451.58240000
1762351200000,102985.90000000,103470.00000000,102169.06000000,103202.30000000,1801.60223000
1762354800000,103202.30000000,103798.37000000,102829.51000000,103728.30000000,1851.46451000
1762358400000,103728.30000000,104039.66000000,103057.56000000,103919.20000000,1677.80348000
1762362000000,103919.20000000,104000.00000000,103388.46000000,103904.05000000,1795.89346000
1762365600000,103904.05000000,104429.75000000,103759.53000000,104347.40000000,1222.46217000
1762369200000,104347.41000000,104529.41000000,103986.96000000,104008.09000000,796.61274000
1762372800000,104008.09000000,104534.74000000,103620.00000000,103831.22000000,881.47869000
1762376400000,103831.22000000,103831.22000000,103500.80000000,103672.37000000,586.96502000
1762380000000,103672.38000000,103798.95000000,103305.05000000,103706.55000000,686.44411000
1762383600000,103706.55000000,104100.00000000,103667.26000000,103885.16000000,533.01051000
1762387200000,103885.16000000,103897.86000000,103324.21000000,103677.72000000,1223.43533000
1762390800000,103677.71000000,103677.72000000,102716.26000000,103365.65000000,1156.07343000
1762394400000,103365.64000000,103567.93000000,102855.66000000,103321.81000000,711.05988000
1762398000000,103321.80000000,103933.33000000,103315.48000000,103636.03000000,691.22573000
1762401600000,103636.92000000,104200.00000000,103580.00000000,104030.79000000,671.34024000
1762405200000,104030.80000000,104030.80000000,103088.00000000,103143.57000000,755.30818000
1762408800000,103143.57000000,103591.47000000,103006.17000000,103318.75000000,555.63033000
1762412400000,103318.76000000,103561.94000000,102910.66000000,103185.48000000,988.58677000
1762416000000,103184.75000000,103440.00000000,102971.99000000,103200.26000000,647.13062000
1762419600000,103200.26000000,103261.93000000,102810.00000000,102810.01000000,536.64925000
1762423200000,102810.01000000,103288.59000000,102651.63000000,103122.54000000,932.94397000
1762426800000,103122.54000000,103300.01000000,102743.82000000,103227.58000000,540.52931000
1762430400000,103227.59000000,103333.18000000,102383.64000000,102552.38000000,1051.14565000
1762434000000,102552.39000000,103626.46000000,102552.38000000,103319.71000000,941.18298000
1762437600000,103319.71000000,103579.68000000,102044.63000000,102125.00000000,1661.00797000
1762441200000,102124.99000000,102932.94000000,101630.00000000,102014.48000000,3027.20967000
1762444800000,102014.49000000,102393.51000000,100300.95000000,100867.20000000,3035.72721000
1762448400000,100867.19000000,101946.31000000,100770.57000000,101804.01000000,1310.77048000
1762452000000,101804.02000000,102338.00000000,100916.74000000,101722.13000000,956.16247000
1762455600000,101722.12000000,101999.44000000,101202.73000000,101388.81000000,756.60374000
1762459200000,101388.82000000,101643.28000000,100638.55000000,100914.11000000,812.36283000
1762462800000,100914.11000000,101220.90000000,100541.17000000,101117.17000000,938.29195000
1762466400000,101117.17000000,101480.00000000,101009.70000000,101415.05000000,639.89634000
1762470000000,101415.05000000,101538.00000000,101132.60000000,101346.04000000,1274.34706000
1762473600000,101346.04000000,101640.00000000,100749.94000000,101479.78000000,823.54705000
1762477200000,101479.79000000,101894.83000000,100905.10000000,101538.96000000,1095.04627000
1762480800000,101538.96000000,101928.99000000,101242.79000000,101905.11000000,779.48744000
1762484400000,101905.12000000,102500.00000000,101876.03000000,101916.29000000,1267.53296000
1762488000000,101916.30000000,102100.25000000,101582.92000000,102027.19000000,798.08441000
1762491600000,102027.20000000,102527.00000000,102024.75000000,102447.47000000,701.21696000
1762495200000,102447.48000000,102496.00000000,101819.10000000,101819.10000000,469.88373000
1762498800000,101819.11000000,102010.00000000,101638.43000000,102010.00000000,1093.42589000
1762502400000,102009.99000000,102050.00000000,101438.39000000,101496.18000000,817.45963000
1762506000000,101496.18000000,101512.51000000,100775.65000000,101013.66000000,1382.92001000
1762509600000,101013.67000000,101250.03000000,100564.43000000,100770.85000000,1279.53134000
1762513200000,100770.85000000,100796.86000000,99803.58000000,100411.89000000,3120.50016000
1762516800000,100411.89000000,100625.00000000,99260.86000000,99638.28000000,1799.68202000
1762520400000,99638.29000000,100579.72000000,99455.10000000,100347.35000000,1635.46609000
1762524000000,100347.35000000,100922.78000000,99519.32000000,100806.08000000,2597.13075000
1762527600000,100806.70000000,101253.99000000,100353.45000000,100797.95000000,2600.73788000
1762531200000,100797.95000000,101628.43000000,100517.06000000,101169.20000000,1975.20246000
1762534800000,101169.19000000,102736.84000000,100942.73000000,102397.12000000,2091.96075000
1762538400000,102397.13000000,102859.99000000,102282.20000000,102609.46000000,1585.11088000
1762542000000,102609.46000000,103395.25000000,102481.75000000,103395.25000000,1184.29403000
1762545600000,103395.92000000,103900.00000000,102958.00000000,103783.09000000,970.62813000
1762549200000,103783.08000000,103879.23000000,103311.33000000,103879.23000000,743.31566000
1762552800000,103879.22000000,104096.36000000,103595.38000000,103633.03000000,736.65333000
1762556400000,103633.04000000,103759.36000000,103329.79000000,103339.08000000,510.69159000
1762560000000,103339.09000000,103406.22000000,102539.49000000,102713.15000000,877.26495000
1762563600000,102713.15000000,103240.32000000,102662.25000000,102996.84000000,498.24095000
1762567200000,102996.85000000,103333.33000000,102766.31000000,102846.65000000,494.72835000
1762570800000,102846.66000000,103293.21000000,102592.75000000,102592.76000000,531.57226000
1762574400000,102592.76000000,102836.00000000,102409.52000000,102565.03000000,602.92361000
1762578000000,102565.03000000,102733.83000000,102272.66000000,102304.00000000,396.06427000
1762581600000,102304.01000000,102519.03000000,102092.26000000,102215.62000000,590.77493000
1762585200000,102215.63000000,102399.88000000,101902.64000000,102352.96000000,452.19970000
1762588800000,102352.96000000,102687.72000000,102156.36000000,102431.74000000,470.18368000
1762592400000,102431.74000000,102615.53000000,102225.52000000,102399.46000000,359.62626000
1762596000000,102399.45000000,102575.35000000,102310.00000000,102480.04000000,301.03917000
1762599600000,102480.04000000,102630.14000000,101715.76000000,101857.10000000,707.36146000
1762603200000,101857.10000000,102108.00000000,101731.19000000,102065.14000000,439.24627000
1762606800000,102065.14000000,102186.99000000,101720.67000000,101804.63000000,952.83284000
1762610400000,101804.62000000,102083.67000000,101454.00000000,101827.19000000,1159.38189000
1762614000000,101827.19000000,101954.00000000,101500.00000000,101711.45000000,511.67056000
1762617600000,101711.46000000,101963.66000000,101525.98000000,101850.22000000,502.57143000
1762621200000,101850.23000000,102003.57000000,101549.85000000,101994.52000000,479.97599000
1762624800000,101994.53000000,102219.39000000,101824.86000000,102139.53000000,766.44634000
1762628400000,102139.52000000,102186.87000000,101522.08000000,101989.65000000,371.41335000
1762632000000,101989.65000000,102172.35000000,101957.94000000,102068.06000000,206.62460000
1762635600000,102068.06000000,102367.72000000,102028.62000000,102272.81000000,234.42240000
1762639200000,102272.82000000,102426.12000000,102171.73000000,102377.46000000,249.46029000
1762642800000,102377.46000000,102482.20000000,102276.82000000,102312.94000000,234.75430000
1762646400000,102312.95000000,102337.89000000,101620.23000000,101797.74000000,616.42627000
1762650000000,101797.74000000,102100.00000000,101686.72000000,102045.07000000,373.40232000
1762653600000,102045.07000000,102045.07000000,101568.41000000,101633.25000000,398.65792000
1762657200000,101633.25000000,101817.20000000,101400.00000000,101662.05000000,767.84962000
1762660800000,101662.05000000,102130.61000000,101635.96000000,101724.91000000,378.19223000
1762664400000,101724.90000000,102028.07000000,101680.02000000,101928.54000000,291.74297000
1762668000000,101928.54000000,101980.00000000,101712.17000000,101752.83000000,213.04181000
1762671600000,101752.83000000,101972.90000000,101681.75000000,101944.59000000,218.68631000
1762675200000,101944.60000000,102048.15000000,101813.73000000,101972.94000000,216.75810000
1762678800000,101972.94000000,102127.26000000,101631.62000000,101657.46000000,411.11856000
1762682400000,101657.46000000,101918.00000000,101500.00000000,101876.36000000,695.12490000
1762686000000,101876.36000000,102307.68000000,101876.35000000,102239.41000000,502.56822000
1762689600000,102239.41000000,102425.19000000,102050.64000000,102086.90000000,522.32408000
1762693200000,102086.91000000,102997.38000000,102067.09000000,102911.39000000,788.58745000
1762696800000,102911.40000000,104041.25000000,102769.99000000,103037.90000000,2232.81061000
1762700400000,103037.90000000,104168.00000000,102972.55000000,103762.17000000,1143.92670000
1762704000000,103762.18000000,103900.53000000,103316.23000000,103845.04000000,741.52049000
1762707600000,103845.04000000,103964.81000000,103329.49000000,103637.57000000,460.77714000
1762711200000,103637.58000000,104591.32000000,103520.00000000,104512.65000000,773.02957000
1762714800000,104512.66000000,104805.57000000,104153.84000000,104805.57000000,849.18697000
1762718400000,104805.57000000,105061.08000000,104414.40000000,104633.12000000,700.89351000
1762722000000,104633.13000000,104845.16000000,104314.89000000,104528.82000000,475.91997000
1762725600000,104528.82000000,104819.99000000,104058.59000000,104732.48000000,1344.74595000
1762729200000,104732.47000000,105495.62000000,104533.24000000,104722.96000000,1221.67929000
1762732800000,104722.95000000,106525.00000000,104265.02000000,106314.96000000,2711.00239000
1762736400000,106314.96000000,106670.11000000,105698.94000000,105699.99000000,2166.65056000
1762740000000,105700.00000000,106054.26000000,105556.68000000,106006.69000000,775.83999000
1762743600000,106006.70000000,106291.43000000,105843.22000000,106027.97000000,847.84998000
1762747200000,106027.97000000,106300.01000000,105846.26000000,106153.14000000,677.49361000
1762750800000,106153.14000000,106473.73000000,106000.00000000,106100.00000000,619.39822000
1762754400000,106100.00000000,106311.90000000,105963.30000000,106221.88000000,531.36548000
1762758000000,106221.89000000,106539.40000000,106156.70000000,106461.45000000,855.88178000
1762761600000,106461.46000000,106554.00000000,105900.00000000,105965.46000000,758.17354000
1762765200000,105965.46000000,106599.47000000,105836.00000000,106440.00000000,736.84126000
1762768800000,106440.00000000,106454.73000000,105962.15000000,105995.26000000,470.32569000
1762772400000,105995.26000000,106321.16000000,105955.29000000,106176.50000000,391.10179000
1762776000000,106176.50000000,106216.00000000,105868.00000000,105944.17000000,656.39469000
1762779600000,105944.17000000,106589.89000000,105923.57000000,106548.02000000,785.48627000
1762783200000,106548.02000000,106548.02000000,104681.90000000,104898.15000000,1937.55608000
1762786800000,104898.15000000,105628.00000000,104667.00000000,105079.99000000,2341.34370000
1762790400000,105079.99000000,105352.86000000,104784.36000000,105242.05000000,1018.54158000
1762794000000,105242.04000000,105981.79000000,105189.01000000,105953.10000000,695.86986000
1762797600000,105953.10000000,106094.31000000,105478.00000000,105478.00000000,580.04807000
1762801200000,105478.00000000,106042.46000000,105408.00000000,105817.99000000,461.94988000
1762804800000,105818.00000000,106299.22000000,105802.35000000,106010.73000000,635.97915000
1762808400000,106010.74000000,106021.35000000,105280.00000000,105631.27000000,1140.24521000
1762812000000,105631.26000000,106144.94000000,105364.68000000,106062.80000000,418.65674000
1762815600000,106062.81000000,106275.16000000,105893.36000000,106011.13000000,468.26121000
1762819200000,106011.13000000,106139.84000000,105500.00000000,106139.83000000,562.07527000
1762822800000,106139.82000000,107500.00000000,106026.79000000,106110.36000000,1869.15910000
1762826400000,106110.36000000,107130.00000000,105610.00000000,106655.02000000,1751.73895000
1762830000000,106655.02000000,107100.00000000,106363.04000000,106456.00000000,752.05430000
1762833600000,106456.00000000,106546.00000000,105714.24000000,105755.32000000,640.19881000
1762837200000,105755.33000000,105758.88000000,105166.66000000,105249.35000000,774.38555000
1762840800000,105249.35000000,105345.68000000,104888.00000000,105261.27000000,1146.86686000
1762844400000,105261.28000000,105327.75000000,104741.20000000,104783.98000000,754.78302000
1762848000000,104783.99000000,105284.69000000,104762.23000000,105157.80000000,509.99239000
1762851600000,105157.80000000,105485.71000000,104909.74000000,104971.63000000,505.20070000
1762855200000,104971.62000000,105237.16000000,104920.25000000,105176.38000000,417.15368000
1762858800000,105176.39000000,105497.99000000,105145.47000000,105311.90000000,372.28222000
1762862400000,105311.90000000,105500.00000000,104349.26000000,104530.83000000,2106.11964000
1762866000000,104530.83000000,104706.09000000,104022.92000000,104390.92000000,3314.65247000
1762869600000,104390.93000000,104665.67000000,103840.91000000,104560.16000000,1215.16933000
1762873200000,104560.15000000,104560.15000000,103170.33000000,103455.99000000,2215.12756000
1762876800000,103455.99000000,103730.00000000,103206.10000000,103399.43000000,664.19158000
1762880400000,103399.42000000,103637.27000000,102840.22000000,103338.99000000,917.43867000
1762884000000,103338.99000000,103572.37000000,103059.52000000,103401.07000000,487.03154000
1762887600000,103401.07000000,103453.07000000,102861.72000000,103126.39000000,479.29730000
1762891200000,103126.39000000,103224.29000000,102658.36000000,102809.27000000,742.04221000
1762894800000,102809.27000000,103090.69000000,102476.09000000,102633.92000000,796.94775000
1762898400000,102633.92000000,103150.02000000,102503.00000000,103000.01000000,652.65633000
1762902000000,103000.02000000,103209.13000000,102800.01000000,103058.99000000,549.94195000
1762905600000,103059.00000000,103340.59000000,102812.64000000,102885.99000000,598.51997000
1762909200000,102886.00000000,103394.01000000,102687.72000000,103254.64000000,999.58610000
1762912800000,103254.63000000,103413.09000000,102939.85000000,103151.66000000,705.65849000
1762916400000,103151.66000000,103440.96000000,103092.50000000,103310.00000000,368.29105000
1762920000000,103310.00000000,103456.82000000,103011.00000000,103246.87000000,320.89726000
1762923600000,103246.87000000,103467.20000000,103230.00000000,103385.30000000,465.38371000
1762927200000,103385.31000000,103654.38000000,103354.34000000,103366.97000000,689.47040000
1762930800000,103366.98000000,103534.98000000,103051.59000000,103112.66000000,689.87309000
1762934400000,103112.65000000,104228.90000000,103112.24000000,104147.24000000,1064.00216000
1762938000000,104147.25000000,105079.31000000,104145.98000000,104521.56000000,1348.44138000
1762941600000,104521.56000000,105038.59000000,104510.50000000,104899.99000000,611.04736000
1762945200000,104900.00000000,105200.00000000,104746.85000000,105020.83000000,520.21601000
1762948800000,105020.82000000,105333.33000000,104821.00000000,104993.74000000,538.28345000
1762952400000,104993.74000000,105187.13000000,104622.43000000,105039.99000000,652.43577000
1762956000000,105039.99000000,105039.99000000,103604.57000000,103990.40000000,1426.89556000
1762959600000,103990.39000000,104299.98000000,101961.97000000,102173.51000000,2574.38835000
1762963200000,102173.51000000,102285.18000000,101300.00000000,101442.61000000,2365.20417000
1762966800000,101442.62000000,102167.17000000,101397.74000000,101748.02000000,903.07839000
1762970400000,101748.01000000,101947.88000000,101416.69000000,101542.17000000,626.06370000
1762974000000,101542.18000000,101569.66000000,100813.59000000,101297.31000000,974.91965000
1762977600000,101297.31000000,101846.15000000,101141.03000000,101539.01000000,677.73830000
1762981200000,101539.01000000,101920.48000000,101520.41000000,101920.47000000,419.00665000
1762984800000,101920.48000000,101994.12000000,101448.82000000,101978.96000000,401.25193000
1762988400000,101978.95000000,101999.35000000,101465.77000000,101654.37000000,516.98616000
1762992000000,101654.37000000,102042.77000000,101467.15000000,101854.58000000,477.36249000
1762995600000,101854.58000000,102604.00000000,101838.00000000,102007.00000000,1311.97773000
1762999200000,102006.99000000,102338.42000000,101972.39000000,102064.41000000,358.95316000
1763002800000,102064.41000000,102566.93000000,100922.55000000,102130.21000000,1438.17883000
1763006400000,102130.21000000,102406.39000000,101665.59000000,102120.00000000,873.51911000
1763010000000,102120.00000000,103400.00000000,101772.52000000,103135.84000000,893.66042000
1763013600000,103136.00000000,103679.00000000,102914.39000000,103590.74000000,1230.29564000
1763017200000,103590.74000000,104085.01000000,103315.16000000,103475.66000000,1328.34761000
1763020800000,103475.66000000,103811.49000000,103275.02000000,103684.06000000,901.73611000
1763024400000,103684.07000000,103740.00000000,102553.63000000,102827.00000000,1334.94774000
1763028000000,102827.00000000,103289.89000000,102774.75000000,102991.22000000,491.21571000
1763031600000,102991.23000000,103148.57000000,102711.53000000,102936.50000000,410.73987000
1763035200000,102936.49000000,103274.93000000,102735.31000000,103143.45000000,597.28173000
1763038800000,103143.46000000,103162.41000000,102150.00000000,102326.48000000,1187.69713000
1763042400000,102326.48000000,103483.83000000,101699.91000000,102873.14000000,2405.05801000
1763046000000,102873.14000000,102999.98000000,101184.14000000,101382.64000000,2074.39590000
1763049600000,101382.63000000,101540.93000000,100550.00000000,100633.13000000,2664.17181000
1763053200000,100633.13000000,100820.49000000,99608.98000000,99659.99000000,3368.62722000
1763056800000,99659.99000000,99922.00000000,98147.40000000,98591.78000000,4579.03994000
1763060400000,98591.78000000,99295.02000000,98314.39000000,98682.14000000,2309.24180000
1763064000000,98682.13000000,99031.76000000,98000.40000000,98162.11000000,2424.57218000
1763067600000,98162.11000000,98905.45000000,98021.00000000,98817.36000000,1018.69866000
1763071200000,98817.35000000,99937.99000000,98701.88000000,99851.82000000,1303.27918000
1763074800000,99851.83000000,100501.31000000,99569.99000000,99692.02000000,1215.50973000
1763078400000,99692.03000000,99778.00000000,98726.64000000,98973.95000000,1748.76850000
1763082000000,98973.95000000,99555.33000000,98700.00000000,99255.60000000,2292.50283000
1763085600000,99255.60000000,99866.02000000,99246.00000000,99620.00000000,967.49149000
1763089200000,99620.01000000,99649.87000000,98805.23000000,99139.38000000,831.05287000
1763092800000,99139.38000000,99178.58000000,96712.12000000,97823.98000000,3850.84747000
1763096400000,97823.97000000,98037.39000000,97020.49000000,97523.98000000,2096.22294000
1763100000000,97523.98000000,97616.50000000,95933.75000000,97569.13000000,2909.03600000
1763103600000,97569.13000000,97742.85000000,96783.47000000,97151.98000000,2260.62551000
1763107200000,97151.97000000,97476.84000000,96787.99000000,97377.41000000,1591.93158000
1763110800000,97377.41000000,97553.70000000,96681.63000000,96839.93000000,1043.46142000
1763114400000,96839.94000000,97286.92000000,96668.73000000,96752.20000000,688.27736000
1763118000000,96752.19000000,96945.61000000,95711.00000000,96167.44000000,1931.93096000
1763121600000,96167.45000000,96167.45000000,94560.48000000,95350.75000000,4859.43942000
1763125200000,95350.76000000,95695.83000000,94571.10000000,95243.95000000,3578.96625000
1763128800000,95243.95000000,96801.53000000,94951.43000000,96542.38000000,3587.32924000
1763132400000,96542.38000000,97322.35000000,95868.40000000,96796.14000000,2286.98587000
1763136000000,96796.14000000,97411.11000000,96271.34000000,97011.22000000,1610.29675000
1763139600000,97011.22000000,97128.45000000,95600.00000000,95842.56000000,1417.43832000
1763143200000,95842.57000000,96329.58000000,95000.00000000,95075.53000000,1363.43718000
1763146800000,95075.53000000,95920.00000000,94800.55000000,95778.29000000,1214.47277000
1763150400000,95778.30000000,95940.00000000,94201.77000000,94377.47000000,1917.84937000
1763154000000,94377.46000000,95172.95000000,94231.78000000,95059.47000000,927.53739000
1763157600000,95059.46000000,95482.74000000,94700.00000000,95179.99000000,990.87669000
1763161200000,95179.99000000,95179.99000000,94012.45000000,94594.00000000,1321.36663000
1763164800000,94594.00000000,95414.00000000,94558.49000000,95149.35000000,1050.81596000
1763168400000,95149.35000000,95800.00000000,94750.77000000,95650.17000000,946.56569000
1763172000000,95650.17000000,96484.50000000,95395.08000000,96482.77000000,971.87658000
1763175600000,96482.78000000,96846.68000000,96132.00000000,96417.12000000,1407.53254000
1763179200000,96417.12000000,96520.00000000,95921.21000000,96112.14000000,541.00804000
1763182800000,96112.14000000,96435.39000000,95977.02000000,96342.18000000,712.44846000
1763186400000,96342.18000000,96570.65000000,95958.22000000,96121.27000000,672.46070000
1763190000000,96121.27000000,96372.68000000,95947.68000000,96333.86000000,618.02642000
1763193600000,96333.87000000,96350.52000000,95642.61000000,95910.88000000,987.30061000
1763197200000,95910.87000000,96150.99000000,95649.99000000,95808.44000000,655.00121000
1763200800000,95808.44000000,96064.49000000,95689.38000000,95952.13000000,382.53531000
1763204400000,95952.13000000,95985.64000000,95630.00000000,95696.87000000,311.38925000
1763208000000,95696.86000000,95876.90000000,95565.17000000,95814.08000000,313.88372000
1763211600000,95814.08000000,96372.99000000,95728.13000000,96370.16000000,815.44172000
1763215200000,96370.17000000,96471.22000000,96013.58000000,96254.25000000,493.86496000
1763218800000,96254.26000000,96425.85000000,96114.70000000,96260.00000000,364.09538000
1763222400000,96259.99000000,96337.82000000,95731.32000000,96162.84000000,652.31588000
1763226000000,96162.84000000,96419.65000000,95849.90000000,96238.50000000,647.76319000
1763229600000,96238.51000000,96349.86000000,95960.34000000,96052.99000000,388.88122000
1763233200000,96052.99000000,96152.98000000,95920.94000000,96012.01000000,191.69202000
1763236800000,96012.01000000,96012.01000000,95119.94000000,95277.52000000,940.18711000
1763240400000,95277.51000000,95672.00000000,95125.29000000,95279.99000000,458.06338000
1763244000000,95280.00000000,95660.00000000,95225.78000000,95619.62000000,347.97795000
1763247600000,95619.63000000,95694.01000000,95493.96000000,95596.24000000,239.76661000
1763251200000,95596.23000000,95704.81000000,95205.74000000,95362.00000000,304.87252000
1763254800000,95362.01000000,95493.97000000,94841.62000000,95276.62000000,713.63073000
1763258400000,95276.61000000,95969.98000000,95094.31000000,95963.88000000,557.05695000
1763262000000,95963.89000000,95979.79000000,95630.22000000,95825.02000000,321.10986000
1763265600000,95825.02000000,95928.88000000,95650.72000000,95821.79000000,349.88402000
1763269200000,95821.80000000,96192.00000000,95813.51000000,95881.82000000,391.55568000
1763272800000,95881.83000000,96043.64000000,95754.00000000,95813.53000000,200.18257000
1763276400000,95813.52000000,96100.00000000,95721.68000000,96099.99000000,337.71705000
1763280000000,96099.98000000,96238.00000000,95859.35000000,96116.94000000,378.10619000
1763283600000,96116.93000000,96635.11000000,95936.00000000,96629.75000000,611.90526000
1763287200000,96629.74000000,96629.74000000,96375.05000000,96444.71000000,575.34123000
1763290800000,96444.71000000,96446.94000000,95500.00000000,95627.13000000,1020.02786000
1763294400000,95627.13000000,95900.00000000,95436.46000000,95743.90000000,547.95591000
1763298000000,95743.90000000,95846.14000000,95117.48000000,95420.44000000,561.73436000
1763301600000,95420.44000000,95673.90000000,95303.60000000,95531.13000000,396.85356000
1763305200000,95531.13000000,95555.00000000,94368.24000000,94573.46000000,1039.77491000
1763308800000,94573.46000000,94945.52000000,94022.89000000,94224.47000000,2545.47537000
1763312400000,94224.47000000,94540.64000000,93770.48000000,94357.67000000,2214.01710000
1763316000000,94357.66000000,95567.79000000,93775.81000000,94049.64000000,3256.09450000
1763319600000,94049.63000000,94600.00000000,93941.00000000,94020.00000000,1029.66678000
1763323200000,94020.49000000,94739.74000000,93951.40000000,94090.00000000,563.82548000
1763326800000,94090.01000000,94212.78000000,93369.00000000,93505.22000000,1731.40126000
1763330400000,93505.23000000,94500.00000000,93005.55000000,94183.36000000,1764.45299000
1763334000000,94183.36000000,94540.00000000,93020.01000000,94261.44000000,2476.76296000
1763337600000,94261.45000000,95375.60000000,93767.27000000,95290.01000000,1716.89838000
1763341200000,95290.01000000,95487.80000000,94722.21000000,94768.02000000,912.36086000
1763344800000,94768.02000000,95409.32000000,94707.82000000,94976.18000000,781.92776000
1763348400000,94976.17000000,95559.99000000,94968.72000000,95496.77000000,713.35025000
1763352000000,95496.77000000,95575.94000000,94849.37000000,95096.74000000,1622.50542000
1763355600000,95096.73000000,95265.01000000,94900.00000000,95122.76000000,574.08695000
1763359200000,95122.77000000,95333.99000000,94900.00000000,95282.36000000,495.05249000
1763362800000,95282.37000000,95880.00000000,95203.80000000,95653.77000000,1148.20170000
1763366400000,95653.78000000,96026.71000000,95532.02000000,95619.06000000,1082.17947000
1763370000000,95619.07000000,95868.99000000,95309.68000000,95656.21000000,907.38215000
1763373600000,95656.20000000,95891.59000000,95545.10000000,95651.70000000,499.57874000
1763377200000,95651.70000000,95938.36000000,95369.98000000,95565.38000000,926.51906000
1763380800000,95565.38000000,95571.30000000,95250.58000000,95312.23000000,545.81467000
1763384400000,95312.24000000,95370.89000000,93571.30000000,93959.79000000,2495.70008000
1763388000000,93959.78000000,96043.00000000,93755.22000000,94769.32000000,3177.03036000
1763391600000,94769.33000000,95018.86000000,93806.37000000,93959.67000000,1867.09141000
1763395200000,93959.68000000,94419.88000000,93051.71000000,94306.00000000,2847.04335000
1763398800000,94306.01000000,94394.80000000,92658.82000000,92767.49000000,2184.47626000
1763402400000,92767.48000000,93224.35000000,92413.31000000,92549.01000000,2978.32313000
1763406000000,92549.02000000,92653.97000000,91588.00000000,91678.93000000,3690.73308000
1763409600000,91678.93000000,92234.53000000,91292.00000000,91920.59000000,3249.24836000
1763413200000,91914.01000000,92253.72000000,91500.00000000,91959.71000000,1866.20530000
1763416800000,91959.72000000,92399.48000000,91220.00000000,92247.63000000,1469.82034000
1763420400000,92247.64000000,92294.15000000,91793.90000000,92215.14000000,1467.06849000
1763424000000,92215.14000000,92357.51000000,91200.00000000,92169.86000000,1831.22552000
1763427600000,92169.86000000,92221.01000000,91624.50000000,91714.29000000,1663.24084000
1763431200000,91714.29000000,91750.00000000,90687.42000000,90866.01000000,2546.69077000
1763434800000,90866.01000000,90927.69000000,89700.00000000,90842.72000000,4606.07848000
1763438400000,90842.72000000,90851.66000000,89253.78000000,90081.90000000,3350.00605000
1763442000000,90081.90000000,90469.14000000,89719.63000000,90221.33000000,1575.65404000
1763445600000,90221.33000000,90233.16000000,89371.12000000,89651.30000000,1335.95745000
1763449200000,89651.29000000,90555.88000000,89337.39000000,90512.10000000,2766.44981000
1763452800000,90512.10000000,91440.00000000,90509.79000000,91220.00000000,2225.79136000
1763456400000,91219.99000000,91487.58000000,90889.93000000,91400.01000000,1441.96417000
1763460000000,91400.01000000,91617.17000000,91256.80000000,91585.02000000,1087.06008000
1763463600000,91585.01000000,91615.43000000,91247.56000000,91517.82000000,1022.64847000
1763467200000,91517.83000000,91878.11000000,91110.00000000,91518.54000000,906.99249000
1763470800000,91518.54000000,91659.94000000,90905.70000000,91476.56000000,1036.51569000
1763474400000,91476.56000000,92450.23000000,91206.52000000,91359.29000000,2351.78391000
1763478000000,91359.30000000,93049.91000000,91010.00000000,92910.10000000,2802.22354000
1763481600000,92910.10000000,93836.01000000,92579.23000000,93499.16000000,2533.31280000
1763485200000,93499.15000000,93657.15000000,92821.26000000,93256.92000000,1189.79384000
1763488800000,93256.92000000,93766.00000000,93151.04000000,93331.08000000,692.11551000
1763492400000,93331.09000000,93612.00000000,92994.88000000,93195.61000000,502.14706000
1763496000000,93195.61000000,93298.00000000,92657.25000000,92783.36000000,539.00940000
1763499600000,92783.36000000,93030.00000000,92462.72000000,92491.59000000,542.20850000
1763503200000,92491.60000000,93423.74000000,92491.59000000,93160.00000000,439.15612000
1763506800000,93159.99000000,93163.34000000,92727.27000000,92960.83000000,847.12179000
1763510400000,92960.83000000,92980.22000000,91929.86000000,92416.51000000,875.05841000
1763514000000,92416.52000000,92644.49000000,91935.03000000,92439.99000000,856.50507000
1763517600000,92440.00000000,92865.24000000,92280.00000000,92569.12000000,531.42350000
1763521200000,92569.12000000,92636.00000000,91660.49000000,91874.52000000,802.16678000
1763524800000,91874.51000000,91976.12000000,91163.19000000,91163.20000000,1152.46121000
1763528400000,91163.20000000,91267.73000000,90025.06000000,90459.99000000,1783.40843000
1763532000000,90459.99000000,91104.00000000,90282.83000000,90990.87000000,1223.51965000
1763535600000,90990.88000000,92028.92000000,90948.37000000,91863.64000000,1475.85023000
1763539200000,91863.64000000,91950.00000000,91287.34000000,91470.44000000,803.83092000
1763542800000,91470.44000000,91513.72000000,91072.41000000,91513.72000000,740.22178000
1763546400000,91513.72000000,91700.55000000,91225.98000000,91314.75000000,580.50005000
1763550000000,91314.74000000,91782.04000000,91312.00000000,91410.22000000,416.30964000
1763553600000,91410.23000000,91879.85000000,91220.00000000,91780.00000000,604.31025000
1763557200000,91780.00000000,91900.00000000,91228.82000000,91405.02000000,728.07490000
1763560800000,91405.02000000,91857.30000000,91037.50000000,91713.44000000,1389.38336000
1763564400000,91713.45000000,92384.61000000,89880.00000000,89951.70000000,3292.32346000
1763568000000,89951.70000000,90232.56000000,89453.88000000,89905.78000000,2417.11812000
1763571600000,89905.77000000,90133.33000000,88889.00000000,89500.01000000,2649.49867000
1763575200000,89500.00000000,89744.51000000,88792.00000000,89237.83000000,2216.17894000
1763578800000,89237.82000000,89384.27000000,88630.71000000,88884.56000000,1504.39912000
1763582400000,88884.56000000,89704.39000000,88608.00000000,89516.91000000,1421.78591000
1763586000000,89516.91000000,90850.00000000,89450.01000000,90600.68000000,2890.29056000
1763589600000,90600.67000000,90635.58000000,90101.14000000,90480.56000000,768.25681000
1763593200000,90480.56000000,91594.00000000,90480.56000000,91554.96000000,1163.76183000
1763596800000,91554.96000000,92300.00000000,91185.26000000,91891.32000000,1045.70121000
1763600400000,91891.32000000,92716.44000000,91820.01000000,92590.13000000,1058.92103000
1763604000000,92590.13000000,92798.14000000,92322.04000000,92592.84000000,904.85403000
1763607600000,92592.85000000,92717.52000000,92360.84000000,92440.32000000,919.58347000
1763611200000,92440.33000000,92990.00000000,92124.00000000,92962.83000000,931.12356000
1763614800000,92962.84000000,93160.00000000,92566.55000000,92616.20000000,878.19369000
1763618400000,92616.21000000,92851.06000000,91687.07000000,91974.70000000,1324.95908000
1763622000000,91974.69000000,92445.80000000,91798.24000000,92320.18000000,657.61367000
1763625600000,92320.18000000,92400.94000000,92036.27000000,92128.22000000,621.86424000
1763629200000,92128.22000000,92135.01000000,91440.55000000,91950.00000000,1187.17976000
1763632800000,91950.01000000,92062.83000000,91603.84000000,91801.39000000,918.81997000
1763636400000,91801.39000000,92029.64000000,91485.40000000,91934.00000000,472.97339000
1763640000000,91934.01000000,91999.99000000,91688.00000000,91839.25000000,443.03933000
1763643600000,91839.25000000,92541.92000000,91451.99000000,91529.36000000,1535.25700000
1763647200000,91529.36000000,91682.60000000,90431.54000000,91103.19000000,2227.67187000
1763650800000,91103.19000000,91171.78000000,89835.34000000,89869.88000000,1956.88604000
1763654400000,89869.88000000,89911.73000000,87487.95000000,87878.10000000,5918.46185000
1763658000000,87878.10000000,88158.49000000,86395.47000000,87233.81000000,5848.39149000
1763661600000,87233.80000000,87769.23000000,86318.78000000,86486.27000000,3087.08206000
1763665200000,86486.27000000,87146.29000000,86100.00000000,86921.28000000,2741.74748000
1763668800000,86921.27000000,87131.07000000,86325.23000000,86462.97000000,1475.77763000
1763672400000,86462.97000000,87674.23000000,86429.09000000,87282.60000000,1215.05710000
1763676000000,87282.44000000,88250.00000000,87192.91000000,88065.97000000,1274.57142000
1763679600000,88065.98000000,88173.09000000,86560.00000000,86637.23000000,1087.46036000
1763683200000,86637.22000000,87498.94000000,86592.00000000,87285.24000000,845.00605000
1763686800000,87285.24000000,87464.08000000,86834.81000000,87049.86000000,841.87222000
1763690400000,87049.86000000,87067.52000000,85360.00000000,85444.93000000,3003.64405000
1763694000000,85444.93000000,86135.58000000,85433.39000000,85821.34000000,1737.99681000
1763697600000,85821.35000000,86119.19000000,85404.05000000,86053.09000000,1036.52858000
1763701200000,86053.10000000,86459.53000000,85825.59000000,86195.08000000,1234.93355000
1763704800000,86195.09000000,86255.02000000,85550.00000000,85581.30000000,1347.08347000
1763708400000,85581.31000000,85769.86000000,82000.00000000,84049.39000000,10586.94545000
1763712000000,84049.38000000,84709.89000000,83521.07000000,83643.45000000,4196.83535000
1763715600000,83643.45000000,83988.40000000,82104.01000000,82207.84000000,4382.85302000
1763719200000,82207.83000000,82911.99000000,81648.00000000,82703.61000000,5588.71507000
1763722800000,82703.61000000,83340.72000000,82192.49000000,82309.66000000,2016.52315000
1763726400000,82309.67000000,83618.13000000,80600.00000000,83285.35000000,9181.08228000
1763730000000,83285.34000000,84427.79000000,83116.86000000,84115.28000000,4066.19195000
1763733600000,84115.29000000,85496.00000000,83544.82000000,84850.00000000,5134.71956000
1763737200000,84850.01000000,85103.42000000,82729.54000000,82932.47000000,4659.35985000
1763740800000,82932.46000000,84919.60000000,82333.00000000,84919.59000000,2895.89154000
1763744400000,84919.58000000,85572.82000000,84565.11000000,84877.07000000,2065.96878000
1763748000000,84877.06000000,85083.31000000,83304.87000000,84577.11000000,2102.78190000
1763751600000,84577.12000000,85025.71000000,84080.00000000,84209.30000000,1042.90060000
1763755200000,84209.30000000,84650.00000000,83464.96000000,84571.20000000,1215.11568000
1763758800000,84571.19000000,85416.66000000,84351.51000000,85182.14000000,1186.55255000
1763762400000,85182.14000000,85404.24000000,84267.25000000,84284.42000000,887.57484000
1763766000000,84284.43000000,85353.03000000,84121.38000000,85129.43000000,999.05049000
1763769600000,85129.42000000,85620.00000000,84571.13000000,84739.93000000,982.89986000
1763773200000,84739.92000000,85205.87000000,84588.75000000,85174.28000000,708.20070000
1763776800000,85174.28000000,85205.87000000,84285.71000000,84528.99000000,623.12435000
1763780400000,84529.00000000,84611.35000000,84212.39000000,84440.47000000,608.99066000
1763784000000,84440.48000000,84548.30000000,83832.91000000,84246.88000000,757.03562000
1763787600000,84246.89000000,84316.08000000,83868.53000000,84280.92000000,609.94979000
1763791200000,84280.92000000,84799.54000000,84080.00000000,84636.00000000,514.75646000
1763794800000,84636.00000000,84672.01000000,84400.00000000,84580.06000000,336.57657000
1763798400000,84580.06000000,84586.62000000,83935.95000000,84016.77000000,579.11003000
1763802000000,84016.77000000,84343.91000000,83666.00000000,83929.52000000,1402.34324000
1763805600000,83929.53000000,84211.50000000,83500.00000000,83693.25000000,755.24683000
1763809200000,83693.26000000,84343.91000000,83592.45000000,84098.94000000,605.75819000
1763812800000,84098.94000000,84160.80000000,83620.16000000,83884.00000000,632.74648000
1763816400000,83884.01000000,84132.09000000,83653.12000000,83947.89000000,450.38850000
1763820000000,83947.89000000,84755.83000000,83935.12000000,84494.40000000,1054.86190000
1763823600000,84494.40000000,84577.99000000,84014.39000000,84284.01000000,530.44756000
1763827200000,84284.01000000,84899.00000000,84219.62000000,84694.66000000,525.46062000
1763830800000,84694.65000000,84724.58000000,84423.98000000,84554.20000000,357.93738000
1763834400000,84554.20000000,84678.38000000,84480.66000000,84659.79000000,243.98434000
1763838000000,84659.80000000,84790.79000000,84510.53000000,84609.76000000,223.69917000
1763841600000,84609.77000000,84808.22000000,84244.51000000,84474.41000000,274.86848000
1763845200000,84474.41000000,84510.54000000,84237.70000000,84411.30000000,269.03241000
1763848800000,84411.31000000,85260.00000000,84269.04000000,85072.88000000,648.28851000
1763852400000,85072.87000000,85178.00000000,84670.56000000,84739.74000000,498.22498000
1763856000000,84739.75000000,85325.94000000,84667.57000000,84971.74000000,789.42586000
1763859600000,84971.74000000,86184.60000000,84950.97000000,85879.83000000,1247.13601000
1763863200000,85879.83000000,86349.84000000,85689.36000000,86000.34000000,1316.75776000
1763866800000,86000.34000000,86308.55000000,85820.68000000,86308.54000000,650.83168000
1763870400000,86308.54000000,86860.00000000,86150.61000000,86548.20000000,1045.11387000
1763874000000,86548.19000000,86593.68000000,86004.85000000,86358.28000000,592.93532000
1763877600000,86358.27000000,86500.00000000,85864.68000000,85864.68000000,546.56485000
1763881200000,85864.69000000,85911.72000000,85420.00000000,85782.19000000,728.39953000
1763884800000,85782.18000000,86196.94000000,85768.22000000,86137.19000000,554.48769000
1763888400000,86137.18000000,86465.24000000,86080.02000000,86393.02000000,427.24227000
1763892000000,86393.03000000,86452.00000000,86058.96000000,86066.23000000,429.62501000
1763895600000,86066.24000000,86421.00000000,85814.92000000,86331.28000000,676.04860000
1763899200000,86331.28000000,86892.00000000,86271.10000000,86530.04000000,917.48707000
1763902800000,86530.04000000,86934.00000000,86318.98000000,86928.31000000,646.33455000
1763906400000,86928.30000000,87200.00000000,86482.98000000,86547.40000000,1148.29527000
1763910000000,86547.40000000,87244.51000000,86451.90000000,87087.44000000,759.24987000
1763913600000,87087.44000000,87500.00000000,86670.23000000,86685.60000000,1449.15860000
1763917200000,86685.59000000,86957.45000000,86502.47000000,86746.51000000,752.54839000
1763920800000,86746.52000000,87259.58000000,86724.78000000,86995.02000000,584.09609000
1763924400000,86995.02000000,87689.47000000,86938.60000000,87325.01000000,926.15432000
1763928000000,87325.01000000,87694.68000000,87233.63000000,87483.36000000,726.71996000
1763931600000,87483.37000000,88000.00000000,87150.00000000,87992.02000000,647.97774000
1763935200000,87992.03000000,88127.64000000,87554.23000000,88004.00000000,806.41047000
1763938800000,88004.01000000,88086.96000000,86701.54000000,86830.00000000,1365.46340000
1763942400000,86830.00000000,87211.33000000,85946.65000000,86740.64000000,1392.29093000
1763946000000,86740.64000000,87091.31000000,86399.99000000,87068.51000000,958.30504000
1763949600000,87068.51000000,88059.44000000,87025.01000000,87518.22000000,1290.41003000
1763953200000,87518.23000000,87788.00000000,87200.69000000,87460.02000000,677.15494000
1763956800000,87460.03000000,87600.00000000,86450.00000000,86738.37000000,878.95809000
1763960400000,86738.36000000,87837.57000000,86675.82000000,87468.29000000,753.25217000
1763964000000,87468.28000000,87518.06000000,86819.98000000,86910.78000000,801.38580000
1763967600000,86910.77000000,87350.00000000,86700.00000000,87050.39000000,842.74354000
1763971200000,87050.39000000,87050.39000000,86724.78000000,86961.51000000,563.07997000
1763974800000,86961.50000000,86961.50000000,85825.84000000,85944.91000000,1224.17260000
1763978400000,85944.91000000,86190.00000000,85696.56000000,86049.74000000,1106.37218000
1763982000000,86049.74000000,86433.93000000,85840.00000000,86264.72000000,590.88464000
1763985600000,86264.71000000,86318.00000000,85888.00000000,86003.00000000,776.50309000
1763989200000,86003.00000000,86573.99000000,85947.91000000,86160.00000000,774.74433000
1763992800000,86159.84000000,86660.01000000,85272.00000000,86171.14000000,1629.59791000
1763996400000,86171.22000000,86741.50000000,85913.44000000,86616.44000000,1454.66429000
1764000000000,86616.44000000,87700.00000000,86616.43000000,87174.50000000,1597.98070000
1764003600000,87174.50000000,88550.68000000,86950.51000000,88369.91000000,1714.18113000
1764007200000,88369.91000000,88732.25000000,88200.00000000,88715.31000000,1475.20510000
1764010800000,88715.30000000,88834.62000000,88115.16000000,88327.29000000,1216.54554000
1764014400000,88327.29000000,89228.00000000,88327.29000000,89089.06000000,1349.46746000
1764018000000,89089.06000000,89132.00000000,88720.97000000,88766.15000000,601.72645000
1764021600000,88766.15000000,89091.96000000,88598.00000000,88636.54000000,522.98122000
1764025200000,88636.54000000,88690.00000000,88252.50000000,88300.01000000,470.52080000
1764028800000,88300.01000000,88300.01000000,87864.63000000,88100.00000000,784.64286000
1764032400000,88100.00000000,88223.85000000,87719.67000000,87732.83000000,590.37213000
1764036000000,87732.84000000,87942.26000000,87457.53000000,87909.40000000,661.24658000
1764039600000,87909.41000000,88048.78000000,87553.84000000,87822.12000000,470.13692000
1764043200000,87822.12000000,88519.99000000,87790.17000000,88341.14000000,559.30233000
1764046800000,88341.14000000,88341.14000000,87937.46000000,88120.82000000,385.97584000
1764050400000,88120.83000000,88149.01000000,87802.09000000,88003.97000000,428.04120000
1764054000000,88003.97000000,88069.96000000,87300.00000000,87384.81000000,1659.28548000
1764057600000,87384.81000000,87606.57000000,86993.20000000,87009.82000000,1030.08593000
1764061200000,87009.82000000,87243.57000000,86666.00000000,87231.76000000,1365.38754000
1764064800000,87231.76000000,87430.00000000,86950.01000000,87411.01000000,529.77845000
1764068400000,87411.00000000,87535.98000000,87310.00000000,87361.71000000,476.85969000
1764072000000,87361.71000000,87792.20000000,87361.71000000,87509.99000000,719.39885000
1764075600000,87510.00000000,87731.20000000,86870.50000000,87083.01000000,953.98515000
1764079200000,87083.00000000,87298.35000000,86116.00000000,86741.55000000,1997.11968000
1764082800000,86741.55000000,87300.00000000,86200.00000000,86988.94000000,1227.12482000
1764086400000,86988.93000000,87291.00000000,86712.35000000,87121.31000000,678.88146000
1764090000000,87121.31000000,88155.65000000,87046.09000000,87625.89000000,918.86754000
1764093600000,87625.90000000,87830.00000000,87237.18000000,87239.29000000,604.25375000
1764097200000,87239.29000000,87340.10000000,86182.49000000,86882.85000000,1026.34933000
1764100800000,86882.84000000,87463.00000000,86706.28000000,87382.70000000,718.04092000
1764104400000,87387.48000000,87449.73000000,86985.02000000,87032.37000000,660.28461000
1764108000000,87032.36000000,87722.92000000,86565.48000000,87642.41000000,612.11039000
1764111600000,87642.41000000,87889.38000000,87328.89000000,87369.96000000,509.50965000
1764115200000,87369.97000000,87770.00000000,87344.34000000,87573.51000000,492.76345000
1764118800000,87573.51000000,88224.00000000,87338.05000000,87921.94000000,625.50199000
1764122400000,87921.94000000,88087.97000000,87662.24000000,87711.82000000,382.80732000
1764126000000,87711.82000000,87892.82000000,87069.97000000,87119.92000000,734.20044000
1764129600000,87119.93000000,87368.00000000,86909.99000000,87230.23000000,523.25398000
1764133200000,87230.23000000,87741.50000000,87220.01000000,87519.53000000,391.28204000
1764136800000,87519.54000000,87889.00000000,87409.78000000,87794.00000000,567.75553000
1764140400000,87794.00000000,87970.00000000,87698.25000000,87935.05000000,346.36014000
1764144000000,87935.05000000,87941.58000000,87416.44000000,87424.80000000,352.28266000
1764147600000,87424.80000000,87453.47000000,86746.60000000,86825.27000000,1012.15795000
1764151200000,86825.27000000,87078.59000000,86670.36000000,86955.17000000,469.69958000
1764154800000,86955.17000000,87095.83000000,86844.01000000,87095.79000000,365.39116000
1764158400000,87095.78000000,87175.99000000,86306.77000000,86643.08000000,790.16422000
1764162000000,86643.07000000,87136.33000000,86568.85000000,87128.51000000,802.87416000
1764165600000,87128.51000000,87693.21000000,86813.50000000,86899.73000000,1419.99793000
1764169200000,86899.72000000,87349.41000000,86664.23000000,86978.00000000,1185.22598000
1764172800000,86977.99000000,87946.00000000,86956.61000000,87820.01000000,1248.92414000
1764176400000,87820.02000000,89962.90000000,87710.27000000,89830.79000000,2469.84113000
1764180000000,89830.80000000,90418.39000000,89676.00000000,90145.69000000,2128.19073000
1764183600000,90145.69000000,90197.83000000,89716.30000000,89957.36000000,1663.47818000
1764187200000,89957.37000000,90114.67000000,89508.85000000,89866.82000000,1645.62012000
1764190800000,89866.83000000,90491.28000000,89815.35000000,90195.99000000,803.11555000
1764194400000,90195.98000000,90656.08000000,90127.88000000,90386.57000000,686.02397000
1764198000000,90386.56000000,90600.00000000,90312.25000000,90484.02000000,568.91004000
1764201600000,90484.01000000,90597.32000000,90089.91000000,90485.85000000,863.56359000
1764205200000,90485.85000000,91236.00000000,90385.50000000,91145.78000000,1123.33988000
1764208800000,91145.78000000,91950.00000000,90879.76000000,91389.21000000,2941.82170000
1764212400000,91389.73000000,91615.60000000,91044.14000000,91091.68000000,815.09214000
1764216000000,91091.68000000,91353.85000000,91057.77000000,91277.06000000,509.22057000
1764219600000,91277.06000000,91554.49000000,90889.11000000,90967.54000000,724.51309000
1764223200000,90967.53000000,91445.30000000,90967.53000000,91244.58000000,600.26335000
1764226800000,91244.59000000,91496.63000000,91135.88000000,91408.34000000,609.78648000
1764230400000,91408.34000000,91520.24000000,91221.17000000,91492.02000000,626.37500000
1764234000000,91492.01000000,91940.18000000,91475.39000000,91561.67000000,875.30832000
1764237600000,91561.67000000,91747.29000000,91347.02000000,91613.51000000,526.00515000
1764241200000,91613.52000000,91619.36000000,91307.69000000,91371.88000000,326.30294000
1764244800000,91371.87000000,91457.36000000,90950.00000000,90986.56000000,641.34239000
1764248400000,90986.56000000,91075.99000000,90438.43000000,90852.78000000,1344.11260000
1764252000000,90852.79000000,90978.49000000,90579.77000000,90789.68000000,539.81726000
1764255600000,90789.68000000,90988.00000000,90629.98000000,90958.30000000,396.23776000
1764259200000,90958.29000000,91562.00000000,90850.77000000,91467.13000000,778.41704000
1764262800000,91467.12000000,91635.79000000,91299.06000000,91479.30000000,704.33875000
1764266400000,91479.30000000,91843.59000000,91347.21000000,91791.99000000,433.08181000
1764270000000,91791.99000000,91791.99000000,91506.94000000,91528.21000000,363.77786000
1764273600000,91528.22000000,91596.76000000,91400.00000000,91433.17000000,259.27901000
1764277200000,91433.18000000,91600.00000000,91217.17000000,91416.99000000,272.08151000
1764280800000,91416.99000000,91590.00000000,91114.52000000,91317.65000000,289.90354000
1764284400000,91317.66000000,91566.00000000,91213.79000000,91333.95000000,269.52758000
1764288000000,91333.94000000,91417.99000000,91072.30000000,91207.34000000,405.71832000
1764291600000,91207.34000000,91209.82000000,90800.30000000,90804.56000000,495.69936000
1764295200000,90804.56000000,91135.69000000,90652.55000000,91083.08000000,665.69948000
1764298800000,91083.08000000,91306.63000000,91000.88000000,91208.85000000,362.93677000
1764302400000,91208.85000000,91486.29000000,91130.00000000,91424.02000000,286.91882000
1764306000000,91424.02000000,91707.79000000,91304.28000000,91612.09000000,444.39646000
1764309600000,91612.09000000,91612.09000000,91156.24000000,91300.69000000,441.82209000
1764313200000,91300.69000000,91568.98000000,90867.43000000,90910.87000000,700.78640000
1764316800000,90910.87000000,91717.00000000,90907.98000000,91690.00000000,899.46359000
1764320400000,91689.99000000,91850.00000000,91439.34000000,91599.99000000,578.77610000
1764324000000,91600.00000000,91874.86000000,91480.28000000,91850.49000000,786.48217000
1764327600000,91850.49000000,92030.00000000,91065.13000000,91437.64000000,910.59811000
1764331200000,91437.64000000,91692.30000000,91405.69000000,91513.40000000,360.31623000
1764334800000,91513.40000000,92635.00000000,91380.94000000,92377.01000000,1231.35483000
1764338400000,92377.00000000,93092.00000000,91818.35000000,92250.01000000,2337.42844000
1764342000000,92250.00000000,92796.00000000,91976.59000000,92362.49000000,1117.51350000
1764345600000,92362.50000000,92376.00000000,90880.00000000,90936.23000000,1386.76661000
1764349200000,90936.24000000,91208.43000000,90180.63000000,90663.98000000,3368.69380000
1764352800000,90661.57000000,90958.57000000,90421.88000000,90830.57000000,663.11655000
1764356400000,90830.57000000,91202.55000000,90821.60000000,91157.44000000,360.61967000
1764360000000,91157.44000000,91225.45000000,90867.89000000,91201.10000000,310.35586000
1764363600000,91201.09000000,91247.16000000,90888.00000000,90888.01000000,223.95974000
1764367200000,90888.01000000,91159.89000000,90705.57000000,91122.00000000,276.05655000
1764370800000,91122.00000000,91195.68000000,90890.70000000,90890.70000000,215.38067000
1764374400000,90890.71000000,90968.00000000,90768.13000000,90884.01000000,186.84042000
1764378000000,90884.01000000,91119.99000000,90797.36000000,90881.20000000,189.90490000
1764381600000,90881.20000000,90926.90000000,90546.36000000,90798.89000000,360.30420000
1764385200000,90798.90000000,90874.03000000,90661.12000000,90680.26000000,203.76865000
1764388800000,90680.26000000,90911.36000000,90551.12000000,90901.56000000,194.82906000
1764392400000,90901.55000000,90931.56000000,90733.22000000,90747.16000000,201.02788000
1764396000000,90747.16000000,90832.57000000,90311.92000000,90565.29000000,551.99620000
1764399600000,90565.30000000,90666.00000000,90375.01000000,90567.67000000,281.69639000
1764403200000,90567.66000000,90738.17000000,90477.44000000,90629.67000000,209.42959000
1764406800000,90629.67000000,90665.37000000,90500.00000000,90560.08000000,255.33197000
1764410400000,90560.08000000,90647.98000000,90376.37000000,90552.47000000,287.88192000
1764414000000,90552.47000000,90682.33000000,90458.17000000,90673.19000000,204.80457000
1764417600000,90673.20000000,90810.45000000,90530.93000000,90616.01000000,253.50149000
1764421200000,90616.01000000,90805.99000000,90591.35000000,90783.17000000,243.41960000
1764424800000,90783.16000000,90783.17000000,90610.41000000,90621.72000000,231.55273000
1764428400000,90621.73000000,91110.36000000,90621.72000000,91063.50000000,419.55316000
1764432000000,91063.50000000,91165.65000000,90862.22000000,91004.03000000,256.29667000
1764435600000,91004.03000000,91019.00000000,90421.21000000,90421.21000000,800.09236000
1764439200000,90421.21000000,90719.16000000,90155.47000000,90690.84000000,837.40131000
1764442800000,90690.85000000,90850.83000000,90600.10000000,90640.78000000,298.72853000
1764446400000,90640.77000000,91035.27000000,90400.21000000,90963.29000000,336.13338000
1764450000000,90963.29000000,91051.87000000,90814.02000000,91008.68000000,179.69384000
1764453600000,91008.68000000,91008.69000000,90700.65000000,90753.02000000,311.96344000
1764457200000,90753.03000000,90896.97000000,90690.23000000,90802.44000000,133.73065000
1764460800000,90802.44000000,90945.59000000,90765.12000000,90893.94000000,127.74315000
1764464400000,90893.94000000,91055.50000000,90863.05000000,90913.31000000,246.89699000
1764468000000,90913.30000000,91032.18000000,90749.90000000,90795.51000000,321.82107000
1764471600000,90795.52000000,90917.96000000,90471.00000000,90909.35000000,418.70941000
1764475200000,90909.35000000,90970.36000000,90799.91000000,90858.00000000,98.98576000
1764478800000,90857.99000000,90857.99000000,90670.40000000,90783.75000000,146.33614000
1764482400000,90783.76000000,90937.50000000,90717.51000000,90898.68000000,134.34933000
1764486000000,90898.69000000,91037.72000000,90860.01000000,90968.16000000,170.24658000
1764489600000,90968.16000000,91438.99000000,90927.16000000,91184.45000000,999.62290000
1764493200000,91184.45000000,91632.00000000,91138.65000000,91413.07000000,857.09997000
1764496800000,91413.07000000,91467.36000000,91200.00000000,91234.31000000,215.61141000
1764500400000,91234.31000000,91397.33000000,90998.34000000,91048.78000000,443.35776000
1764504000000,91048.79000000,91535.10000000,91009.00000000,91469.51000000,391.37581000
1764507600000,91469.51000000,92000.01000000,91398.69000000,91769.99000000,1268.05794000
1764511200000,91770.00000000,91779.94000000,91256.88000000,91499.99000000,479.45512000
1764514800000,91499.98000000,91612.83000000,91326.59000000,91435.31000000,490.26099000
1764518400000,91435.31000000,91850.00000000,91406.97000000,91825.18000000,328.17239000
1764522000000,91825.18000000,91825.18000000,91313.26000000,91488.19000000,322.55187000
1764525600000,91488.20000000,91488.20000000,91159.42000000,91459.90000000,239.73146000
1764529200000,91459.91000000,91500.00000000,91298.40000000,91460.79000000,158.56074000
1764532800000,91460.79000000,91626.75000000,91178.00000000,91315.60000000,260.58782000
1764536400000,91315.59000000,91332.18000000,90888.48000000,91174.22000000,497.10764000
1764540000000,91174.23000000,91351.61000000,91049.22000000,91225.28000000,263.92188000
1764543600000,91225.28000000,91256.36000000,90336.90000000,90360.00000000,807.17762000
1764547200000,90360.01000000,90417.00000000,86959.99000000,87000.00000000,4607.45526000
1764550800000,87000.00000000,87749.99000000,86941.40000000,87168.91000000,1588.04096000
1764554400000,87168.90000000,87500.00000000,86474.34000000,86722.29000000,2052.19788000
1764558000000,86722.30000000,86800.00000000,86161.61000000,86346.13000000,2001.96556000
1764561600000,86346.13000000,86350.01000000,85695.44000000,85801.03000000,1863.01351000
1764565200000,85801.03000000,86006.85000000,85604.00000000,86001.08000000,749.36259000
1764568800000,86001.08000000,86357.43000000,85974.66000000,86234.16000000,931.60740000
1764572400000,86234.17000000,86578.06000000,86049.90000000,86550.30000000,1393.18357000
1764576000000,86550.30000000,86890.77000000,86390.25000000,86869.51000000,948.06769000
1764579600000,86869.50000000,86938.01000000,86518.18000000,86704.86000000,866.92667000
1764583200000,86704.85000000,86814.00000000,86552.00000000,86647.73000000,366.02338000
1764586800000,86647.73000000,86699.99000000,86131.01000000,86149.15000000,824.75013000
1764590400000,86146.59000000,86231.52000000,84756.00000000,85430.64000000,2098.18769000
1764594000000,85430.64000000,86166.43000000,85350.00000000,85986.85000000,1097.45554000
1764597600000,85986.85000000,86674.00000000,85868.00000000,86067.90000000,1654.56841000
1764601200000,86067.90000000,86137.17000000,83822.76000000,84677.87000000,3274.16077000
1764604800000,84677.87000000,85463.12000000,84030.95000000,84571.80000000,2152.34019000
1764608400000,84571.80000000,85265.66000000,84442.75000000,84920.30000000,917.46569000
1764612000000,84925.01000000,85555.00000000,84723.83000000,85199.48000000,911.27586000
1764615600000,85199.48000000,85299.14000000,84603.97000000,85024.50000000,617.02121000
1764619200000,85024.50000000,85833.01000000,85007.69000000,85518.00000000,1007.05350000
1764622800000,85518.01000000,86507.30000000,85499.99000000,86436.65000000,1202.40704000
1764626400000,86436.64000000,86860.00000000,86300.00000000,86572.65000000,780.37442000
1764630000000,86572.65000000,86833.55000000,86249.80000000,86286.01000000,604.10735000
1764633600000,86286.01000000,86674.53000000,86184.39000000,86513.33000000,887.97566000
1764637200000,86513.33000000,87350.00000000,86394.00000000,86454.93000000,1192.01967000
1764640800000,86454.93000000,86857.79000000,86272.55000000,86554.47000000,522.02975000
1764644400000,86554.46000000,87106.62000000,86214.99000000,86976.99000000,643.79096000
1764648000000,86977.00000000,87288.48000000,86900.79000000,86970.28000000,689.46639000
1764651600000,86970.28000000,87125.36000000,86818.14000000,87008.20000000,320.12167000
1764655200000,87008.20000000,87179.22000000,86870.00000000,87090.46000000,385.60175000
1764658800000,87090.46000000,87117.18000000,86882.23000000,87012.65000000,338.04553000
1764662400000,87012.64000000,87058.41000000,86296.21000000,86471.89000000,1046.58604000
1764666000000,86471.88000000,86999.00000000,86450.60000000,86769.87000000,806.33465000
1764669600000,86769.88000000,87628.78000000,86760.01000000,87272.44000000,661.40198000
1764673200000,87272.44000000,87602.47000000,86985.51000000,87368.92000000,846.71300000
1764676800000,87368.92000000,87560.77000000,87208.68000000,87264.20000000,839.51657000
1764680400000,87264.20000000,87883.43000000,87032.75000000,87731.41000000,1559.34030000
1764684000000,87731.41000000,89275.54000000,87600.00000000,89271.99000000,2529.97385000
1764687600000,89271.99000000,91200.00000000,89263.06000000,90850.01000000,4371.66947000
1764691200000,90850.01000000,91296.72000000,90201.00000000,90759.15000000,2014.14601000
1764694800000,90759.15000000,91990.00000000,90736.05000000,91458.40000000,1594.71699000
1764698400000,91458.40000000,92237.15000000,91326.22000000,91954.49000000,1650.85803000
1764702000000,91954.49000000,92307.65000000,91850.00000000,91903.39000000,892.95903000
1764705600000,91903.38000000,91930.09000000,90720.87000000,91026.67000000,1812.81861000
1764709200000,91026.66000000,91631.49000000,90965.02000000,91562.43000000,750.79479000
1764712800000,91562.42000000,92000.00000000,91510.60000000,91981.91000000,1005.03850000
1764716400000,91981.91000000,91981.91000000,91269.38000000,91277.88000000,848.30812000
1764720000000,91277.88000000,91747.99000000,90990.23000000,91660.12000000,1282.57519000
1764723600000,91660.13000000,92482.02000000,91468.21000000,92251.63000000,1105.16296000
1764727200000,92251.64000000,93051.64000000,92158.00000000,92817.92000000,1322.86837000
1764730800000,92817.93000000,93087.09000000,92597.26000000,92628.91000000,714.46982000
1764734400000,92628.91000000,93482.87000000,92625.00000000,93362.21000000,1228.95814000
1764738000000,93362.21000000,93660.00000000,93116.02000000,93642.92000000,1042.55272000
1764741600000,93642.92000000,93958.58000000,93146.26000000,93431.80000000,1068.27612000
1764745200000,93431.81000000,93468.43000000,92871.03000000,92999.99000000,1206.67241000
1764748800000,93000.00000000,93173.93000000,92682.10000000,92765.65000000,908.28425000
1764752400000,92765.64000000,93217.52000000,92709.41000000,93178.46000000,651.04477000
1764756000000,93178.45000000,93389.62000000,92861.88000000,92939.40000000,644.12113000
1764759600000,92939.40000000,93054.93000000,92666.00000000,93005.68000000,566.65244000
1764763200000,93005.68000000,93112.10000000,92672.55000000,92937.39000000,609.37614000
1764766800000,92937.39000000,93258.53000000,92886.59000000,93130.88000000,653.22336000
1764770400000,93130.89000000,93700.00000000,91697.00000000,92357.54000000,3444.53920000
1764774000000,92357.54000000,92993.98000000,91922.21000000,92373.30000000,1816.10102000
1764777600000,92373.30000000,92739.09000000,91786.99000000,92242.24000000,1045.70106000
1764781200000,92242.24000000,93040.00000000,92199.72000000,92956.22000000,952.33734000
1764784800000,92956.22000000,93500.00000000,92383.05000000,92623.86000000,1065.25501000
1764788400000,92623.85000000,93099.47000000,92528.75000000,93024.99000000,561.39144000
1764792000000,93025.00000000,93400.00000000,92825.56000000,92980.43000000,993.99987000
1764795600000,92981.45000000,93769.23000000,92860.00000000,93700.00000000,961.39093000
1764799200000,93700.01000000,94150.00000000,93301.87000000,93781.01000000,1201.71927000
1764802800000,93781.01000000,94091.71000000,93377.58000000,93429.95000000,665.85289000
1764806400000,93429.95000000,93480.00000000,92669.82000000,93054.86000000,1095.83853000
1764810000000,93054.87000000,93750.73000000,92981.35000000,93195.07000000,1304.15700000
1764813600000,93195.07000000,94070.70000000,93117.80000000,93943.24000000,944.67997000
1764817200000,93943.24000000,94080.00000000,93402.38000000,93543.04000000,500.02470000
1764820800000,93543.03000000,93588.48000000,93231.56000000,93360.58000000,388.95379000
1764824400000,93360.58000000,93380.39000000,92775.00000000,92979.25000000,931.22487000
1764828000000,92979.25000000,93371.12000000,92824.32000000,93140.74000000,1076.30029000
1764831600000,93140.75000000,93413.39000000,92888.00000000,93397.67000000,674.02891000
1764835200000,93397.67000000,93600.00000000,93044.41000000,93260.63000000,411.88207000
1764838800000,93260.64000000,93621.31000000,93235.50000000,93454.70000000,402.88554000
1764842400000,93454.71000000,93553.69000000,93156.42000000,93260.00000000,373.45816000
1764846000000,93260.00000000,93318.17000000,92736.90000000,92948.31000000,728.79798000
1764849600000,92948.32000000,93200.00000000,92782.48000000,92990.18000000,474.71729000
1764853200000,92990.18000000,93060.63000000,92424.00000000,92516.38000000,997.53962000
1764856800000,92516.38000000,92821.26000000,91801.00000000,91894.01000000,1176.07323000
1764860400000,91894.00000000,93257.00000000,91886.55000000,92971.49000000,1647.82775000
1764864000000,92971.49000000,93174.55000000,92268.76000000,92431.72000000,1073.45255000
1764867600000,92431.71000000,92536.00000000,91756.57000000,92426.76000000,1204.88261000
1764871200000,92426.77000000,92550.86000000,91890.32000000,92127.52000000,605.69240000
1764874800000,92127.53000000,92174.91000000,90889.00000000,91975.44000000,1976.68364000
1764878400000,91975.43000000,92532.42000000,91688.92000000,92476.25000000,812.83088000
1764882000000,92476.25000000,92718.53000000,92086.00000000,92158.23000000,581.65983000
1764885600000,92158.24000000,92497.25000000,92151.79000000,92348.78000000,231.66801000
1764889200000,92348.78000000,92461.03000000,92076.66000000,92078.06000000,188.68097000
1764892800000,92078.06000000,92474.00000000,92058.82000000,92299.08000000,300.89002000
1764896400000,92299.09000000,92600.00000000,92227.44000000,92358.03000000,512.17408000
1764900000000,92358.03000000,92692.36000000,92252.66000000,92518.40000000,403.18655000
1764903600000,92518.40000000,92665.56000000,91959.92000000,92142.75000000,535.04122000
1764907200000,92142.75000000,92386.31000000,91813.37000000,92028.14000000,507.97714000
1764910800000,92028.15000000,92204.69000000,91880.13000000,91932.85000000,239.31127000
1764914400000,91932.85000000,92286.77000000,91905.83000000,92275.26000000,277.29503000
1764918000000,92275.27000000,92497.51000000,92203.34000000,92258.65000000,362.60812000
1764921600000,92258.64000000,92258.65000000,91892.86000000,92112.04000000,447.11606000
1764925200000,92112.04000000,92112.04000000,90956.25000000,91128.56000000,1077.36085000
1764928800000,91128.55000000,91488.00000000,91083.87000000,91272.85000000,493.57021000
1764932400000,91272.85000000,91563.70000000,91128.40000000,91351.43000000,413.65104000
1764936000000,91351.44000000,91432.69000000,91081.57000000,91242.40000000,357.37789000
1764939600000,91242.40000000,91352.56000000,90215.51000000,90465.14000000,1524.52886000
1764943200000,90465.14000000,90744.24000000,89874.70000000,90287.67000000,1551.13670000
1764946800000,90287.67000000,91478.67000000,90258.24000000,90459.35000000,1911.11908000
1764950400000,90459.34000000,90498.59000000,88056.00000000,88810.89000000,3451.73023000
1764954000000,88810.88000000,89540.71000000,88607.25000000,89336.13000000,1157.12551000
1764957600000,89335.53000000,89795.59000000,88908.53000000,88936.04000000,857.04766000
1764961200000,88936.04000000,89800.00000000,88814.88000000,89629.26000000,1041.63454000
1764964800000,89629.27000000,89745.37000000,89181.91000000,89301.75000000,1024.68482000
1764968400000,89301.75000000,89484.00000000,89075.91000000,89177.68000000,695.18131000
1764972000000,89177.68000000,89376.03000000,88901.60000000,89232.47000000,401.94285000
1764975600000,89232.48000000,89383.46000000,88940.20000000,89330.04000000,249.28114000
1764979200000,89330.04000000,89466.34000000,89030.67000000,89422.25000000,286.14614000
1764982800000,89422.25000000,89500.00000000,89205.03000000,89333.83000000,226.80640000
1764986400000,89333.84000000,89404.00000000,89175.00000000,89390.90000000,233.24940000
1764990000000,89390.90000000,89806.43000000,89390.90000000,89688.35000000,784.83107000
1764993600000,89688.35000000,89721.76000000,89521.12000000,89659.01000000,185.11807000
1764997200000,89659.00000000,89740.00000000,89524.03000000,89604.98000000,147.31042000
1765000800000,89604.97000000,89764.19000000,89527.26000000,89688.65000000,140.21424000
1765004400000,89688.65000000,89720.00000000,89459.19000000,89597.13000000,296.88077000
1765008000000,89597.14000000,89647.12000000,89217.59000000,89277.14000000,423.86292000
1765011600000,89277.14000000,89669.13000000,89264.74000000,89574.12000000,336.18462000
1765015200000,89574.12000000,89687.86000000,89462.00000000,89506.00000000,175.95561000
1765018800000,89506.01000000,89750.01000000,89500.00000000,89631.28000000,568.70187000
1765022400000,89631.29000000,89648.96000000,89566.00000000,89581.19000000,256.02717000
1765026000000,89581.19000000,89788.56000000,89581.19000000,89673.73000000,252.86068000
1765029600000,89673.73000000,90289.97000000,89659.00000000,90004.76000000,1068.00125000
1765033200000,90004.76000000,90042.54000000,89490.98000000,89758.77000000,475.19156000
1765036800000,89758.77000000,89981.20000000,89680.34000000,89707.80000000,304.47551000
1765040400000,89707.80000000,89846.98000000,89615.38000000,89712.85000000,310.78613000
1765044000000,89712.85000000,89787.99000000,89529.90000000,89646.71000000,180.17034000
1765047600000,89646.70000000,89744.62000000,89077.60000000,89405.64000000,688.16416000
1765051200000,89405.65000000,89553.82000000,89311.99000000,89548.88000000,135.59159000
1765054800000,89548.88000000,89615.34000000,89390.01000000,89420.28000000,217.83026000
1765058400000,89420.29000000,89523.37000000,89257.48000000,89285.94000000,165.36534000
1765062000000,89285.93000000,89329.38000000,88908.01000000,89236.79000000,549.77464000
1765065600000,89236.80000000,89553.82000000,89176.52000000,89392.39000000,248.83948000
1765069200000,89392.39000000,89588.23000000,89300.00000000,89300.00000000,132.20570000
1765072800000,89300.00000000,89695.65000000,89300.00000000,89621.96000000,175.80697000
1765076400000,89621.95000000,89749.59000000,89553.81000000,89722.37000000,155.63502000
1765080000000,89722.37000000,89799.96000000,89487.41000000,89535.95000000,280.51949000
1765083600000,89535.94000000,89564.55000000,89427.00000000,89515.01000000,130.12741000
1765087200000,89515.01000000,89710.00000000,89488.28000000,89709.99000000,107.62861000
1765090800000,89710.00000000,89733.33000000,89200.00000000,89379.72000000,220.78651000
1765094400000,89379.73000000,89538.70000000,89190.97000000,89316.61000000,173.05781000
1765098000000,89316.61000000,89395.65000000,89050.01000000,89104.23000000,229.27162000
1765101600000,89104.23000000,89388.00000000,89103.97000000,89240.18000000,200.63018000
1765105200000,89240.18000000,89277.59000000,89141.87000000,89149.18000000,183.64055000
1765108800000,89149.18000000,89585.12000000,89111.40000000,89475.90000000,246.12366000
1765112400000,89475.90000000,89519.10000000,88652.00000000,89053.74000000,519.89031000
1765116000000,89053.74000000,89106.00000000,87719.28000000,88220.53000000,1908.61044000
1765119600000,88220.53000000,89707.54000000,88169.08000000,89554.52000000,1242.29675000
1765123200000,89554.52000000,89908.17000000,89115.85000000,89893.38000000,675.40594000
1765126800000,89893.39000000,91271.77000000,89624.00000000,90945.17000000,1918.39408000
1765130400000,90945.18000000,91760.00000000,90945.17000000,91363.78000000,996.37071000
1765134000000,91363.79000000,91545.95000000,91213.37000000,91425.52000000,248.14000000
1765137600000,91425.51000000,91510.40000000,91308.82000000,91439.04000000,186.94503000
1765141200000,91439.05000000,91439.05000000,89871.00000000,90231.32000000,807.41124000
1765144800000,90231.31000000,90241.80000000,88995.33000000,89597.03000000,1508.70162000
1765148400000,89597.03000000,90471.66000000,89522.08000000,90395.31000000,524.67272000
1765152000000,90395.32000000,90627.11000000,89860.00000000,90346.70000000,491.62319000
1765155600000,90346.70000000,91700.00000000,90301.86000000,90910.70000000,968.78312000
1765159200000,90910.70000000,91436.94000000,90811.25000000,91364.18000000,597.40749000
1765162800000,91364.18000000,91420.00000000,90988.91000000,91068.29000000,395.79035000
1765166400000,91068.30000000,91470.58000000,91023.06000000,91291.33000000,255.62144000
1765170000000,91291.33000000,91444.00000000,91037.43000000,91334.03000000,299.94508000
1765173600000,91334.04000000,91649.87000000,91241.27000000,91464.54000000,485.82587000
1765177200000,91464.54000000,91868.76000000,91360.00000000,91565.46000000,551.09583000
1765180800000,91565.46000000,91938.67000000,91486.46000000,91833.90000000,393.73282000
1765184400000,91833.89000000,92287.15000000,91792.38000000,91912.02000000,790.37467000
1765188000000,91912.02000000,92222.00000000,91808.09000000,92133.40000000,425.18961000
1765191600000,92133.39000000,92188.31000000,91851.08000000,91968.29000000,343.75755000
1765195200000,91968.29000000,91992.30000000,91653.94000000,91768.96000000,573.34646000
1765198800000,91768.97000000,92122.08000000,91301.45000000,91467.82000000,804.38449000
1765202400000,91467.83000000,91777.00000000,90790.00000000,90852.56000000,1807.88526000
1765206000000,90852.57000000,90998.95000000,89612.00000000,89961.37000000,2037.53824000
1765209600000,89961.36000000,90499.99000000,89679.79000000,89978.48000000,1042.18438000
1765213200000,89978.47000000,90339.36000000,89694.24000000,90257.98000000,645.64705000
1765216800000,90257.98000000,90527.30000000,89724.72000000,89921.68000000,559.47994000
1765220400000,89921.68000000,90366.39000000,89860.07000000,90124.48000000,342.53116000
1765224000000,90124.49000000,90917.23000000,90124.49000000,90799.92000000,565.06678000
1765227600000,90799.92000000,91374.00000000,90675.00000000,91316.01000000,579.83297000
1765231200000,91316.00000000,91373.69000000,90726.40000000,90833.86000000,391.90576000
1765234800000,90833.85000000,91026.52000000,90490.76000000,90634.34000000,444.68936000
1765238400000,90634.35000000,90846.26000000,90355.00000000,90396.73000000,288.37623000
1765242000000,90396.72000000,90569.98000000,89966.00000000,90055.80000000,537.66391000
1765245600000,90055.80000000,90368.00000000,89979.21000000,90068.20000000,312.17000000
1765249200000,90068.21000000,90442.77000000,89795.84000000,90405.01000000,1217.20174000
1765252800000,90405.02000000,90500.00000000,89737.47000000,89917.53000000,488.51951000
1765256400000,89917.52000000,90209.96000000,89500.00000000,89899.35000000,650.65388000
1765260000000,89899.35000000,90232.76000000,89775.67000000,90166.84000000,321.30432000
1765263600000,90166.85000000,90528.67000000,90091.56000000,90496.80000000,407.14103000
1765267200000,90496.80000000,90600.00000000,90366.35000000,90498.72000000,400.27808000
1765270800000,90498.72000000,90498.72000000,90129.21000000,90131.59000000,285.35023000
1765274400000,90131.60000000,90345.39000000,89912.48000000,90298.45000000,489.74956000
1765278000000,90298.44000000,90396.01000000,90140.02000000,90384.55000000,387.10655000
1765281600000,90384.54000000,90690.35000000,90331.00000000,90580.00000000,401.62507000
1765285200000,90580.01000000,90850.00000000,90174.66000000,90431.03000000,643.67225000
1765288800000,90431.02000000,90644.02000000,90004.73000000,90357.59000000,710.07225000
1765292400000,90357.60000000,92876.92000000,90288.10000000,92707.51000000,3162.30439000
1765296000000,92707.50000000,94488.64000000,92693.50000000,94187.81000000,4040.15610000
1765299600000,94187.81000000,94588.99000000,93538.93000000,93917.99000000,1823.80002000
1765303200000,93918.00000000,94178.31000000,93661.45000000,93920.48000000,704.49653000
1765306800000,93920.48000000,94225.00000000,93651.68000000,93800.83000000,735.99959000
1765310400000,93800.83000000,93857.47000000,92767.71000000,93116.76000000,1097.12749000
1765314000000,93116.76000000,93243.12000000,92254.92000000,92640.00000000,879.12299000
1765317600000,92640.01000000,93045.89000000,92506.67000000,92884.00000000,731.02631000
1765321200000,92884.00000000,92977.98000000,92550.00000000,92678.80000000,525.51211000
1765324800000,92678.81000000,92786.35000000,92061.00000000,92130.81000000,598.49502000
1765328400000,92130.82000000,92400.00000000,91976.00000000,92316.36000000,529.89686000
1765332000000,92316.35000000,92570.54000000,92027.89000000,92495.68000000,611.21334000
1765335600000,92495.89000000,92553.23000000,92348.66000000,92410.62000000,257.39408000
1765339200000,92410.62000000,92659.99000000,92386.83000000,92552.62000000,310.96334000
1765342800000,92552.63000000,92725.00000000,92517.53000000,92556.28000000,373.62942000
1765346400000,92556.28000000,92757.58000000,92396.24000000,92700.00000000,314.97149000
1765350000000,92700.01000000,92782.92000000,92500.00000000,92782.91000000,364.28563000
1765353600000,92782.91000000,92790.00000000,92549.81000000,92605.00000000,321.85602000
1765357200000,92604.99000000,92972.07000000,92439.40000000,92920.01000000,472.03746000
1765360800000,92920.00000000,93291.50000000,92135.09000000,92272.66000000,859.47741000
1765364400000,92272.66000000,92438.98000000,91763.69000000,92120.45000000,969.68906000
1765368000000,92120.45000000,92216.55000000,91815.35000000,91987.22000000,467.90168000
1765371600000,91987.22000000,92226.00000000,91939.42000000,92093.66000000,432.08812000
1765375200000,92093.65000000,92112.57000000,91600.81000000,91831.24000000,883.60779000
1765378800000,91831.24000000,92149.06000000,91563.15000000,92063.69000000,739.55204000
1765382400000,92063.69000000,92595.11000000,91899.10000000,92174.11000000,785.95701000
1765386000000,92174.11000000,92515.82000000,92102.44000000,92396.23000000,598.06235000
1765389600000,92396.23000000,93056.00000000,92000.00000000,92503.48000000,870.70118000
1765393200000,92503.49000000,93243.59000000,91684.39000000,92957.67000000,3165.76426000
1765396800000,92957.67000000,94476.00000000,92259.25000000,92453.89000000,3153.97141000
1765400400000,92453.89000000,92777.34000000,91878.00000000,92356.38000000,1001.00392000
1765404000000,92356.39000000,92695.31000000,91954.54000000,92509.94000000,585.06287000
1765407600000,92509.94000000,92593.96000000,91942.56000000,92015.37000000,331.09907000
1765411200000,92015.38000000,92080.32000000,91051.00000000,91386.17000000,916.87916000
1765414800000,91386.17000000,91407.04000000,90658.24000000,90674.74000000,818.48242000
1765418400000,90674.75000000,90674.75000000,89876.81000000,90074.00000000,1250.21688000
1765422000000,90073.99000000,90074.01000000,89389.63000000,89880.01000000,1095.56844000
1765425600000,89880.00000000,90480.14000000,89694.81000000,90436.55000000,943.40562000
1765429200000,90436.55000000,90436.56000000,90048.20000000,90316.72000000,404.63689000
1765432800000,90316.72000000,90450.97000000,89975.89000000,90301.35000000,525.01502000
1765436400000,90301.35000000,90333.49000000,90088.00000000,90272.75000000,372.27346000
1765440000000,90272.76000000,90272.76000000,89971.11000000,90183.71000000,511.95493000
1765443600000,90183.71000000,90504.19000000,90123.01000000,90234.19000000,439.70575000
1765447200000,90234.19000000,90352.59000000,90172.61000000,90320.15000000,273.39760000
1765450800000,90320.15000000,90417.30000000,90210.44000000,90242.35000000,278.90060000
1765454400000,90242.36000000,90377.63000000,90006.01000000,90032.31000000,428.00948000
1765458000000,90032.31000000,90169.26000000,89870.00000000,90103.53000000,567.79082000
1765461600000,90103.53000000,90482.01000000,89260.63000000,89545.24000000,1363.14038000
1765465200000,89545.23000000,90653.33000000,89406.79000000,89872.51000000,1182.11834000
1765468800000,89872.51000000,90178.04000000,89333.00000000,89737.11000000,842.22519000
1765472400000,89737.11000000,90260.00000000,89627.74000000,89983.23000000,670.94481000
1765476000000,89983.23000000,91197.70000000,89891.87000000,90710.50000000,1286.99073000
1765479600000,90710.50000000,91538.26000000,90592.14000000,90839.81000000,843.83016000
1765483200000,90839.81000000,91831.20000000,90797.76000000,91792.99000000,787.89331000
1765486800000,91792.98000000,93555.00000000,91706.06000000,92858.39000000,2439.34782000
1765490400000,92858.40000000,93195.84000000,92068.90000000,92352.00000000,976.14915000
1765494000000,92352.00000000,92800.00000000,92337.91000000,92513.38000000,753.71062000
1765497600000,92513.38000000,92651.93000000,91448.31000000,91573.88000000,787.76417000
1765501200000,91573.88000000,92314.69000000,91532.16000000,92170.00000000,490.58557000
1765504800000,92170.00000000,92748.98000000,91927.27000000,92588.79000000,586.94037000
1765508400000,92588.79000000,92754.00000000,92178.37000000,92283.40000000,299.42318000
1765512000000,92283.40000000,92462.02000000,92114.99000000,92396.69000000,511.34339000
1765515600000,92396.69000000,92500.00000000,92078.91000000,92444.42000000,312.09266000
1765519200000,92444.41000000,92720.00000000,92400.00000000,92513.34000000,346.60354000
1765522800000,92513.34000000,92565.83000000,92257.80000000,92425.34000000,324.16244000
1765526400000,92425.33000000,92487.25000000,92044.80000000,92342.39000000,626.20872000
1765530000000,92342.38000000,92553.33000000,92094.00000000,92520.56000000,361.00119000
1765533600000,92520.56000000,92650.01000000,92408.33000000,92492.32000000,429.06609000
1765537200000,92492.32000000,92492.33000000,92275.86000000,92418.19000000,207.72939000
1765540800000,92418.19000000,92420.00000000,92070.55000000,92419.99000000,537.64944000
1765544400000,92420.00000000,92531.38000000,92240.14000000,92302.79000000,478.10614000
1765548000000,92302.79000000,92660.74000000,91903.34000000,92444.00000000,1038.44620000
1765551600000,92444.00000000,92445.94000000,89780.00000000,89935.14000000,3505.93103000
1765555200000,89935.13000000,90441.17000000,89480.00000000,90046.54000000,2093.36319000
1765558800000,90046.53000000,90623.72000000,89826.75000000,90083.09000000,1168.98586000
1765562400000,90083.09000000,90666.00000000,90044.93000000,90372.00000000,894.36594000
1765566000000,90372.00000000,90399.99000000,90017.05000000,90198.22000000,502.61326000
1765569600000,90198.23000000,90334.77000000,89898.61000000,90214.08000000,503.97114000
1765573200000,90214.08000000,90345.94000000,90100.00000000,90193.94000000,320.83820000
1765576800000,90193.94000000,90395.53000000,90184.92000000,90335.92000000,184.26184000
1765580400000,90335.93000000,90404.13000000,90233.16000000,90268.42000000,167.73874000
1765584000000,90268.43000000,90444.28000000,90207.20000000,90323.01000000,184.81820000
1765587600000,90323.01000000,90359.32000000,90120.00000000,90229.91000000,171.54055000
1765591200000,90229.92000000,90318.00000000,90221.98000000,90232.77000000,158.12998000
1765594800000,90232.77000000,90469.71000000,90205.52000000,90345.54000000,134.27456000
1765598400000,90345.55000000,90410.50000000,90268.91000000,90371.81000000,120.09938000
1765602000000,90371.81000000,90387.51000000,90269.00000000,90342.91000000,103.66062000
1765605600000,90342.92000000,90380.00000000,90270.65000000,90351.45000000,106.97274000
1765609200000,90351.45000000,90400.00000000,90318.56000000,90329.97000000,120.80251000
1765612800000,90329.98000000,90575.28000000,90318.67000000,90458.19000000,326.23501000
1765616400000,90458.20000000,90513.53000000,90387.99000000,90422.57000000,164.09529000
1765620000000,90422.57000000,90634.55000000,90418.49000000,90595.13000000,395.80418000
1765623600000,90595.14000000,90612.32000000,90290.00000000,90330.36000000,639.73871000
1765627200000,90330.36000000,90470.30000000,90276.13000000,90341.05000000,491.58704000
1765630800000,90341.05000000,90450.00000000,90194.34000000,90245.87000000,344.68696000
1765634400000,90245.88000000,90331.74000000,89932.99000000,90079.70000000,600.45706000
1765638000000,90079.71000000,90289.60000000,90031.38000000,90092.16000000,470.25787000
1765641600000,90092.17000000,90268.13000000,90025.65000000,90087.28000000,226.25798000
1765645200000,90087.28000000,90102.08000000,89981.00000000,90052.61000000,193.07435000
1765648800000,90052.61000000,90184.34000000,90047.40000000,90119.89000000,145.63725000
1765652400000,90119.90000000,90224.80000000,90109.62000000,90178.16000000,110.26780000
1765656000000,90178.17000000,90209.56000000,90037.57000000,90088.31000000,107.22878000
1765659600000,90088.31000000,90184.59000000,89766.39000000,90175.97000000,284.30101000
1765663200000,90175.97000000,90250.00000000,89997.14000000,90140.10000000,154.46161000
1765666800000,90140.10000000,90280.76000000,90051.02000000,90240.01000000,141.31844000
1765670400000,90240.00000000,90472.40000000,90117.05000000,90340.00000000,291.19891000
1765674000000,90340.00000000,90442.00000000,90208.00000000,90293.29000000,137.11035000
1765677600000,90293.29000000,90384.00000000,90240.01000000,90290.17000000,156.14118000
1765681200000,90290.18000000,90303.08000000,90245.60000000,90258.98000000,126.49087000
1765684800000,90258.99000000,90329.24000000,90127.99000000,90201.50000000,114.76912000
1765688400000,90201.50000000,90228.66000000,90050.74000000,90199.06000000,171.78190000
1765692000000,90199.06000000,90245.34000000,90092.86000000,90145.26000000,269.90290000
1765695600000,90145.27000000,90279.42000000,90072.97000000,90245.60000000,133.38192000
1765699200000,90245.60000000,90280.01000000,90108.27000000,90108.28000000,116.07960000
1765702800000,90108.28000000,90151.02000000,90001.10000000,90020.06000000,187.97686000
1765706400000,90020.07000000,90136.22000000,89785.00000000,89853.69000000,322.19368000
1765710000000,89853.69000000,89853.70000000,88687.27000000,89360.00000000,1409.87783000
1765713600000,89360.01000000,89666.00000000,89101.00000000,89431.65000000,410.39848000
1765717200000,89431.66000000,89500.00000000,89088.00000000,89489.50000000,410.01233000
1765720800000,89489.51000000,89556.83000000,88884.26000000,89118.04000000,568.79065000
1765724400000,89118.04000000,89176.69000000,88882.66000000,89022.91000000,340.50491000
1765728000000,89022.92000000,89398.71000000,88531.34000000,88836.98000000,723.59164000
1765731600000,88836.99000000,89032.39000000,88606.73000000,88810.67000000,407.92480000
1765735200000,88810.67000000,89073.18000000,88722.19000000,88997.28000000,248.72689000
1765738800000,88997.27000000,88997.28000000,88497.02000000,88644.88000000,304.96489000
1765742400000,88644.88000000,88827.71000000,88356.90000000,88558.97000000,585.18797000
1765746000000,88558.97000000,88714.66000000,88345.94000000,88443.85000000,309.77088000
1765749600000,88443.85000000,88605.06000000,88017.00000000,88415.29000000,614.71972000
1765753200000,88415.29000000,88609.22000000,87577.36000000,88172.17000000,1055.44176000
1765756800000,88172.16000000,88692.30000000,88074.37000000,88465.90000000,626.14158000
1765760400000,88465.90000000,89338.01000000,88428.07000000,89242.32000000,767.16149000
1765764000000,89242.33000000,90052.64000000,89235.72000000,89321.85000000,985.65880000
1765767600000,89321.85000000,89543.88000000,89225.91000000,89282.60000000,320.69878000
1765771200000,89282.60000000,89786.89000000,89272.88000000,89667.64000000,408.51835000
1765774800000,89667.64000000,89749.47000000,89492.00000000,89615.24000000,221.82498000
1765778400000,89615.25000000,89918.48000000,89476.98000000,89735.88000000,262.41654000
1765782000000,89735.89000000,89824.47000000,89516.00000000,89753.42000000,424.17802000
1765785600000,89753.43000000,89900.00000000,89655.52000000,89770.01000000,250.02319000
1765789200000,89770.00000000,89986.68000000,89770.00000000,89865.12000000,310.45690000
1765792800000,89865.13000000,89981.64000000,89717.34000000,89858.95000000,470.70514000
1765796400000,89858.96000000,89900.00000000,89572.05000000,89641.28000000,493.20463000
1765800000000,89641.28000000,89762.56000000,89431.52000000,89695.75000000,392.24774000
1765803600000,89695.76000000,89736.90000000,89274.44000000,89432.00000000,415.38225000
1765807200000,89432.01000000,89876.42000000,87840.00000000,88050.01000000,1787.73645000
1765810800000,88050.00000000,88184.28000000,86621.91000000,87033.22000000,3292.66278000
1765814400000,87033.21000000,87220.00000000,86062.67000000,86400.01000000,1613.22350000
1765818000000,86400.00000000,86496.89000000,85599.99000000,85762.87000000,1557.38170000
1765821600000,85762.86000000,86272.23000000,85146.64000000,86185.39000000,1482.06005000
1765825200000,86185.40000000,86560.40000000,85880.00000000,86149.96000000,1136.56389000
1765828800000,86149.96000000,86199.63000000,85610.88000000,85787.04000000,692.94245000
1765832400000,85787.04000000,86307.36000000,85530.01000000,86243.78000000,691.57648000
1765836000000,86243.77000000,86259.32000000,85827.98000000,86259.31000000,440.84932000
1765839600000,86259.32000000,86472.70000000,86103.67000000,86432.08000000,735.07689000
1765843200000,86432.08000000,86535.22000000,85836.60000000,85865.48000000,556.05003000
1765846800000,85865.49000000,86169.62000000,85651.92000000,85891.02000000,527.35929000
1765850400000,85891.02000000,86227.99000000,85800.00000000,85944.01000000,492.40216000
1765854000000,85944.01000000,86019.76000000,85386.00000000,85875.92000000,697.04602000
1765857600000,85875.91000000,85925.77000000,85266.00000000,85838.51000000,611.35109000
1765861200000,85838.50000000,86200.00000000,85812.61000000,86028.11000000,355.99172000
1765864800000,86028.12000000,86611.69000000,86028.12000000,86508.00000000,522.68260000
1765868400000,86508.01000000,86615.38000000,85850.00000000,86021.51000000,943.04227000
1765872000000,86021.51000000,86380.00000000,85930.97000000,86281.18000000,426.54563000
1765875600000,86281.17000000,86426.07000000,86201.10000000,86350.00000000,366.58293000
1765879200000,86350.00000000,87327.70000000,86275.06000000,86980.01000000,956.84103000
1765882800000,86980.01000000,87330.00000000,86820.00000000,87261.45000000,667.27630000
1765886400000,87261.46000000,87480.00000000,87077.41000000,87212.98000000,861.57452000
1765890000000,87212.98000000,87786.88000000,86410.01000000,86443.02000000,2144.73917000
1765893600000,86443.02000000,87763.92000000,86107.43000000,87297.99000000,1799.42456000
1765897200000,87298.00000000,88175.98000000,86839.35000000,87977.43000000,1924.39377000
1765900800000,87977.44000000,88050.17000000,87333.08000000,87588.26000000,1300.81662000
1765904400000,87588.26000000,87844.01000000,87093.79000000,87131.99000000,779.27901000
1765908000000,87132.00000000,88019.88000000,87061.23000000,87781.35000000,863.99314000
1765911600000,87781.35000000,87800.00000000,87294.11000000,87585.77000000,553.66943000
1765915200000,87585.76000000,87836.47000000,87343.75000000,87573.23000000,378.71665000
1765918800000,87573.22000000,87906.29000000,87496.05000000,87768.59000000,268.86536000
1765922400000,87768.60000000,87931.48000000,87636.37000000,87783.34000000,255.64480000
1765926000000,87783.35000000,87874.66000000,87602.34000000,87863.42000000,201.76207000
1765929600000,87863.43000000,87863.43000000,87426.06000000,87537.21000000,344.84512000
1765933200000,87537.22000000,87950.00000000,87489.12000000,87552.30000000,293.20917000
1765936800000,87552.30000000,87587.14000000,87188.37000000,87483.04000000,275.84035000
1765940400000,87483.04000000,87615.27000000,87150.01000000,87213.59000000,265.75670000
1765944000000,87213.60000000,87398.54000000,86721.86000000,86752.26000000,378.79516000
1765947600000,86752.27000000,86756.74000000,86209.11000000,86626.39000000,634.29318000
1765951200000,86626.40000000,87005.27000000,86587.82000000,86777.98000000,454.66393000
1765954800000,86777.98000000,87169.37000000,86593.55000000,87045.59000000,627.05868000
1765958400000,87045.59000000,87045.59000000,86326.80000000,86395.66000000,456.87442000
1765962000000,86395.67000000,86615.38000000,86262.85000000,86417.46000000,334.04163000
1765965600000,86417.45000000,86837.63000000,86238.91000000,86624.49000000,386.26358000
1765969200000,86624.50000000,87137.42000000,86565.23000000,86983.26000000,504.05307000
1765972800000,86983.26000000,87215.97000000,86828.00000000,87029.55000000,620.91109000
1765976400000,87029.56000000,87860.00000000,86817.27000000,87631.37000000,984.05009000
1765980000000,87631.37000000,89685.17000000,87161.39000000,89675.85000000,2426.70710000
1765983600000,89675.85000000,90365.85000000,87136.97000000,87233.44000000,4100.60903000
1765987200000,87233.44000000,87769.23000000,86166.66000000,86986.51000000,2213.28706000
1765990800000,86986.50000000,87103.44000000,86265.15000000,86427.12000000,812.72770000
1765994400000,86427.12000000,86850.64000000,85662.46000000,85829.22000000,910.41728000
1765998000000,85829.25000000,86195.38000000,85314.00000000,86018.53000000,1109.18442000
1766001600000,86018.53000000,86252.16000000,85644.09000000,85891.18000000,709.05939000
1766005200000,85890.36000000,86049.17000000,85700.00000000,85982.88000000,262.46393000
1766008800000,85982.88000000,86431.14000000,85888.20000000,86339.09000000,477.50595000
1766012400000,86339.10000000,86340.60000000,85950.00000000,86243.22000000,251.49926000
1766016000000,86243.23000000,86313.71000000,86056.56000000,86230.74000000,267.87743000
1766019600000,86230.74000000,86242.15000000,85863.93000000,86119.21000000,322.24363000
1766023200000,86119.27000000,86863.75000000,86011.20000000,86699.64000000,501.47272000
1766026800000,86699.64000000,86699.64000000,86270.59000000,86618.34000000,624.40718000
1766030400000,86618.35000000,86901.40000000,86607.34000000,86765.43000000,404.83110000
1766034000000,86765.44000000,86768.78000000,86384.61000000,86440.90000000,380.26204000
1766037600000,86440.90000000,86660.61000000,86411.62000000,86645.93000000,241.79517000
1766041200000,86645.93000000,86863.75000000,86593.07000000,86833.84000000,524.31368000
1766044800000,86833.83000000,87126.22000000,86685.14000000,86978.98000000,699.07640000
1766048400000,86978.98000000,87392.43000000,86803.06000000,87280.95000000,575.12681000
1766052000000,87280.95000000,87453.63000000,87213.27000000,87341.95000000,387.02725000
1766055600000,87342.00000000,87356.81000000,87067.26000000,87300.74000000,233.58665000
1766059200000,87300.50000000,87428.00000000,87109.76000000,87259.99000000,364.92164000
1766062800000,87259.99000000,89203.23000000,87259.99000000,88851.70000000,2595.36979000
1766066400000,88851.70000000,89477.61000000,87727.25000000,88345.20000000,2494.91228000
1766070000000,88345.19000000,89362.79000000,87966.24000000,88513.44000000,1859.88413000
1766073600000,88513.43000000,88533.61000000,87852.00000000,88014.00000000,962.80719000
1766077200000,88014.00000000,88022.63000000,85481.22000000,86483.56000000,2784.29449000
1766080800000,86483.56000000,86889.04000000,85720.00000000,85970.00000000,1482.84371000
1766084400000,85970.00000000,86010.00000000,84481.31000000,84483.79000000,4102.16356000
1766088000000,84483.80000000,85268.41000000,84450.01000000,84582.65000000,1888.57496000
1766091600000,84582.64000000,85835.90000000,84559.21000000,85630.95000000,999.89541000
1766095200000,85630.96000000,85750.85000000,85288.01000000,85582.88000000,409.43501000
1766098800000,85582.89000000,85619.99000000,85322.07000000,85516.41000000,298.29540000
1766102400000,85516.41000000,85604.88000000,85295.20000000,85604.88000000,318.70597000
1766106000000,85604.88000000,85604.88000000,85110.24000000,85320.43000000,357.58384000
1766109600000,85320.42000000,85929.06000000,85135.39000000,85643.44000000,554.49887000
1766113200000,85643.44000000,87568.99000000,85610.47000000,86891.39000000,2080.88033000
1766116800000,86891.39000000,87380.00000000,86846.15000000,87103.34000000,691.06624000
1766120400000,87103.34000000,87223.98000000,86647.51000000,87139.95000000,797.75888000
1766124000000,87139.95000000,87484.00000000,86907.80000000,87483.41000000,424.48329000
1766127600000,87483.41000000,88449.06000000,87473.53000000,87953.40000000,1800.28697000
1766131200000,87953.39000000,88222.00000000,87742.60000000,88102.78000000,559.50769000
1766134800000,88102.78000000,88165.27000000,87898.36000000,88105.03000000,362.43771000
1766138400000,88105.03000000,88341.29000000,87921.41000000,88267.09000000,527.07869000
1766142000000,88267.09000000,88385.06000000,88138.51000000,88198.70000000,348.79773000
1766145600000,88198.70000000,88280.06000000,87846.03000000,87855.92000000,788.49881000
1766149200000,87855.92000000,88220.41000000,87825.19000000,87997.14000000,815.39060000
1766152800000,87997.13000000,88552.17000000,87514.59000000,88180.01000000,1848.73686000
1766156400000,88180.00000000,89399.97000000,87692.77000000,87951.87000000,2536.09207000
1766160000000,87951.86000000,88882.55000000,87872.91000000,87983.25000000,1009.42568000
1766163600000,87983.24000000,88346.96000000,86873.14000000,86943.25000000,1787.60684000
1766167200000,86943.26000000,87466.09000000,86846.16000000,87155.44000000,656.70102000
1766170800000,87155.43000000,88125.67000000,87134.60000000,87845.92000000,1130.87692000
1766174400000,87845.92000000,88416.00000000,87614.79000000,88099.60000000,970.95933000
1766178000000,88099.59000000,88099.60000000,87800.00000000,87839.40000000,343.56863000
1766181600000,87839.39000000,88426.85000000,87839.39000000,88344.78000000,328.59939000
1766185200000,88344.77000000,88360.00000000,88133.85000000,88136.94000000,217.10768000
1766188800000,88136.95000000,88188.00000000,87961.60000000,88005.63000000,238.63486000
1766192400000,88005.63000000,88165.27000000,88005.62000000,88075.89000000,236.74301000
1766196000000,88075.89000000,88311.87000000,87988.67000000,88204.04000000,365.01084000
1766199600000,88204.03000000,88339.27000000,88176.45000000,88214.98000000,144.05844000
1766203200000,88214.98000000,88338.31000000,88123.07000000,88295.37000000,198.26731000
1766206800000,88295.38000000,88573.07000000,88275.19000000,88295.31000000,306.24924000
1766210400000,88295.31000000,88444.54000000,88275.92000000,88305.81000000,99.47233000
1766214000000,88305.81000000,88328.84000000,88189.67000000,88275.41000000,193.88304000
1766217600000,88275.41000000,88428.00000000,88257.21000000,88257.21000000,190.13912000
1766221200000,88257.21000000,88339.05000000,88220.61000000,88224.00000000,171.15417000
1766224800000,88224.00000000,88288.21000000,88129.27000000,88163.99000000,255.88825000
1766228400000,88163.99000000,88313.20000000,88107.35000000,88277.66000000,204.54149000
1766232000000,88277.66000000,88335.00000000,88195.51000000,88256.08000000,140.78522000
1766235600000,88256.07000000,88343.73000000,87795.76000000,88270.39000000,491.51954000
1766239200000,88270.39000000,88287.84000000,88012.00000000,88260.88000000,329.36375000
1766242800000,88260.89000000,88267.10000000,88025.96000000,88178.71000000,354.00686000
1766246400000,88178.72000000,88242.55000000,88133.65000000,88149.72000000,141.45563000
1766250000000,88149.72000000,88258.22000000,88103.54000000,88181.80000000,145.06220000
1766253600000,88181.80000000,88418.73000000,88151.97000000,88313.21000000,203.88068000
1766257200000,88313.22000000,88329.03000000,88201.14000000,88232.92000000,83.70640000
1766260800000,88232.92000000,88312.72000000,88211.17000000,88271.60000000,128.50977000
1766264400000,88271.60000000,88443.44000000,88184.96000000,88208.73000000,169.66114000
1766268000000,88208.74000000,88339.99000000,88154.06000000,88279.35000000,182.03760000
1766271600000,88279.34000000,88423.31000000,88252.78000000,88360.90000000,149.10105000
1766275200000,88360.91000000,88433.64000000,88306.00000000,88387.92000000,134.46825000
1766278800000,88387.93000000,88387.93000000,88011.83000000,88011.83000000,279.93502000
1766282400000,88011.84000000,88149.99000000,87869.35000000,87943.76000000,392.18461000
1766286000000,87943.76000000,88150.00000000,87934.48000000,88070.64000000,184.82899000
1766289600000,88070.64000000,88149.13000000,88050.00000000,88065.83000000,180.33962000
1766293200000,88065.83000000,88150.01000000,88054.05000000,88138.95000000,67.73322000
1766296800000,88138.95000000,88201.59000000,88068.36000000,88090.72000000,107.24070000
1766300400000,88090.73000000,88174.79000000,88054.61000000,88174.79000000,100.25965000
1766304000000,88174.79000000,88767.20000000,88141.87000000,88537.87000000,426.66802000
1766307600000,88537.88000000,89081.77000000,88500.30000000,88892.82000000,535.95501000
1766311200000,88892.82000000,88979.94000000,88580.52000000,88669.78000000,321.68195000
1766314800000,88669.78000000,88750.00000000,88588.11000000,88601.57000000,155.51107000
1766318400000,88601.57000000,88920.01000000,88463.78000000,88638.01000000,273.81982000
1766322000000,88638.01000000,88694.32000000,87600.04000000,87670.10000000,1029.34323000
1766325600000,87670.10000000,88148.34000000,87615.07000000,88065.18000000,535.83684000
1766329200000,88065.19000000,88272.34000000,87813.00000000,88067.95000000,367.50892000
1766332800000,88067.96000000,88369.00000000,87985.11000000,88359.18000000,434.13180000
1766336400000,88359.18000000,88494.97000000,88280.67000000,88324.14000000,292.57922000
1766340000000,88324.14000000,88451.84000000,87950.00000000,88445.09000000,223.91956000
1766343600000,88445.08000000,88600.00000000,88201.58000000,88484.01000000,289.83713000
1766347200000,88484.01000000,88500.00000000,88230.76000000,88230.96000000,127.78210000
1766350800000,88230.97000000,88368.83000000,88091.96000000,88162.86000000,151.57667000
1766354400000,88162.86000000,88494.99000000,88120.99000000,88483.63000000,176.80431000
1766358000000,88483.64000000,88823.52000000,88374.74000000,88658.86000000,342.92687000
1766361600000,88658.87000000,89627.24000000,88613.87000000,88622.40000000,1109.80548000
1766365200000,88622.40000000,89279.31000000,88516.00000000,88626.31000000,593.85875000
1766368800000,88626.31000000,88658.22000000,87900.00000000,88458.27000000,639.02818000
1766372400000,88458.27000000,88850.00000000,88283.40000000,88774.12000000,277.28751000
1766376000000,88774.13000000,89034.44000000,88712.11000000,88904.99000000,316.78715000
1766379600000,88905.00000000,89000.00000000,88762.43000000,88831.34000000,260.18369000
1766383200000,88831.34000000,89008.00000000,88730.07000000,88909.26000000,222.60970000
1766386800000,88909.26000000,89200.00000000,88891.63000000,89170.10000000,491.12288000
1766390400000,89170.10000000,89908.71000000,89093.44000000,89334.20000000,921.73946000
1766394000000,89334.21000000,89836.89000000,89301.00000000,89829.60000000,441.59532000
1766397600000,89829.60000000,89868.00000000,89615.38000000,89778.94000000,435.91534000
1766401200000,89778.95000000,90118.00000000,89656.38000000,89945.43000000,823.65187000
1766404800000,89945.43000000,90588.23000000,89866.00000000,90208.48000000,1081.30015000
1766408400000,90208.49000000,90319.98000000,89731.72000000,89912.37000000,614.87382000
1766412000000,89912.38000000,90293.28000000,89440.50000000,90126.43000000,1047.85448000
1766415600000,90126.44000000,90454.74000000,89196.42000000,89726.92000000,1198.69370000
1766419200000,89726.93000000,90127.00000000,89523.22000000,89550.00000000,654.12884000
1766422800000,89550.01000000,89579.81000000,89092.09000000,89308.92000000,588.68917000
1766426400000,89308.91000000,89523.23000000,89140.00000000,89150.04000000,385.95267000
1766430000000,89150.04000000,89150.04000000,87965.76000000,88052.43000000,980.77862000
1766433600000,88052.42000000,88486.12000000,87911.79000000,88351.03000000,544.44938000
1766437200000,88351.03000000,88619.13000000,88235.09000000,88275.06000000,405.03635000
1766440800000,88275.05000000,88833.33000000,88150.00000000,88660.07000000,389.08575000
1766444400000,88660.07000000,88700.00000000,88430.43000000,88620.79000000,248.79144000
1766448000000,88620.79000000,88940.00000000,88504.78000000,88770.47000000,270.13686000
1766451600000,88770.47000000,88889.76000000,88430.00000000,88513.71000000,241.89286000
1766455200000,88513.72000000,88755.24000000,88091.21000000,88206.80000000,579.81965000
1766458800000,88206.80000000,88355.56000000,87800.00000000,88170.00000000,413.85546000
1766462400000,88170.00000000,88368.10000000,87930.99000000,87930.99000000,308.91036000
1766466000000,87931.00000000,88025.71000000,87614.79000000,87765.01000000,482.98475000
1766469600000,87765.01000000,87780.00000000,87051.52000000,87400.01000000,787.33301000
1766473200000,87400.01000000,87698.82000000,87373.22000000,87574.79000000,417.20250000
1766476800000,87574.78000000,87699.99000000,87433.20000000,87477.15000000,347.82336000
1766480400000,87477.14000000,87630.76000000,87297.69000000,87531.85000000,429.48493000
1766484000000,87531.85000000,87659.90000000,87510.60000000,87615.93000000,241.30517000
1766487600000,87615.92000000,87890.00000000,87564.29000000,87856.65000000,413.76507000
1766491200000,87856.66000000,87963.03000000,87600.00000000,87789.18000000,403.03862000
1766494800000,87789.18000000,87902.00000000,87426.70000000,87616.67000000,558.41583000
1766498400000,87616.66000000,87829.20000000,86601.90000000,86874.00000000,1406.81005000
1766502000000,86873.99000000,87550.00000000,86720.00000000,87443.45000000,1039.72862000
1766505600000,87443.45000000,88189.64000000,87325.40000000,88003.63000000,1214.11389000
1766509200000,88003.63000000,88275.40000000,87180.00000000,87180.01000000,705.26293000
1766512800000,87180.00000000,88177.98000000,87162.39000000,87975.01000000,814.37143000
1766516400000,87975.02000000,88043.94000000,87650.00000000,87752.87000000,487.08154000
1766520000000,87752.88000000,88372.35000000,87524.58000000,87691.50000000,807.56489000
1766523600000,87691.51000000,87856.37000000,87540.87000000,87722.89000000,406.59734000
1766527200000,87722.90000000,87779.25000000,87250.00000000,87399.45000000,627.85138000
1766530800000,87399.45000000,87520.87000000,87180.00000000,87486.00000000,504.97854000
1766534400000,87486.00000000,87672.26000000,87264.00000000,87660.47000000,394.43819000
1766538000000,87660.47000000,87839.66000000,87500.00000000,87632.51000000,313.39351000
1766541600000,87632.51000000,87658.07000000,86940.76000000,87134.39000000,587.21641000
1766545200000,87134.39000000,87392.61000000,86863.88000000,87336.23000000,303.84075000
1766548800000,87336.23000000,87458.54000000,87083.50000000,87147.65000000,288.59994000
1766552400000,87147.64000000,87248.79000000,86796.65000000,86957.90000000,344.84105000
1766556000000,86957.89000000,87071.64000000,86802.03000000,87019.21000000,370.38507000
1766559600000,87019.21000000,87184.57000000,86911.52000000,86911.53000000,345.81136000
1766563200000,86911.53000000,87077.67000000,86769.32000000,86795.56000000,315.09263000
1766566800000,86795.56000000,86903.17000000,86724.05000000,86812.80000000,230.63616000
1766570400000,86812.80000000,87196.00000000,86812.79000000,87077.66000000,292.48243000
1766574000000,87077.66000000,87359.59000000,87077.66000000,87203.94000000,350.15883000
1766577600000,87203.94000000,87478.59000000,87129.47000000,87428.51000000,308.22922000
1766581200000,87428.50000000,87440.24000000,87038.44000000,87286.90000000,403.57201000
1766584800000,87286.90000000,87448.49000000,86420.00000000,86994.70000000,906.39237000
1766588400000,86994.70000000,87218.69000000,86580.00000000,87049.99000000,682.33537000
1766592000000,87050.00000000,87670.00000000,86917.25000000,87283.23000000,859.06821000
1766595600000,87283.23000000,87576.68000000,87255.06000000,87322.77000000,412.56130000
1766599200000,87322.77000000,87500.67000000,87233.93000000,87470.65000000,257.68600000
1766602800000,87470.64000000,87578.81000000,87329.90000000,87566.06000000,217.13377000
1766606400000,87566.07000000,87679.05000000,87516.77000000,87556.20000000,186.42889000
1766610000000,87556.21000000,87795.65000000,87556.20000000,87696.33000000,184.56137000
1766613600000,87696.34000000,88049.89000000,87696.33000000,88009.81000000,324.48249000
1766617200000,88009.82000000,88023.57000000,87599.14000000,87669.45000000,261.49587000
1766620800000,87669.44000000,87749.00000000,87508.52000000,87568.37000000,172.91056000
1766624400000,87568.37000000,87748.78000000,87567.42000000,87699.99000000,127.73475000
1766628000000,87700.00000000,87967.50000000,87563.87000000,87892.66000000,207.01020000
1766631600000,87892.66000000,87925.08000000,87767.84000000,87840.42000000,145.20674000
1766635200000,87840.42000000,87843.38000000,87743.00000000,87773.33000000,132.58221000
1766638800000,87773.34000000,87787.92000000,87661.17000000,87750.55000000,171.99245000
1766642400000,87750.56000000,87842.53000000,87692.67000000,87836.42000000,122.21291000
1766646000000,87836.43000000,87862.20000000,87755.94000000,87837.59000000,141.89666000
1766649600000,87837.59000000,87888.00000000,87351.96000000,87584.65000000,461.19047000
1766653200000,87584.65000000,87603.78000000,87450.01000000,87526.48000000,318.47286000
1766656800000,87526.47000000,87533.36000000,87251.60000000,87414.14000000,276.87514000
1766660400000,87414.15000000,87591.32000000,87414.14000000,87519.44000000,147.21369000
1766664000000,87519.45000000,87586.92000000,87476.49000000,87566.00000000,142.98872000
1766667600000,87566.00000000,87683.87000000,87398.78000000,87638.25000000,370.11784000
1766671200000,87638.25000000,87759.33000000,87550.00000000,87718.21000000,282.91916000
1766674800000,87718.22000000,88592.74000000,87714.00000000,88371.27000000,1137.44680000
1766678400000,88371.27000000,88478.00000000,87993.21000000,88086.72000000,533.77153000
1766682000000,88086.73000000,88211.18000000,88000.32000000,88139.08000000,203.97629000
1766685600000,88139.07000000,88314.37000000,88139.07000000,88241.26000000,193.54871000
1766689200000,88241.26000000,88249.51000000,88075.99000000,88151.18000000,108.25003000
1766692800000,88151.19000000,88167.65000000,87650.00000000,87892.69000000,287.61054000
1766696400000,87892.69000000,87982.98000000,87820.00000000,87901.21000000,144.90662000
1766700000000,87901.22000000,87915.10000000,87311.00000000,87650.00000000,459.19007000
1766703600000,87649.99000000,87771.01000000,86934.72000000,87225.27000000,806.55740000
1766707200000,87225.27000000,87320.10000000,86891.70000000,87120.00000000,573.22847000
1766710800000,87119.99000000,87500.00000000,87119.99000000,87432.26000000,232.74740000
1766714400000,87432.26000000,89440.00000000,87416.04000000,89199.99000000,2823.54617000
1766718000000,89200.00000000,89289.99000000,88714.36000000,88844.87000000,1335.10374000
1766721600000,88844.88000000,89153.17000000,88516.73000000,88969.24000000,561.23440000
1766725200000,88969.24000000,89045.71000000,88828.06000000,88996.58000000,281.22768000
1766728800000,88996.58000000,89250.00000000,88996.58000000,89124.24000000,512.77497000
1766732400000,89124.24000000,89567.75000000,88347.45000000,88470.75000000,1799.23903000
1766736000000,88470.75000000,88886.00000000,88414.81000000,88742.28000000,449.86032000
1766739600000,88742.28000000,88918.59000000,88649.63000000,88811.76000000,363.34862000
1766743200000,88811.77000000,88882.01000000,88680.00000000,88748.34000000,245.05773000
1766746800000,88748.35000000,88754.69000000,88532.00000000,88533.42000000,192.05882000
1766750400000,88533.43000000,88761.45000000,88533.42000000,88678.90000000,338.36189000
1766754000000,88678.89000000,89050.00000000,88618.14000000,88992.88000000,360.81787000
1766757600000,88992.88000000,89049.88000000,87345.88000000,87380.43000000,1728.76389000
1766761200000,87380.44000000,87381.00000000,86655.08000000,87137.81000000,3504.43069000
1766764800000,87137.81000000,87380.00000000,86850.38000000,86855.82000000,711.31648000
1766768400000,86855.83000000,87463.77000000,86818.18000000,87331.91000000,460.45969000
1766772000000,87331.91000000,87380.00000000,87117.11000000,87277.77000000,386.97537000
1766775600000,87277.78000000,87580.29000000,87246.00000000,87501.83000000,382.01197000
1766779200000,87501.83000000,87792.70000000,87399.71000000,87585.77000000,275.03600000
1766782800000,87585.76000000,87697.81000000,87460.57000000,87470.59000000,309.65661000
1766786400000,87470.59000000,87592.67000000,87321.40000000,87550.00000000,304.71430000
1766790000000,87549.99000000,87550.09000000,87331.85000000,87369.56000000,212.64294000
1766793600000,87369.56000000,87414.26000000,87253.05000000,87401.07000000,201.59724000
1766797200000,87401.08000000,87492.66000000,87333.00000000,87475.03000000,129.68193000
1766800800000,87475.03000000,87492.66000000,87392.64000000,87446.02000000,170.01720000
1766804400000,87446.01000000,87532.00000000,87386.97000000,87514.22000000,174.05379000
1766808000000,87514.23000000,87516.84000000,87463.32000000,87470.19000000,106.03892000
1766811600000,87470.19000000,87512.80000000,87446.19000000,87506.00000000,107.21243000
1766815200000,87506.01000000,87566.00000000,87417.93000000,87469.02000000,148.91554000
1766818800000,87469.02000000,87702.00000000,87469.01000000,87539.26000000,153.18664000
1766822400000,87539.26000000,87677.00000000,87539.25000000,87593.00000000,113.75997000
1766826000000,87593.01000000,87665.62000000,87533.84000000,87618.91000000,478.79096000
1766829600000,87618.90000000,87627.67000000,87370.73000000,87503.01000000,293.11984000
1766833200000,87503.02000000,87549.97000000,87442.15000000,87475.98000000,192.08386000
1766836800000,87475.99000000,87515.21000000,87422.41000000,87474.28000000,86.49536000
1766840400000,87474.28000000,87478.37000000,87308.05000000,87452.78000000,204.72599000
1766844000000,87452.79000000,87544.91000000,87390.16000000,87544.90000000,306.42504000
1766847600000,87544.89000000,87589.99000000,87484.71000000,87551.25000000,151.74415000
1766851200000,87551.26000000,87583.47000000,87442.08000000,87498.41000000,152.77888000
1766854800000,87498.42000000,87562.79000000,87467.33000000,87562.58000000,129.16436000
1766858400000,87562.57000000,87572.41000000,87463.76000000,87500.01000000,152.40591000
1766862000000,87500.01000000,87591.00000000,87500.00000000,87569.39000000,132.24207000
1766865600000,87569.39000000,87635.77000000,87523.78000000,87555.92000000,113.31975000
1766869200000,87555.92000000,87668.23000000,87555.91000000,87668.22000000,95.93035000
1766872800000,87668.23000000,87955.00000000,87499.99000000,87565.99000000,386.61743000
1766876400000,87566.00000000,87984.00000000,87565.99000000,87877.01000000,289.24395000
1766880000000,87877.00000000,87961.37000000,87705.97000000,87854.96000000,205.17782000
1766883600000,87854.97000000,87945.39000000,87739.06000000,87785.96000000,153.21984000
1766887200000,87785.97000000,87872.67000000,87755.80000000,87810.78000000,104.97363000
1766890800000,87810.79000000,87845.45000000,87725.47000000,87740.01000000,208.71524000
1766894400000,87740.00000000,87837.99000000,87693.00000000,87724.87000000,151.07627000
1766898000000,87724.86000000,87724.87000000,87614.79000000,87657.93000000,115.90545000
1766901600000,87657.94000000,87784.20000000,87647.42000000,87732.00000000,93.33462000
1766905200000,87732.01000000,87734.98000000,87675.87000000,87730.85000000,81.91388000
1766908800000,87730.86000000,87972.95000000,87730.86000000,87805.00000000,172.52967000
1766912400000,87805.00000000,87900.00000000,87720.00000000,87800.00000000,198.63592000
1766916000000,87800.00000000,88010.00000000,87799.99000000,87856.91000000,246.43833000
1766919600000,87856.91000000,87923.50000000,87818.58000000,87883.25000000,142.43984000
1766923200000,87883.25000000,87891.32000000,87794.86000000,87850.60000000,130.62309000
1766926800000,87850.59000000,87962.45000000,87820.00000000,87896.59000000,171.73272000
1766930400000,87896.60000000,88088.75000000,87896.59000000,87910.00000000,249.63472000
1766934000000,87910.00000000,88006.00000000,87824.18000000,87836.27000000,269.26609000
1766937600000,87836.27000000,87898.42000000,87740.00000000,87814.04000000,180.88996000
1766941200000,87814.04000000,87931.59000000,87760.00000000,87760.00000000,91.89130000
1766944800000,87760.01000000,87768.79000000,87500.26000000,87598.49000000,404.22039000
1766948400000,87598.49000000,87698.30000000,87511.27000000,87520.75000000,204.83537000
1766952000000,87520.75000000,87655.28000000,87446.73000000,87514.76000000,144.33445000
1766955600000,87514.75000000,87592.67000000,87435.00000000,87588.37000000,122.38811000
1766959200000,87588.37000000,87992.70000000,87481.55000000,87900.09000000,295.38221000
1766962800000,87900.09000000,88049.53000000,87634.92000000,87952.71000000,306.73393000
1766966400000,87952.71000000,88444.19000000,87813.17000000,88295.69000000,572.37767000
1766970000000,88295.68000000,88480.00000000,87849.42000000,88445.57000000,562.88296000
1766973600000,88445.57000000,89383.74000000,88445.57000000,89163.25000000,1796.47871000
1766977200000,89163.25000000,90169.06000000,89101.79000000,90123.55000000,1827.31757000
1766980800000,90123.55000000,90406.08000000,89952.81000000,90143.06000000,1199.95690000
1766984400000,90143.07000000,90300.07000000,89931.37000000,89984.00000000,828.28612000
1766988000000,89984.00000000,90121.21000000,89749.87000000,89777.26000000,503.12838000
1766991600000,89777.25000000,89846.71000000,89507.03000000,89617.71000000,971.61551000
1766995200000,89617.71000000,89825.01000000,89444.47000000,89555.10000000,990.67432000
1766998800000,89555.10000000,89618.22000000,87770.10000000,88100.05000000,2360.59949000
1767002400000,88100.50000000,88270.02000000,87653.69000000,87780.01000000,807.41906000
1767006000000,87780.00000000,87793.27000000,87567.65000000,87567.66000000,450.07731000
1767009600000,87567.65000000,87636.34000000,86806.50000000,87397.00000000,1590.97728000
1767013200000,87396.99000000,87537.23000000,87165.04000000,87387.71000000,611.51720000
1767016800000,87387.70000000,88190.71000000,87259.30000000,87429.96000000,985.69910000
1767020400000,87429.97000000,87918.69000000,87222.41000000,87691.62000000,990.15708000
1767024000000,87691.62000000,87840.08000000,87439.03000000,87627.11000000,372.34157000
1767027600000,87627.11000000,87850.00000000,87350.00000000,87849.99000000,322.83525000
1767031200000,87850.00000000,87996.22000000,87361.53000000,87464.77000000,459.75861000
1767034800000,87464.78000000,87668.23000000,87312.34000000,87366.23000000,302.74790000
1767038400000,87366.23000000,87597.59000000,87085.80000000,87212.01000000,665.46040000
1767042000000,87212.01000000,87371.62000000,87173.31000000,87337.85000000,221.04149000
1767045600000,87337.85000000,87404.29000000,87071.49000000,87351.05000000,310.53727000
1767049200000,87351.05000000,87395.07000000,87188.00000000,87237.13000000,191.09860000
1767052800000,87237.13000000,87359.40000000,87105.09000000,87250.23000000,230.51064000
1767056400000,87250.22000000,87356.62000000,87117.87000000,87308.23000000,239.57935000
1767060000000,87308.23000000,87347.70000000,86986.82000000,87111.00000000,471.28819000
1767063600000,87110.99000000,87423.65000000,86845.66000000,87379.00000000,579.19187000
1767067200000,87378.99000000,87492.66000000,87294.67000000,87300.00000000,292.49013000
1767070800000,87300.01000000,87359.43000000,87157.07000000,87255.97000000,140.45208000
1767074400000,87255.98000000,87527.42000000,87241.91000000,87443.17000000,234.42509000
1767078000000,87443.17000000,87600.00000000,87369.98000000,87502.85000000,410.22407000
1767081600000,87502.85000000,88224.76000000,87502.84000000,87872.68000000,1026.69682000
1767085200000,87872.68000000,88046.37000000,87657.44000000,87992.70000000,436.16992000
1767088800000,87992.70000000,88179.38000000,87906.94000000,87949.51000000,416.39591000
1767092400000,87949.52000000,88026.36000000,87735.09000000,87903.89000000,588.98774000
1767096000000,87903.89000000,88090.79000000,87901.70000000,88023.54000000,497.15542000
1767099600000,88023.53000000,88136.00000000,87918.60000000,88110.02000000,448.15717000
1767103200000,88110.02000000,89010.12000000,87834.01000000,88875.83000000,1626.18161000
1767106800000,88875.82000000,89159.52000000,88204.14000000,89016.35000000,1310.95153000
1767110400000,89016.36000000,89400.00000000,88577.42000000,88742.63000000,1418.95930000
1767114000000,88742.63000000,88900.72000000,88129.91000000,88371.34000000,713.60336000
1767117600000,88371.34000000,88493.62000000,88132.59000000,88304.00000000,434.34765000
1767121200000,88304.01000000,88422.22000000,87960.20000000,88226.16000000,345.47514000
1767124800000,88226.15000000,88226.15000000,87886.46000000,87947.15000000,439.95021000
1767128400000,87947.15000000,88330.13000000,87891.15000000,88287.27000000,253.18432000
1767132000000,88287.28000000,88470.00000000,88287.28000000,88430.19000000,280.86597000
1767135600000,88430.18000000,88573.65000000,88371.33000000,88485.49000000,270.66652000
1767139200000,88485.50000000,88485.50000000,88251.93000000,88255.54000000,243.94750000
1767142800000,88255.54000000,88784.00000000,88172.15000000,88649.33000000,355.75740000
1767146400000,88649.32000000,88742.00000000,88521.84000000,88673.60000000,258.23398000
1767150000000,88673.61000000,88819.80000000,88379.09000000,88453.04000000,274.04184000
1767153600000,88453.04000000,88549.50000000,88325.06000000,88325.06000000,158.17484000
1767157200000,88325.07000000,88526.06000000,88325.07000000,88463.09000000,296.57164000
1767160800000,88463.10000000,88561.69000000,88463.09000000,88512.92000000,212.68538000
1767164400000,88512.93000000,88638.76000000,88431.08000000,88613.12000000,304.98001000
1767168000000,88613.11000000,88733.33000000,88393.52000000,88434.65000000,277.76782000
1767171600000,88434.66000000,88715.27000000,88434.65000000,88660.10000000,315.83327000
1767175200000,88660.10000000,88897.99000000,88660.09000000,88847.26000000,482.82711000
1767178800000,88847.27000000,89046.60000000,88802.97000000,89011.52000000,598.23924000
1767182400000,89011.51000000,89044.74000000,88677.32000000,88775.96000000,545.96390000
1767186000000,88775.96000000,89045.98000000,88741.54000000,88991.88000000,300.73941000
1767189600000,88991.88000000,89200.00000000,88278.35000000,88479.99000000,1133.76043000
1767193200000,88479.99000000,88487.68000000,87766.59000000,87953.97000000,1281.39241000
1767196800000,87953.97000000,88053.49000000,87400.41000000,87656.98000000,1249.28961000
1767200400000,87656.99000000,87741.99000000,87489.59000000,87620.82000000,629.77671000
1767204000000,87620.82000000,87980.00000000,87574.12000000,87684.07000000,434.88825000
1767207600000,87684.08000000,87870.02000000,87516.70000000,87541.85000000,622.18859000
1767211200000,87541.85000000,87712.13000000,87250.00000000,87662.01000000,770.32743000
1767214800000,87662.01000000,87879.04000000,87662.01000000,87799.97000000,383.85550000
1767218400000,87799.97000000,87879.04000000,87656.19000000,87728.29000000,236.18697000
1767222000000,87728.30000000,87728.30000000,87619.67000000,87648.22000000,191.19123000
1767225600000,87648.21000000,87849.26000000,87632.74000000,87809.23000000,233.66036000
1767229200000,87809.24000000,88050.00000000,87809.23000000,87960.00000000,241.44162000
1767232800000,87960.01000000,88088.10000000,87895.37000000,87914.00000000,209.55860000
1767236400000,87914.00000000,88015.70000000,87832.09000000,87846.02000000,149.08354000
1767240000000,87846.01000000,87854.81000000,87550.43000000,87590.40000000,476.17901000
1767243600000,87590.41000000,87749.34000000,87590.40000000,87704.39000000,283.17436000
1767247200000,87704.39000000,87704.39000000,87636.29000000,87658.00000000,123.89656000
1767250800000,87658.01000000,87673.01000000,87596.00000000,87631.88000000,225.27492000
1767254400000,87631.88000000,87811.13000000,87631.87000000,87770.90000000,285.21745000
1767258000000,87770.89000000,87965.25000000,87751.82000000,87877.99000000,210.22963000
1767261600000,87877.99000000,87883.80000000,87799.17000000,87863.76000000,128.07380000
1767265200000,87863.75000000,88024.64000000,87859.36000000,88024.64000000,196.30405000
1767268800000,88024.64000000,88036.42000000,87925.28000000,87950.00000000,200.13556000
1767272400000,87950.00000000,88019.82000000,87860.66000000,87922.64000000,155.72883000
1767276000000,87922.63000000,87970.59000000,87810.66000000,87967.05000000,390.01531000
1767279600000,87967.05000000,88113.45000000,87916.39000000,88032.18000000,260.01234000
1767283200000,88032.17000000,88048.70000000,87879.03000000,87988.76000000,189.99476000
1767286800000,87988.77000000,88500.00000000,87976.00000000,88316.37000000,476.08554000
1767290400000,88316.38000000,88364.00000000,88105.08000000,88193.94000000,257.59166000
1767294000000,88193.94000000,88431.23000000,88062.32000000,88391.15000000,216.66303000
1767297600000,88391.16000000,88391.16000000,88240.00000000,88258.12000000,135.39527000
1767301200000,88258.12000000,88447.84000000,88254.08000000,88377.67000000,168.57205000
1767304800000,88377.67000000,88699.99000000,88377.67000000,88645.57000000,474.23054000
1767308400000,88645.57000000,88919.45000000,88474.63000000,88839.04000000,593.05254000
1767312000000,88839.05000000,88890.09000000,88594.39000000,88833.97000000,448.72758000
1767315600000,88833.96000000,88877.12000000,88525.73000000,88639.89000000,242.38673000
1767319200000,88639.89000000,88665.10000000,88379.88000000,88637.03000000,253.81052000
1767322800000,88637.02000000,89120.01000000,88573.64000000,88950.65000000,670.13653000
1767326400000,88950.64000000,88992.00000000,88629.00000000,88637.64000000,287.46487000
1767330000000,88637.64000000,88787.56000000,88576.56000000,88765.20000000,223.91609000
1767333600000,88765.21000000,89079.44000000,88715.44000000,88935.04000000,291.36506000
1767337200000,88935.05000000,89068.62000000,88794.01000000,88857.61000000,387.57118000
1767340800000,88857.60000000,89200.00000000,88758.94000000,89178.13000000,436.78167000
1767344400000,89178.13000000,89484.06000000,89106.34000000,89467.32000000,885.84196000
1767348000000,89467.32000000,89942.44000000,89451.34000000,89666.29000000,1401.67184000
1767351600000,89666.30000000,89682.04000000,89360.00000000,89502.95000000,610.27074000
1767355200000,89502.94000000,89593.17000000,89387.01000000,89400.00000000,388.55376000
1767358800000,89400.00000000,89688.60000000,89309.94000000,89348.68000000,481.02676000
1767362400000,89348.67000000,90135.00000000,88459.96000000,89580.00000000,2152.74387000
1767366000000,89580.01000000,89888.00000000,88800.00000000,89418.11000000,1551.51931000
1767369600000,89418.10000000,90800.00000000,89205.92000000,90376.05000000,2486.21857000
1767373200000,90376.05000000,90961.81000000,90185.43000000,90370.52000000,1336.49207000
1767376800000,90370.52000000,90555.99000000,89552.18000000,89773.10000000,847.22983000
1767380400000,89773.10000000,90157.03000000,89650.00000000,89897.23000000,485.53154000
1767384000000,89897.23000000,90075.00000000,89636.77000000,89740.00000000,538.07124000
1767387600000,89740.01000000,90175.01000000,89728.37000000,90065.80000000,330.88507000
1767391200000,90065.80000000,90400.00000000,90026.54000000,90195.37000000,409.68756000
1767394800000,90195.37000000,90201.67000000,89902.16000000,89995.13000000,249.06866000
1767398400000,89995.14000000,90195.77000000,89966.48000000,90156.19000000,298.52212000
1767402000000,90156.19000000,90292.87000000,90077.69000000,90282.69000000,236.37769000
1767405600000,90282.68000000,90418.32000000,90129.53000000,90340.00000000,305.59164000
1767409200000,90340.01000000,90376.49000000,90200.00000000,90321.22000000,185.70264000
1767412800000,90321.23000000,90480.62000000,90053.53000000,90170.00000000,411.08569000
1767416400000,90170.01000000,90198.00000000,89924.48000000,90031.10000000,222.72398000
1767420000000,90031.10000000,90134.60000000,89850.10000000,89871.05000000,273.68226000
1767423600000,89871.04000000,89950.88000000,89314.01000000,89577.13000000,869.92487000
1767427200000,89577.13000000,89831.90000000,89420.75000000,89670.51000000,458.16930000
1767430800000,89670.51000000,89982.11000000,89634.95000000,89791.99000000,409.91195000
1767434400000,89792.00000000,89881.10000000,89715.21000000,89754.47000000,270.67124000
1767438000000,89754.48000000,89782.81000000,89679.14000000,89752.74000000,162.35671000
1767441600000,89752.75000000,90046.00000000,89664.93000000,90039.13000000,374.21001000
1767445200000,90039.12000000,90065.74000000,89920.01000000,90004.96000000,287.30479000
1767448800000,90004.97000000,90249.99000000,89960.00000000,90126.02000000,298.26434000
1767452400000,90126.02000000,90126.02000000,89968.00000000,89969.31000000,155.37202000
1767456000000,89969.31000000,90219.67000000,89918.59000000,90105.24000000,200.27276000
1767459600000,90105.24000000,90123.77000000,90026.93000000,90093.99000000,83.86507000
1767463200000,90094.00000000,90197.88000000,90035.52000000,90138.87000000,141.85601000
1767466800000,90138.87000000,90156.19000000,90060.00000000,90123.77000000,90.08443000
1767470400000,90123.76000000,90372.40000000,90017.23000000,90372.39000000,179.02196000
1767474000000,90372.40000000,90741.16000000,90318.29000000,90564.31000000,398.89642000
1767477600000,90564.32000000,90738.99000000,90497.52000000,90590.04000000,433.49380000
1767481200000,90590.04000000,90700.00000000,90469.39000000,90628.01000000,310.10546000
1767484800000,90628.01000000,91610.17000000,90628.00000000,91341.47000000,1737.64298000
1767488400000,91341.48000000,91475.52000000,91005.37000000,91235.37000000,375.26249000
1767492000000,91235.37000000,91292.00000000,91080.06000000,91124.00000000,278.28940000
1767495600000,91124.00000000,91350.00000000,91080.06000000,91236.78000000,328.23931000
1767499200000,91236.78000000,91587.72000000,91183.15000000,91400.00000000,457.69348000
1767502800000,91400.01000000,91490.68000000,91348.31000000,91480.04000000,172.44443000
1767506400000,91480.04000000,91810.00000000,91237.54000000,91237.55000000,747.06543000
1767510000000,91237.54000000,91546.31000000,91211.25000000,91532.00000000,456.46078000
1767513600000,91532.00000000,91536.00000000,91174.46000000,91374.99000000,620.80815000
1767517200000,91374.99000000,91485.21000000,91244.29000000,91468.28000000,941.08164000
1767520800000,91468.28000000,91620.50000000,91422.67000000,91600.62000000,665.01473000
1767524400000,91600.62000000,91600.62000000,91236.19000000,91300.00000000,369.35457000
1767528000000,91300.01000000,91360.00000000,91084.00000000,91150.98000000,454.56858000
1767531600000,91150.99000000,91276.94000000,91014.10000000,91264.00000000,272.68922000
1767535200000,91264.00000000,91419.22000000,91146.86000000,91336.39000000,272.07953000
1767538800000,91336.39000000,91381.60000000,91096.27000000,91334.94000000,316.98098000
1767542400000,91334.94000000,91455.90000000,91244.60000000,91321.00000000,326.44422000
1767546000000,91321.00000000,91436.21000000,91306.77000000,91335.73000000,137.11227000
1767549600000,91335.72000000,91335.73000000,91000.00000000,91205.39000000,304.66859000
1767553200000,91205.38000000,91205.39000000,90863.47000000,91138.07000000,372.30446000
1767556800000,91138.06000000,91349.38000000,91132.00000000,91313.94000000,147.52188000
1767560400000,91313.93000000,91421.96000000,91182.71000000,91279.99000000,135.33795000
1767564000000,91279.99000000,91401.98000000,91150.47000000,91220.01000000,149.03275000
1767567600000,91220.00000000,91590.00000000,91220.00000000,91529.73000000,388.43188000
1767571200000,91529.74000000,92426.82000000,91514.81000000,92405.46000000,2061.87264000
1767574800000,92405.46000000,93388.00000000,92280.69000000,92967.28000000,1977.50385000
1767578400000,92967.29000000,93157.99000000,92724.98000000,93033.11000000,913.68581000
1767582000000,93033.11000000,93204.70000000,92871.26000000,92878.22000000,595.50021000
1767585600000,92878.22000000,92947.87000000,92330.46000000,92595.07000000,588.83873000
1767589200000,92595.07000000,92720.73000000,92340.39000000,92359.99000000,400.53800000
1767592800000,92359.99000000,92500.00000000,92155.00000000,92491.81000000,320.70875000
1767596400000,92491.82000000,92644.31000000,92484.72000000,92520.63000000,528.78142000
1767600000000,92520.63000000,92774.28000000,92446.00000000,92467.53000000,603.26757000
1767603600000,92467.54000000,92845.53000000,92320.17000000,92688.60000000,645.33375000
1767607200000,92688.61000000,93151.00000000,92679.12000000,93080.00000000,681.83063000
1767610800000,93080.00000000,93151.00000000,92883.03000000,93134.26000000,567.75651000
1767614400000,93134.25000000,93206.20000000,92752.60000000,92874.28000000,453.58870000
1767618000000,92874.28000000,93020.00000000,92535.41000000,92742.74000000,486.24906000
1767621600000,92742.73000000,93666.00000000,92407.13000000,93428.00000000,1355.05943000
1767625200000,93428.00000000,94000.00000000,93170.95000000,93957.73000000,1929.19905000
1767628800000,93957.74000000,94076.35000000,93586.65000000,93701.31000000,1298.79178000
1767632400000,93701.30000000,94477.69000000,93250.00000000,94317.84000000,1154.31910000
1767636000000,94317.84000000,94500.00000000,93920.00000000,94449.62000000,974.95833000
1767639600000,94449.61000000,94500.00000000,94131.44000000,94303.40000000,762.31290000
1767643200000,94303.40000000,94789.08000000,94038.00000000,94177.99000000,1133.04005000
1767646800000,94178.00000000,94227.40000000,93800.00000000,94095.78000000,474.75745000
1767650400000,94095.78000000,94406.00000000,94012.30000000,94171.22000000,370.72137000
1767654000000,94171.21000000,94194.01000000,93859.70000000,93859.71000000,394.98075000
1767657600000,93859.71000000,93993.07000000,93555.93000000,93816.70000000,522.32093000
1767661200000,93816.70000000,94161.86000000,93739.37000000,93771.82000000,384.14412000
1767664800000,93771.82000000,93870.66000000,93529.18000000,93620.60000000,336.13865000
1767668400000,93620.60000000,93943.88000000,93601.96000000,93769.24000000,285.34343000
1767672000000,93769.25000000,94000.00000000,93734.25000000,93801.07000000,231.47521000
1767675600000,93801.07000000,93816.00000000,93572.11000000,93599.99000000,407.00036000
1767679200000,93599.99000000,93951.07000000,93538.83000000,93780.01000000,538.64562000
1767682800000,93780.01000000,93782.60000000,93137.98000000,93255.08000000,860.27324000
1767686400000,93255.08000000,93420.11000000,93167.29000000,93240.17000000,355.74138000
1767690000000,93240.18000000,93569.61000000,93229.37000000,93462.72000000,327.55172000
1767693600000,93462.72000000,93654.49000000,93413.20000000,93579.56000000,273.28705000
1767697200000,93579.56000000,93895.00000000,93571.43000000,93840.00000000,403.66589000
1767700800000,93839.99000000,93981.10000000,93784.30000000,93872.16000000,338.69848000
1767704400000,93872.17000000,93872.17000000,93636.75000000,93716.53000000,315.19532000
1767708000000,93716.53000000,94444.44000000,93531.28000000,93836.81000000,1676.33623000
1767711600000,93836.81000000,94311.22000000,93352.01000000,93648.99000000,1417.41756000
1767715200000,93649.00000000,93775.60000000,92336.00000000,92692.32000000,2208.46324000
1767718800000,92692.32000000,92773.05000000,91539.68000000,91589.24000000,1784.74974000
1767722400000,91589.23000000,92221.52000000,91262.94000000,92034.09000000,1427.50922000
1767726000000,92034.09000000,92361.82000000,91902.00000000,92104.50000000,733.78195000
1767729600000,92104.49000000,92698.04000000,92098.29000000,92505.32000000,775.34743000
1767733200000,92505.31000000,93845.03000000,92372.40000000,93258.05000000,1874.69965000
1767736800000,93258.04000000,93533.78000000,92966.75000000,93362.68000000,713.98511000
1767740400000,93362.67000000,93792.17000000,93333.32000000,93747.97000000,354.64676000
1767744000000,93747.97000000,93747.97000000,92626.31000000,92709.52000000,843.19542000
1767747600000,92709.36000000,92902.52000000,92330.33000000,92435.35000000,936.69400000
1767751200000,92435.36000000,93060.00000000,92236.07000000,92949.77000000,598.87784000
1767754800000,92949.77000000,93108.69000000,92747.12000000,92815.83000000,294.44853000
1767758400000,92815.83000000,92930.35000000,92610.00000000,92670.29000000,319.36155000
1767762000000,92670.30000000,92847.16000000,92500.00000000,92529.54000000,227.33033000
1767765600000,92529.53000000,92899.57000000,92523.75000000,92614.84000000,240.63686000
1767769200000,92614.84000000,92895.56000000,92614.83000000,92879.13000000,256.24423000
1767772800000,92879.14000000,92961.53000000,92698.09000000,92718.90000000,263.50620000
1767776400000,92718.90000000,92718.91000000,91600.00000000,91716.14000000,1258.05952000
1767780000000,91716.14000000,92000.00000000,91600.00000000,91975.31000000,538.05487000
1767783600000,91975.31000000,92253.16000000,91928.21000000,92087.21000000,542.17686000
1767787200000,92087.21000000,92176.98000000,91977.73000000,91997.86000000,317.95554000
1767790800000,91997.85000000,92299.40000000,91864.52000000,92044.67000000,443.04448000
1767794400000,92044.67000000,92135.10000000,91353.39000000,91959.04000000,1427.59818000
1767798000000,91959.05000000,92000.00000000,91024.00000000,91349.96000000,1434.72957000
1767801600000,91349.95000000,91790.00000000,91150.00000000,91264.54000000,677.82559000
1767805200000,91264.55000000,91698.15000000,91026.01000000,91252.14000000,548.07377000
1767808800000,91252.13000000,91441.35000000,90733.14000000,90901.39000000,816.16719000
1767812400000,90901.38000000,91280.07000000,90675.52000000,91186.07000000,611.74260000
1767816000000,91186.07000000,91300.75000000,90778.32000000,91047.49000000,438.79062000
1767819600000,91047.49000000,91231.90000000,91035.77000000,91089.50000000,245.38775000
1767823200000,91089.50000000,91383.14000000,90873.08000000,91180.85000000,362.92780000
1767826800000,91180.85000000,91489.60000000,91004.10000000,91364.16000000,633.66095000
1767830400000,91364.16000000,91529.72000000,91072.16000000,91394.71000000,369.48198000
1767834000000,91394.70000000,91687.99000000,91300.00000000,91428.40000000,306.46699000
1767837600000,91428.39000000,91473.00000000,90764.00000000,90956.49000000,571.10105000
1767841200000,90956.50000000,91142.51000000,90616.36000000,90813.40000000,547.79189000
1767844800000,90813.40000000,91168.00000000,90700.00000000,91022.75000000,357.33917000
1767848400000,91022.74000000,91188.00000000,90786.14000000,90829.58000000,295.83835000
1767852000000,90829.58000000,90872.00000000,89897.01000000,89898.01000000,1360.25581000
1767855600000,89898.00000000,90588.00000000,89641.84000000,90548.02000000,1094.34311000
1767859200000,90548.02000000,90917.22000000,90155.05000000,90227.25000000,841.98085000
1767862800000,90227.25000000,90374.78000000,89956.00000000,90010.00000000,514.04982000
1767866400000,90009.99000000,90493.18000000,89777.25000000,90410.10000000,526.53398000
1767870000000,90409.61000000,90487.31000000,90022.26000000,90226.77000000,548.71612000
1767873600000,90226.77000000,90240.85000000,89781.96000000,89989.21000000,992.96975000
1767877200000,89989.20000000,90105.08000000,89861.59000000,89962.14000000,441.44929000
1767880800000,89962.14000000,90171.00000000,89311.00000000,90024.01000000,1521.76403000
1767884400000,90024.00000000,90847.52000000,89820.89000000,90781.57000000,1428.07575000
1767888000000,90781.57000000,90926.84000000,90312.89000000,90926.84000000,855.68064000
1767891600000,90926.84000000,91440.00000000,90842.00000000,91366.39000000,874.20589000
1767895200000,91366.39000000,91469.00000000,90952.00000000,91117.35000000,517.40477000
1767898800000,91117.35000000,91333.00000000,90812.98000000,90937.41000000,409.29800000
1767902400000,90937.42000000,90996.02000000,90568.11000000,90927.62000000,476.53275000
1767906000000,90927.63000000,91336.63000000,90917.70000000,91272.96000000,629.96765000
1767909600000,91272.96000000,91493.00000000,91033.11000000,91231.90000000,417.67218000
1767913200000,91231.89000000,91336.63000000,91046.87000000,91099.99000000,233.87135000
1767916800000,91100.00000000,91307.72000000,91058.70000000,91290.33000000,179.40576000
1767920400000,91290.34000000,91632.10000000,90850.00000000,91056.19000000,545.56598000
1767924000000,91056.20000000,91481.19000000,91023.00000000,91038.38000000,431.10210000
1767927600000,91038.39000000,91271.73000000,90941.44000000,91220.23000000,417.79460000
1767931200000,91220.24000000,91236.72000000,90933.30000000,91012.80000000,322.36121000
1767934800000,91012.81000000,91119.81000000,90882.71000000,91091.82000000,292.21625000
1767938400000,91091.82000000,91146.47000000,90989.29000000,91137.58000000,209.50276000
1767942000000,91137.58000000,91137.58000000,90738.34000000,90741.84000000,669.47590000
1767945600000,90741.85000000,90843.77000000,89694.66000000,90033.52000000,1141.88324000
1767949200000,90033.52000000,90481.20000000,90014.60000000,90338.46000000,507.45187000
1767952800000,90338.47000000,90558.01000000,90283.47000000,90485.87000000,396.79277000
1767956400000,90485.87000000,90691.32000000,90404.21000000,90463.11000000,540.59585000
1767960000000,90463.12000000,90603.53000000,90235.13000000,90449.23000000,690.17113000
1767963600000,90449.22000000,90938.62000000,90405.15000000,90607.66000000,722.68305000
1767967200000,90607.66000000,90666.91000000,89940.00000000,90150.00000000,840.37741000
1767970800000,90150.01000000,92082.55000000,89850.00000000,91176.47000000,3441.12901000
1767974400000,91176.48000000,91783.32000000,91175.79000000,91623.89000000,1143.47636000
1767978000000,91623.89000000,91680.41000000,91012.00000000,91422.23000000,688.89123000
1767981600000,91422.23000000,91507.82000000,90340.00000000,90820.31000000,551.14415000
1767985200000,90820.30000000,90820.30000000,90190.00000000,90332.15000000,578.57871000
1767988800000,90332.14000000,90580.62000000,90235.00000000,90303.36000000,313.31668000
1767992400000,90303.37000000,90643.81000000,90113.87000000,90541.97000000,207.05117000
1767996000000,90541.98000000,90723.06000000,90353.91000000,90630.08000000,575.52178000
1767999600000,90630.08000000,90732.01000000,90604.58000000,90641.28000000,183.79042000
1768003200000,90641.27000000,90693.89000000,90527.99000000,90600.00000000,151.21516000
1768006800000,90600.00000000,90732.20000000,90587.00000000,90688.00000000,113.18366000
1768010400000,90688.00000000,90782.23000000,90607.02000000,90697.17000000,139.70054000
1768014000000,90697.17000000,90697.18000000,90554.26000000,90626.14000000,124.89032000
1768017600000,90626.15000000,90649.99000000,90408.23000000,90448.30000000,164.87324000
1768021200000,90448.30000000,90617.62000000,90431.45000000,90603.52000000,84.41081000
1768024800000,90603.52000000,90603.53000000,90474.35000000,90505.47000000,74.15884000
1768028400000,90505.48000000,90682.70000000,90505.47000000,90678.50000000,168.18359000
1768032000000,90678.50000000,90773.33000000,90618.28000000,90661.95000000,288.33994000
1768035600000,90661.94000000,90768.97000000,90630.09000000,90768.96000000,158.69299000
1768039200000,90768.97000000,90832.00000000,90728.45000000,90828.00000000,126.67512000
1768042800000,90828.00000000,90828.00000000,90708.25000000,90723.86000000,73.68827000
1768046400000,90723.87000000,90788.78000000,90665.75000000,90733.71000000,94.62022000
1768050000000,90733.71000000,90772.78000000,90633.86000000,90656.51000000,82.99160000
1768053600000,90656.52000000,90658.69000000,90538.46000000,90591.01000000,144.35468000
1768057200000,90591.01000000,90665.76000000,90584.17000000,90665.75000000,92.51513000
1768060800000,90665.76000000,90725.74000000,90609.56000000,90676.66000000,142.80125000
1768064400000,90676.66000000,90746.00000000,90544.96000000,90544.96000000,152.86625000
1768068000000,90544.96000000,90595.63000000,90504.55000000,90595.62000000,158.53961000
1768071600000,90595.62000000,90631.37000000,90580.61000000,90626.54000000,75.94050000
1768075200000,90626.54000000,90659.03000000,90571.00000000,90572.86000000,99.38243000
1768078800000,90572.86000000,90572.86000000,90500.38000000,90510.74000000,144.94285000
1768082400000,90510.75000000,90600.00000000,90404.00000000,90427.76000000,161.64189000
1768086000000,90427.76000000,90567.15000000,90427.75000000,90504.70000000,85.50833000
1768089600000,90504.70000000,90650.75000000,90451.10000000,90640.44000000,114.36360000
1768093200000,90640.44000000,90675.53000000,90558.95000000,90628.23000000,83.46973000
1768096800000,90628.24000000,90731.90000000,90615.34000000,90699.00000000,123.06702000
1768100400000,90699.00000000,90737.95000000,90631.64000000,90733.50000000,142.98004000
1768104000000,90733.49000000,90785.48000000,90661.53000000,90785.48000000,141.85581000
1768107600000,90785.48000000,90850.00000000,90740.00000000,90774.43000000,128.06651000
1768111200000,90774.42000000,90796.83000000,90585.34000000,90744.00000000,169.88277000
1768114800000,90744.00000000,90749.00000000,90675.52000000,90710.79000000,107.03833000
1768118400000,90710.80000000,90816.00000000,90610.27000000,90790.01000000,261.70108000
1768122000000,90790.01000000,90815.44000000,90675.60000000,90740.02000000,180.86038000
1768125600000,90740.01000000,90740.02000000,90692.79000000,90736.67000000,123.08314000
1768129200000,90736.66000000,90756.00000000,90695.05000000,90754.99000000,128.73157000
1768132800000,90754.99000000,91020.00000000,90720.21000000,90938.13000000,211.42505000
1768136400000,90938.12000000,90972.33000000,90821.47000000,90849.45000000,154.00693000
1768140000000,90849.45000000,91191.50000000,90849.45000000,91127.16000000,282.45011000
1768143600000,91127.17000000,91153.99000000,90708.25000000,90875.79000000,496.14604000
1768147200000,90875.79000000,91283.89000000,90875.79000000,91039.15000000,389.24788000
1768150800000,91039.14000000,91147.82000000,90904.07000000,90986.68000000,234.85682000
1768154400000,90986.68000000,90986.69000000,90793.43000000,90886.68000000,177.99755000
1768158000000,90886.68000000,90922.08000000,90673.30000000,90690.80000000,159.30510000
1768161600000,90690.81000000,90743.72000000,90370.85000000,90708.26000000,497.31755000
1768165200000,90708.25000000,90838.69000000,90590.61000000,90757.06000000,217.97309000
1768168800000,90757.07000000,90757.07000000,90453.36000000,90526.02000000,255.60666000
1768172400000,90526.01000000,91041.79000000,90236.00000000,91013.65000000,695.70318000
1768176000000,91013.66000000,91258.66000000,90700.29000000,91258.65000000,740.61830000
1768179600000,91258.66000000,91799.00000000,91086.00000000,91412.44000000,973.78286000
1768183200000,91412.44000000,92384.40000000,91374.00000000,92203.56000000,1103.07593000
1768186800000,92203.56000000,92519.95000000,91808.11000000,91808.12000000,968.99203000
1768190400000,91808.12000000,92290.81000000,91741.82000000,92175.78000000,651.26560000
1768194000000,92175.79000000,92267.66000000,92037.51000000,92111.86000000,274.66206000
1768197600000,92111.87000000,92207.01000000,91805.43000000,91836.34000000,279.64865000
1768201200000,91836.35000000,91970.00000000,91381.36000000,91408.09000000,500.65720000
1768204800000,91408.09000000,91630.13000000,90388.89000000,90752.27000000,1298.94335000
1768208400000,90752.28000000,90942.85000000,90648.15000000,90685.64000000,605.22242000
1768212000000,90685.65000000,90793.18000000,90370.00000000,90433.46000000,399.68146000
1768215600000,90433.45000000,90824.86000000,90425.36000000,90620.96000000,457.29481000
1768219200000,90620.95000000,90863.74000000,90615.66000000,90789.37000000,244.81991000
1768222800000,90789.37000000,90829.73000000,90538.00000000,90636.01000000,327.61952000
1768226400000,90636.00000000,91131.39000000,90128.44000000,90908.95000000,1300.15719000
1768230000000,90908.95000000,91665.00000000,90705.91000000,91665.00000000,1031.47333000
1768233600000,91664.99000000,92332.00000000,91567.81000000,92123.52000000,1578.09092000
1768237200000,92123.51000000,92306.62000000,91000.53000000,91522.83000000,1208.45838000
1768240800000,91522.83000000,91943.26000000,91411.79000000,91691.80000000,505.47425000
1768244400000,91691.80000000,91880.00000000,91434.80000000,91861.27000000,337.94969000
1768248000000,91861.27000000,92046.23000000,91417.99000000,91484.86000000,374.00813000
1768251600000,91484.87000000,91502.37000000,90938.20000000,91055.17000000,398.88227000
1768255200000,91055.17000000,91441.34000000,91052.21000000,91244.99000000,313.86446000
1768258800000,91244.99000000,91311.68000000,91059.88000000,91296.20000000,313.43996000
1768262400000,91296.20000000,91546.08000000,91249.00000000,91482.74000000,334.56358000
1768266000000,91482.74000000,91546.08000000,91042.66000000,91185.35000000,442.20574000
1768269600000,91185.34000000,91382.82000000,91097.80000000,91118.30000000,271.94314000
1768273200000,91118.30000000,91453.45000000,91118.29000000,91408.91000000,263.81213000
1768276800000,91408.90000000,91650.81000000,91350.71000000,91515.16000000,272.26771000
1768280400000,91515.17000000,92255.94000000,91472.36000000,91920.99000000,991.25943000
1768284000000,91921.00000000,92275.38000000,91806.19000000,92184.36000000,600.50125000
1768287600000,92184.37000000,92212.48000000,91905.33000000,91942.00000000,704.56170000
1768291200000,91941.99000000,92250.66000000,91924.27000000,92165.90000000,528.98890000
1768294800000,92165.89000000,92672.11000000,91950.00000000,92269.42000000,1215.58278000
1768298400000,92269.42000000,92350.03000000,92021.15000000,92128.62000000,394.76711000
1768302000000,92128.63000000,92261.04000000,91972.44000000,92000.74000000,405.87783000
1768305600000,92000.73000000,92153.84000000,91910.25000000,92109.35000000,280.96679000
1768309200000,92109.35000000,92606.42000000,91978.66000000,92076.12000000,1336.20170000
1768312800000,92076.11000000,92915.12000000,91787.61000000,92462.03000000,1289.79234000
1768316400000,92462.03000000,93450.00000000,92132.66000000,93449.99000000,1429.93474000
1768320000000,93449.99000000,93760.00000000,93078.31000000,93389.63000000,1920.24440000
1768323600000,93389.63000000,93498.72000000,93100.00000000,93241.99000000,796.01222000
1768327200000,93241.99000000,93871.29000000,93198.09000000,93633.71000000,950.82758000
1768330800000,93633.71000000,94231.82000000,93475.07000000,94226.84000000,1085.51387000
1768334400000,94226.85000000,94500.00000000,94113.13000000,94408.70000000,1604.35758000
1768338000000,94408.70000000,94507.99000000,94062.00000000,94087.23000000,1173.77039000
1768341600000,94087.23000000,96495.00000000,94087.23000000,95757.21000000,3452.31954000
1768345200000,95757.19000000,96107.97000000,95055.01000000,95414.00000000,1275.24237000
1768348800000,95413.99000000,95647.91000000,95154.04000000,95236.84000000,662.80362000
1768352400000,95236.84000000,95582.00000000,95116.03000000,95245.60000000,749.06956000
1768356000000,95245.61000000,95562.00000000,95190.06000000,95347.46000000,588.58584000
1768359600000,95347.47000000,95722.01000000,95285.50000000,95720.99000000,381.44090000
1768363200000,95720.99000000,95799.22000000,95224.44000000,95245.16000000,460.39311000
1768366800000,95245.17000000,95270.25000000,94972.00000000,95005.00000000,669.59606000
1768370400000,95005.01000000,95028.88000000,94559.28000000,95028.87000000,859.31999000
1768374000000,95028.88000000,95233.99000000,94850.00000000,95205.10000000,884.32504000
1768377600000,95205.11000000,95315.15000000,94900.00000000,94900.01000000,380.43239000
1768381200000,94900.01000000,95186.51000000,94870.01000000,95088.24000000,468.07232000
1768384800000,95088.24000000,95291.98000000,94888.00000000,95091.75000000,526.44388000
1768388400000,95091.49000000,95091.49000000,94737.95000000,94792.99000000,381.08629000
1768392000000,94793.00000000,95154.78000000,94680.67000000,95077.56000000,424.37035000
1768395600000,95077.56000000,95241.70000000,94890.68000000,94998.19000000,454.30020000
1768399200000,94998.20000000,96827.00000000,94982.56000000,96493.15000000,2348.26402000
1768402800000,96493.14000000,97084.68000000,96188.25000000,96764.57000000,2804.69067000
1768406400000,96764.57000000,97693.66000000,96730.77000000,97293.24000000,2448.97546000
1768410000000,97293.23000000,97777.00000000,96800.00000000,96956.07000000,2017.29615000
1768413600000,96956.07000000,97110.00000000,96246.56000000,96806.55000000,1150.91366000
1768417200000,96806.54000000,97640.68000000,96688.36000000,97267.42000000,1063.44638000
1768420800000,97267.42000000,97924.49000000,97209.25000000,97655.28000000,1157.33493000
1768424400000,97655.27000000,97717.72000000,97390.00000000,97564.00000000,494.72849000
1768428000000,97563.99000000,97587.34000000,96772.02000000,96878.34000000,1038.79474000
1768431600000,96878.34000000,97371.33000000,96865.34000000,96951.78000000,437.21023000
1768435200000,96951.78000000,97000.00000000,96500.00000000,96658.03000000,798.45682000
1768438800000,96658.03000000,96959.09000000,96297.32000000,96445.31000000,701.30226000
1768442400000,96445.32000000,96617.06000000,96095.80000000,96339.91000000,530.33501000
1768446000000,96339.92000000,96393.58000000,95777.00000000,95985.10000000,791.58790000
1768449600000,95985.11000000,96387.42000000,95952.89000000,96316.27000000,483.75975000
1768453200000,96316.27000000,96510.57000000,96247.64000000,96429.71000000,419.70339000
1768456800000,96429.71000000,96588.45000000,96172.41000000,96243.78000000,473.63021000
1768460400000,96243.79000000,96760.15000000,96191.79000000,96630.48000000,679.19921000
1768464000000,96630.47000000,96662.00000000,96289.98000000,96643.00000000,760.49437000
1768467600000,96643.01000000,97193.34000000,96559.19000000,97040.75000000,1029.77719000
1768471200000,97040.75000000,97070.39000000,96750.00000000,96818.68000000,414.89635000
1768474800000,96818.68000000,96935.39000000,96580.03000000,96581.08000000,588.17595000
1768478400000,96581.07000000,96994.65000000,96525.24000000,96981.65000000,332.67430000
1768482000000,96981.66000000,97032.99000000,96620.12000000,96846.75000000,496.85903000
1768485600000,96846.74000000,97165.03000000,95592.69000000,96063.43000000,1629.09421000
1768489200000,96063.43000000,96791.67000000,95435.91000000,96737.04000000,2359.55410000
1768492800000,96737.04000000,96969.99000000,96272.72000000,96738.51000000,1973.14331000
1768496400000,96738.50000000,97163.00000000,96426.18000000,96636.35000000,2398.07402000
1768500000000,96636.35000000,96650.51000000,95745.25000000,95835.00000000,2117.40598000
1768503600000,95835.01000000,95920.31000000,95183.13000000,95516.01000000,1380.26708000
1768507200000,95516.01000000,95660.00000000,95134.48000000,95260.67000000,524.36978000
1768510800000,95260.68000000,95631.08000000,95196.00000000,95584.35000000,297.62442000
1768514400000,95584.36000000,95871.00000000,95488.91000000,95583.87000000,269.05055000
1768518000000,95583.87000000,95718.31000000,95378.58000000,95604.80000000,276.37850000
1768521600000,95604.81000000,95828.01000000,95570.96000000,95633.50000000,207.12295000
1768525200000,95633.50000000,95855.12000000,95420.75000000,95664.18000000,401.56495000
1768528800000,95664.17000000,95687.47000000,95393.90000000,95504.40000000,384.29986000
1768532400000,95504.40000000,95586.60000000,95321.58000000,95354.69000000,214.15334000
1768536000000,95354.69000000,95582.41000000,95133.03000000,95261.29000000,700.90747000
1768539600000,95261.30000000,95676.73000000,95242.18000000,95660.37000000,746.76630000
1768543200000,95660.38000000,95816.83000000,95534.00000000,95741.21000000,443.54681000
1768546800000,95741.22000000,95788.34000000,95489.60000000,95653.16000000,403.70542000
1768550400000,95653.16000000,95871.47000000,95570.68000000,95676.00000000,594.74259000
1768554000000,95676.01000000,95788.17000000,95601.50000000,95613.53000000,177.27273000
1768557600000,95613.53000000,95637.00000000,95280.51000000,95307.35000000,538.64006000
1768561200000,95307.35000000,95470.00000000,95261.43000000,95429.09000000,303.73259000
1768564800000,95429.09000000,95569.00000000,95353.50000000,95458.55000000,289.70117000
1768568400000,95458.55000000,95579.00000000,95288.05000000,95448.87000000,277.92918000
1768572000000,95448.86000000,95809.08000000,95192.35000000,95192.36000000,624.83754000
1768575600000,95192.36000000,95663.15000000,94293.46000000,94585.98000000,1821.66491000
1768579200000,94585.99000000,94990.73000000,94508.00000000,94872.55000000,811.28371000
1768582800000,94872.55000000,95130.49000000,94555.88000000,95076.08000000,513.23212000
1768586400000,95076.09000000,95215.74000000,94960.04000000,95001.19000000,353.51337000
1768590000000,95001.19000000,95055.31000000,94841.31000000,95002.09000000,176.56522000
1768593600000,95002.09000000,95561.50000000,94682.00000000,95553.60000000,414.87593000
1768597200000,95553.61000000,95600.00000000,95359.69000000,95523.52000000,341.14068000
1768600800000,95523.52000000,95574.00000000,95260.64000000,95514.00000000,283.10566000
1768604400000,95513.99000000,95577.89000000,95433.83000000,95550.94000000,143.41004000
1768608000000,95550.94000000,95578.20000000,95433.94000000,95465.97000000,129.13356000
1768611600000,95465.97000000,95530.00000000,95384.86000000,95399.93000000,104.26658000
1768615200000,95399.94000000,95412.86000000,95200.00000000,95371.35000000,155.12882000
1768618800000,95371.36000000,95384.87000000,95270.79000000,95372.95000000,132.45240000
1768622400000,95372.94000000,95372.95000000,95260.64000000,95303.64000000,131.52683000
1768626000000,95303.63000000,95373.64000000,95275.05000000,95323.67000000,103.95781000
1768629600000,95323.68000000,95347.89000000,95186.29000000,95240.07000000,125.70578000
1768633200000,95240.08000000,95240.08000000,95041.70000000,95101.67000000,197.34545000
1768636800000,95101.67000000,95260.65000000,95021.67000000,95247.51000000,164.49559000
1768640400000,95247.51000000,95290.08000000,95176.90000000,95260.65000000,104.24877000
1768644000000,95260.65000000,95271.21000000,95116.47000000,95116.48000000,127.24070000
1768647600000,95116.48000000,95323.86000000,95073.57000000,95323.86000000,218.85009000
1768651200000,95323.85000000,95412.84000000,95243.63000000,95251.15000000,215.62364000
1768654800000,95251.15000000,95438.33000000,95198.81000000,95438.32000000,227.83624000
1768658400000,95438.32000000,95544.07000000,95357.02000000,95471.18000000,259.56584000
1768662000000,95471.17000000,95639.45000000,95433.81000000,95573.64000000,747.96943000
1768665600000,95573.65000000,95576.14000000,95212.25000000,95315.23000000,330.67135000
1768669200000,95315.23000000,95440.80000000,95295.17000000,95357.24000000,141.20490000
1768672800000,95357.23000000,95465.98000000,95346.00000000,95428.25000000,100.50730000
1768676400000,95428.25000000,95428.25000000,95290.70000000,95291.38000000,64.10708000
1768680000000,95291.37000000,95383.84000000,95291.36000000,95378.18000000,65.25873000
1768683600000,95378.19000000,95412.86000000,95283.99000000,95302.94000000,114.01955000
1768687200000,95302.94000000,95302.94000000,95050.00000000,95170.97000000,209.18455000
1768690800000,95170.98000000,95208.96000000,95123.79000000,95147.77000000,110.50038000
1768694400000,95147.77000000,95250.00000000,95067.83000000,95112.47000000,179.02691000
1768698000000,95112.48000000,95112.48000000,94876.33000000,94966.90000000,243.72080000
1768701600000,94966.89000000,95069.07000000,94880.53000000,95022.01000000,148.46070000
1768705200000,95022.01000000,95205.74000000,95022.01000000,95200.29000000,149.82604000
1768708800000,95200.29000000,95200.30000000,95075.30000000,95095.68000000,90.87843000
1768712400000,95095.68000000,95260.00000000,95059.27000000,95188.55000000,176.45319000
1768716000000,95188.54000000,95199.62000000,95144.30000000,95171.43000000,144.72253000
1768719600000,95171.44000000,95183.30000000,95028.27000000,95028.27000000,293.23856000
1768723200000,95028.27000000,95195.00000000,95021.44000000,95183.93000000,124.96260000
1768726800000,95183.93000000,95295.35000000,95149.18000000,95275.73000000,312.28376000
1768730400000,95275.73000000,95295.39000000,95088.00000000,95180.66000000,344.24187000
1768734000000,95180.67000000,95180.67000000,95061.65000000,95168.06000000,178.51779000
1768737600000,95168.06000000,95178.09000000,95081.32000000,95113.25000000,122.90856000
1768741200000,95113.24000000,95205.40000000,94910.00000000,95146.82000000,328.31194000
1768744800000,95146.82000000,95376.24000000,94928.51000000,94955.79000000,530.35330000
1768748400000,94955.78000000,95125.47000000,94915.21000000,95119.28000000,195.60522000
1768752000000,95119.27000000,95186.30000000,95073.02000000,95169.35000000,105.98121000
1768755600000,95169.35000000,95280.24000000,95140.61000000,95274.36000000,147.92595000
1768759200000,95274.35000000,95521.71000000,95180.90000000,95439.60000000,407.32335000
1768762800000,95439.60000000,95514.00000000,95333.99000000,95380.99000000,260.23192000
1768766400000,95380.99000000,95441.22000000,95285.20000000,95304.01000000,77.90234000
1768770000000,95304.01000000,95430.45000000,95284.23000000,95430.44000000,81.51777000
1768773600000,95430.45000000,95531.12000000,95412.86000000,95498.61000000,319.96465000
1768777200000,95498.60000000,95498.60000000,93615.40000000,93673.14000000,1930.81880000
1768780800000,93673.14000000,93673.14000000,91910.20000000,92711.02000000,4221.82713000
1768784400000,92711.02000000,92875.68000000,92247.97000000,92586.65000000,910.87085000
1768788000000,92586.65000000,92672.00000000,92383.94000000,92566.80000000,452.44264000
1768791600000,92566.80000000,92776.83000000,92500.00000000,92690.09000000,556.40187000
1768795200000,92690.08000000,92748.32000000,92502.58000000,92665.00000000,506.12587000
1768798800000,92665.00000000,92811.11000000,92504.24000000,92511.77000000,357.86057000
1768802400000,92511.77000000,92629.26000000,92385.07000000,92583.27000000,427.02868000
1768806000000,92583.27000000,92861.41000000,92562.00000000,92841.62000000,421.22196000
1768809600000,92841.62000000,93368.44000000,92702.56000000,93259.09000000,865.57873000
1768813200000,93259.09000000,93268.12000000,92950.00000000,93060.06000000,474.82948000
1768816800000,93060.06000000,93081.30000000,92900.00000000,93064.88000000,263.24721000
1768820400000,93064.88000000,93317.29000000,92969.94000000,93191.96000000,305.33086000
1768824000000,93191.96000000,93226.44000000,92979.48000000,93070.60000000,586.84126000
1768827600000,93070.60000000,93151.37000000,92807.34000000,93031.86000000,326.88604000
1768831200000,93031.85000000,93039.60000000,92700.00000000,92812.43000000,417.89495000
1768834800000,92812.43000000,93081.00000000,92812.43000000,93068.62000000,467.20202000
1768838400000,93068.62000000,93420.00000000,92994.00000000,93301.86000000,380.00206000
1768842000000,93301.85000000,93389.45000000,93150.00000000,93242.99000000,357.60248000
1768845600000,93242.99000000,93259.39000000,92930.00000000,93065.84000000,235.78814000
1768849200000,93065.83000000,93154.32000000,93000.00000000,93105.85000000,179.79114000
1768852800000,93105.85000000,93274.82000000,93084.15000000,93141.94000000,178.48795000
1768856400000,93141.95000000,93342.36000000,93000.03000000,93003.42000000,240.63302000
1768860000000,93003.41000000,93060.00000000,92565.78000000,92565.78000000,374.00927000
1768863600000,92565.78000000,92750.00000000,92158.48000000,92631.00000000,787.62329000
1768867200000,92630.99000000,92870.00000000,92370.25000000,92717.90000000,325.00059000
1768870800000,92717.90000000,92867.28000000,92525.80000000,92716.48000000,251.70499000
1768874400000,92716.47000000,92729.94000000,92370.68000000,92552.16000000,354.36518000
1768878000000,92552.15000000,92650.00000000,92264.70000000,92434.92000000,329.07012000
1768881600000,92434.93000000,92470.37000000,92000.01000000,92062.61000000,363.95619000
1768885200000,92062.62000000,92084.80000000,91294.11000000,91624.18000000,1546.22756000
1768888800000,91624.19000000,91625.31000000,90771.78000000,90929.98000000,1830.88581000
1768892400000,90929.98000000,91319.05000000,90862.83000000,91177.98000000,907.06352000
1768896000000,91177.99000000,91255.70000000,90693.00000000,91116.00000000,1083.79650000
1768899600000,91116.00000000,91116.00000000,90899.00000000,91036.25000000,381.95269000
1768903200000,91036.25000000,91294.11000000,90998.08000000,91269.58000000,415.15786000
1768906800000,91269.57000000,91442.88000000,91214.36000000,91218.99000000,373.22315000
1768910400000,91218.99000000,91318.94000000,91027.74000000,91280.31000000,528.83740000
1768914000000,91280.31000000,91289.64000000,90777.00000000,90958.88000000,722.76892000
1768917600000,90958.89000000,91371.11000000,90272.53000000,90531.15000000,1809.16854000
1768921200000,90531.15000000,90808.04000000,89859.06000000,90684.95000000,1977.53179000
1768924800000,90684.95000000,90974.49000000,90023.99000000,90165.51000000,895.41274000
1768928400000,90165.50000000,90505.68000000,89431.10000000,89775.46000000,1552.70440000
1768932000000,89775.47000000,89958.00000000,89395.07000000,89501.00000000,885.28879000
1768935600000,89501.00000000,89795.45000000,89292.48000000,89725.76000000,781.35230000
1768939200000,89725.77000000,89854.20000000,89400.00000000,89733.99000000,735.02193000
1768942800000,89734.00000000,89829.11000000,89428.00000000,89476.01000000,445.56945000
1768946400000,89476.01000000,89645.56000000,87900.00000000,88509.18000000,2094.09769000
1768950000000,88509.18000000,88534.21000000,87895.98000000,88427.66000000,1417.16799000
1768953600000,88427.66000000,88982.00000000,88250.00000000,88936.01000000,1052.93124000
1768957200000,88936.01000000,89165.20000000,88850.00000000,89020.91000000,502.12138000
1768960800000,89020.91000000,89381.86000000,89000.00000000,89048.57000000,884.94036000
1768964400000,89048.56000000,89598.80000000,89046.00000000,89432.33000000,540.55763000
1768968000000,89432.33000000,89630.00000000,89354.72000000,89448.89000000,300.28776000
1768971600000,89448.89000000,90120.44000000,89437.25000000,89950.04000000,554.58380000
1768975200000,89950.03000000,89950.04000000,89491.96000000,89649.62000000,369.00614000
1768978800000,89649.63000000,89767.29000000,89093.28000000,89213.95000000,825.75082000
1768982400000,89213.96000000,89385.40000000,89000.00000000,89197.35000000,723.12982000
1768986000000,89197.36000000,89493.46000000,89080.00000000,89112.30000000,307.89975000
1768989600000,89112.30000000,89395.08000000,89080.00000000,89248.99000000,328.36365000
1768993200000,89248.99000000,89382.00000000,88700.00000000,88789.99000000,651.53578000
1768996800000,88789.99000000,88849.39000000,88196.72000000,88736.31000000,1271.35096000
1769000400000,88736.31000000,89020.32000000,88558.67000000,88672.64000000,735.83253000
1769004000000,88672.64000000,89993.88000000,88611.15000000,89805.43000000,1602.75733000
1769007600000,89805.43000000,90574.00000000,89759.59000000,90288.04000000,1074.26054000
1769011200000,90288.04000000,90360.00000000,87590.00000000,87602.40000000,2075.92566000
1769014800000,87602.39000000,88156.47000000,87263.53000000,87932.38000000,1818.07575000
1769018400000,87932.37000000,88657.23000000,87585.05000000,88485.43000000,743.38561000
1769022000000,88485.43000000,90450.00000000,88280.55000000,90355.56000000,1787.81485000
1769025600000,90355.56000000,90377.00000000,89392.00000000,90214.01000000,1099.33527000
1769029200000,90214.02000000,90339.58000000,89950.36000000,90249.18000000,428.70398000
1769032800000,90249.18000000,90377.00000000,89752.38000000,89763.51000000,414.26891000
1769036400000,89763.51000000,90212.89000000,89344.98000000,89454.73000000,524.68420000
1769040000000,89454.73000000,90032.50000000,89454.72000000,89908.49000000,394.22125000
1769043600000,89908.50000000,90198.51000000,89826.38000000,90113.19000000,341.32729000
1769047200000,90113.20000000,90359.99000000,89851.03000000,89938.30000000,436.55946000
1769050800000,89938.30000000,90166.67000000,89702.84000000,89899.51000000,389.70123000
1769054400000,89899.51000000,90076.77000000,89826.67000000,89998.91000000,327.01022000
1769058000000,89998.91000000,90075.80000000,89928.09000000,90026.30000000,201.60447000
1769061600000,90026.30000000,90215.79000000,89900.00000000,90172.11000000,274.11012000
1769065200000,90172.12000000,90196.99000000,89802.00000000,89818.79000000,410.94787000
1769068800000,89818.79000000,89968.28000000,89760.00000000,89920.16000000,241.50947000
1769072400000,89920.16000000,90113.43000000,89883.80000000,90033.02000000,235.39671000
1769076000000,90033.02000000,90101.83000000,89960.00000000,90078.77000000,307.75831000
1769079600000,90078.76000000,90150.00000000,89897.87000000,89941.26000000,341.24190000
1769083200000,89941.26000000,90099.99000000,89873.09000000,90021.09000000,250.41912000
1769086800000,90021.09000000,90340.00000000,89478.92000000,89619.81000000,800.98427000
1769090400000,89619.81000000,89742.67000000,89039.78000000,89088.59000000,1132.03645000
1769094000000,89088.60000000,89445.24000000,88515.37000000,89000.01000000,1328.81681000
1769097600000,89000.00000000,89270.00000000,88676.95000000,89054.06000000,820.87315000
1769101200000,89054.07000000,89616.04000000,89024.55000000,89550.01000000,536.51415000
1769104800000,89550.00000000,89797.50000000,89301.90000000,89333.94000000,457.15553000
1769108400000,89333.93000000,89924.46000000,89114.48000000,89777.90000000,489.86443000
1769112000000,89777.89000000,89946.13000000,89398.87000000,89409.72000000,338.82702000
1769115600000,89409.73000000,89669.21000000,89238.32000000,89268.66000000,272.77807000
1769119200000,89268.66000000,89566.00000000,89140.13000000,89346.99000000,294.98276000
1769122800000,89346.99000000,89583.62000000,89170.74000000,89559.67000000,200.86486000
1769126400000,89559.68000000,89638.84000000,89450.48000000,89520.01000000,225.79843000
1769130000000,89520.01000000,89939.39000000,89520.01000000,89939.38000000,281.57226000
1769133600000,89939.39000000,89979.97000000,89655.41000000,89663.48000000,375.68609000
1769137200000,89663.47000000,89924.78000000,89646.18000000,89924.78000000,261.08428000
1769140800000,89924.78000000,90088.94000000,89871.73000000,89965.42000000,430.92263000
1769144400000,89965.43000000,89969.02000000,89473.99000000,89616.03000000,360.88730000
1769148000000,89616.04000000,89799.36000000,89400.00000000,89509.59000000,450.16637000
1769151600000,89509.59000000,89686.40000000,89447.52000000,89549.45000000,487.74127000
1769155200000,89549.45000000,89632.18000000,89133.35000000,89221.46000000,544.19233000
1769158800000,89221.46000000,89388.71000000,88897.81000000,88977.72000000,632.36708000
1769162400000,88977.72000000,89160.74000000,88860.44000000,89046.49000000,334.46792000
1769166000000,89046.49000000,89355.51000000,89000.00000000,89202.48000000,481.66038000
1769169600000,89202.47000000,89383.09000000,89099.20000000,89267.83000000,219.71914000
1769173200000,89267.83000000,89450.18000000,89237.65000000,89350.81000000,297.76310000
1769176800000,89350.80000000,89733.71000000,88663.65000000,89017.85000000,1240.76676000
1769180400000,89017.85000000,89865.53000000,88578.36000000,89761.61000000,1078.68425000
1769184000000,89761.61000000,90490.06000000,89489.00000000,90124.85000000,1266.72506000
1769187600000,90124.86000000,91224.99000000,89978.40000000,90600.00000000,1346.59832000
1769191200000,90600.00000000,91039.75000000,90449.42000000,90530.45000000,698.45416000
1769194800000,90530.44000000,90534.59000000,89612.01000000,89982.79000000,1118.99851000
1769198400000,89982.79000000,90156.06000000,89200.68000000,89503.68000000,917.72716000
1769202000000,89503.67000000,89691.18000000,89317.00000000,89349.99000000,308.43710000
1769205600000,89349.99000000,89752.45000000,89335.35000000,89624.61000000,406.19522000
1769209200000,89624.60000000,89631.00000000,89472.13000000,89600.26000000,151.87407000
1769212800000,89600.26000000,89625.41000000,89424.39000000,89452.83000000,130.78736000
1769216400000,89452.83000000,89588.72000000,89450.58000000,89550.24000000,118.84415000
1769220000000,89550.24000000,89722.57000000,89550.24000000,89702.85000000,142.98732000
1769223600000,89702.85000000,89957.39000000,89670.88000000,89770.02000000,368.35777000
1769227200000,89770.03000000,89853.38000000,89709.08000000,89829.35000000,167.98668000
1769230800000,89829.36000000,89849.78000000,89751.21000000,89775.20000000,112.02746000
1769234400000,89775.20000000,89784.88000000,89602.22000000,89649.32000000,420.23986000
1769238000000,89649.33000000,89692.31000000,89572.81000000,89620.10000000,254.69309000
1769241600000,89620.11000000,89686.43000000,89583.02000000,89660.88000000,190.29089000
1769245200000,89660.88000000,89660.88000000,89600.00000000,89600.00000000,126.61337000
1769248800000,89600.01000000,89654.79000000,89577.97000000,89626.80000000,82.58886000
1769252400000,89626.79000000,89676.26000000,89595.40000000,89595.40000000,114.10267000
1769256000000,89595.41000000,89595.41000000,89486.87000000,89537.82000000,179.07545000
1769259600000,89537.82000000,89540.44000000,89368.21000000,89368.22000000,156.70890000
1769263200000,89368.22000000,89512.05000000,89171.75000000,89450.03000000,346.65964000
1769266800000,89450.03000000,89492.14000000,89263.64000000,89275.77000000,334.47117000
1769270400000,89275.77000000,89369.79000000,89162.08000000,89290.01000000,235.06029000
1769274000000,89290.01000000,89414.38000000,89252.93000000,89406.50000000,135.14408000
1769277600000,89406.50000000,89461.40000000,89382.05000000,89395.23000000,84.40453000
1769281200000,89395.22000000,89395.23000000,89276.58000000,89331.36000000,105.47816000
1769284800000,89331.36000000,89399.99000000,89331.35000000,89380.01000000,46.43346000
1769288400000,89380.00000000,89386.61000000,89270.00000000,89386.61000000,99.49846000
1769292000000,89386.61000000,89489.84000000,89304.85000000,89430.00000000,137.03504000
1769295600000,89429.99000000,89474.65000000,89215.59000000,89225.34000000,137.07871000
1769299200000,89225.34000000,89315.18000000,89183.49000000,89315.18000000,121.64277000
1769302800000,89315.18000000,89319.13000000,89102.58000000,89176.31000000,180.68432000
1769306400000,89176.31000000,89268.36000000,89129.62000000,89139.04000000,174.65440000
1769310000000,89139.04000000,89176.72000000,88838.72000000,88960.35000000,472.84604000
1769313600000,88960.36000000,89090.13000000,88941.03000000,89006.96000000,349.85772000
1769317200000,89006.97000000,89045.44000000,88870.45000000,88990.90000000,204.95163000
1769320800000,88990.89000000,88990.90000000,88649.98000000,88831.36000000,567.42395000
1769324400000,88831.36000000,88831.36000000,88635.84000000,88659.99000000,242.80483000
1769328000000,88659.99000000,88760.00000000,88136.00000000,88300.01000000,461.92857000
1769331600000,88300.00000000,88488.00000000,88238.50000000,88398.38000000,288.59867000
1769335200000,88398.38000000,88671.27000000,88398.37000000,88659.51000000,354.58647000
1769338800000,88659.52000000,88710.00000000,88536.11000000,88570.17000000,171.64836000
1769342400000,88570.17000000,88800.00000000,88450.00000000,88791.99000000,329.09813000
1769346000000,88791.98000000,88971.89000000,88650.98000000,88921.00000000,278.06000000
1769349600000,88920.99000000,88938.94000000,88624.55000000,88710.10000000,293.57615000
1769353200000,88710.10000000,88760.35000000,88340.75000000,88446.50000000,370.52290000
1769356800000,88446.51000000,88448.85000000,87560.00000000,88077.26000000,1878.84709000
1769360400000,88077.25000000,88108.24000000,87767.18000000,87892.17000000,467.38462000
1769364000000,87892.16000000,87983.29000000,86827.10000000,87420.01000000,1893.52035000
1769367600000,87420.01000000,87508.15000000,86194.85000000,86495.16000000,1925.07483000
1769371200000,86495.17000000,86718.75000000,86222.02000000,86654.61000000,753.55910000
1769374800000,86654.60000000,87013.79000000,86400.00000000,86568.50000000,666.32154000
1769378400000,86568.51000000,86694.78000000,86217.32000000,86521.39000000,849.36578000
1769382000000,86521.39000000,86791.91000000,86074.72000000,86670.36000000,1129.26197000
1769385600000,86670.36000000,87167.84000000,86509.63000000,86854.86000000,788.16762000
1769389200000,86854.86000000,87809.99000000,86815.37000000,87698.73000000,1118.10870000
1769392800000,87698.74000000,87973.11000000,87435.18000000,87563.38000000,1015.63506000
1769396400000,87563.39000000,87691.41000000,87062.76000000,87282.05000000,1083.65608000
1769400000000,87282.04000000,87953.00000000,87244.27000000,87737.06000000,1109.49828000
1769403600000,87737.06000000,87956.27000000,87673.12000000,87826.01000000,765.12364000
1769407200000,87826.01000000,88031.73000000,87764.00000000,87937.44000000,915.62979000
1769410800000,87937.45000000,88074.48000000,87701.72000000,88000.64000000,768.40988000
1769414400000,88000.64000000,88424.45000000,87846.89000000,87975.39000000,790.54723000
1769418000000,87975.39000000,88000.00000000,87600.69000000,87663.12000000,543.28474000
1769421600000,87663.12000000,87950.00000000,87660.00000000,87897.55000000,242.48130000
1769425200000,87897.55000000,87980.00000000,87765.99000000,87855.00000000,244.05793000
1769428800000,87855.01000000,87971.99000000,87735.38000000,87799.45000000,288.85651000
1769432400000,87799.44000000,88048.00000000,87681.40000000,87960.01000000,556.52991000
1769436000000,87960.01000000,88508.41000000,87450.08000000,88178.10000000,1822.59356000
1769439600000,88178.09000000,88860.00000000,87325.03000000,87641.41000000,1769.32177000
1769443200000,87641.41000000,87964.60000000,87206.00000000,87606.99000000,686.77865000
1769446800000,87607.00000000,87789.47000000,87035.51000000,87700.62000000,580.63374000
1769450400000,87700.61000000,88403.73000000,87639.26000000,88403.72000000,550.84106000
1769454000000,88403.73000000,88537.95000000,87950.00000000,88013.19000000,515.97407000
1769457600000,88013.19000000,88118.00000000,87542.05000000,87629.22000000,428.95260000
1769461200000,87629.23000000,88238.29000000,87573.35000000,88064.69000000,392.85938000
1769464800000,88064.69000000,88270.29000000,88001.75000000,88140.01000000,324.81747000
1769468400000,88140.01000000,88659.09000000,88021.86000000,88347.08000000,463.75556000
1769472000000,88347.08000000,88457.30000000,88200.00000000,88353.97000000,302.20293000
1769475600000,88353.97000000,88700.00000000,88194.82000000,88550.61000000,340.87375000
1769479200000,88550.61000000,88858.96000000,88550.61000000,88831.60000000,479.89810000
1769482800000,88831.59000000,88898.00000000,88582.57000000,88788.00000000,526.26275000
1769486400000,88787.99000000,89010.00000000,88511.88000000,88579.58000000,508.81601000
1769490000000,88579.58000000,88586.26000000,88399.99000000,88456.30000000,306.33125000
1769493600000,88456.31000000,88522.86000000,88278.03000000,88332.67000000,277.06987000
1769497200000,88332.68000000,88555.14000000,88312.60000000,88320.41000000,356.10224000
1769500800000,88320.41000000,88397.85000000,88120.04000000,88170.82000000,305.95946000
1769504400000,88170.83000000,88170.83000000,87868.00000000,87886.82000000,501.60080000
1769508000000,87886.82000000,88055.75000000,87743.84000000,87786.53000000,315.39119000
1769511600000,87786.53000000,88093.19000000,87743.52000000,87992.74000000,339.68763000
1769515200000,87992.74000000,88165.24000000,87955.98000000,87986.96000000,497.99816000
1769518800000,87986.96000000,88076.82000000,87799.20000000,87982.15000000,400.06912000
1769522400000,87982.15000000,88474.23000000,87659.23000000,87745.02000000,762.91064000
1769526000000,87745.02000000,88189.44000000,87578.67000000,88047.46000000,838.96558000
1769529600000,88047.46000000,88819.89000000,88002.57000000,88641.44000000,1128.77578000
1769533200000,88641.43000000,88699.45000000,87304.33000000,87546.58000000,1183.80567000
1769536800000,87546.58000000,88510.15000000,87450.00000000,88285.05000000,865.62099000
1769540400000,88285.05000000,88549.32000000,88049.89000000,88408.77000000,469.70931000
1769544000000,88408.78000000,89497.19000000,88373.49000000,89396.16000000,1024.56489000
1769547600000,89396.03000000,89523.16000000,89008.75000000,89081.46000000,689.88066000
1769551200000,89081.47000000,89421.91000000,89021.61000000,89243.63000000,281.54432000
1769554800000,89243.63000000,89515.78000000,89143.92000000,89250.00000000,421.36315000
1769558400000,89249.99000000,89468.01000000,89154.80000000,89467.72000000,258.84583000
1769562000000,89467.73000000,89497.96000000,89196.87000000,89404.57000000,267.52883000
1769565600000,89404.57000000,89453.89000000,89100.01000000,89285.77000000,214.15071000
1769569200000,89285.78000000,89311.87000000,88985.00000000,89126.67000000,353.86100000
1769572800000,89126.68000000,89160.00000000,88840.00000000,88975.04000000,312.10964000
1769576400000,88975.03000000,89105.56000000,88849.00000000,89084.10000000,326.80822000
1769580000000,89084.10000000,89400.00000000,89084.10000000,89317.47000000,340.81001000
1769583600000,89317.47000000,89358.51000000,89099.81000000,89134.35000000,370.19520000
1769587200000,89134.35000000,89258.02000000,88833.65000000,88925.47000000,515.45435000
1769590800000,88925.47000000,89567.26000000,88849.99000000,89567.25000000,490.95043000
1769594400000,89567.25000000,89703.87000000,89330.22000000,89403.77000000,688.45427000
1769598000000,89403.76000000,90156.72000000,89313.13000000,90080.00000000,1092.21486000
1769601600000,90079.99000000,90176.88000000,89790.00000000,89998.69000000,946.78783000
1769605200000,89998.69000000,90488.00000000,89969.42000000,90257.91000000,1485.47795000
1769608800000,90257.91000000,90276.78000000,89460.01000000,89617.27000000,997.73721000
1769612400000,89617.27000000,89849.75000000,88904.61000000,89479.66000000,998.88376000
1769616000000,89479.66000000,89830.00000000,89248.61000000,89629.66000000,744.86311000
1769619600000,89629.66000000,90600.00000000,89277.21000000,90169.88000000,923.32635000
1769623200000,90169.89000000,90178.91000000,89312.88000000,89546.24000000,748.51147000
1769626800000,89544.00000000,89719.58000000,89006.36000000,89402.58000000,893.38320000
1769630400000,89402.57000000,89896.00000000,89010.00000000,89130.63000000,590.94624000
1769634000000,89130.63000000,89490.24000000,88878.01000000,89412.17000000,381.49994000
1769637600000,89412.18000000,89479.04000000,89138.00000000,89396.15000000,156.23518000
1769641200000,89396.15000000,89471.41000000,89209.48000000,89299.99000000,233.14943000
1769644800000,89300.00000000,89348.00000000,88900.00000000,89143.91000000,431.21285000
1769648400000,89143.92000000,89159.99000000,88548.87000000,88603.56000000,624.81108000
1769652000000,88603.56000000,88754.64000000,87704.00000000,87907.06000000,1097.35161000
1769655600000,87907.05000000,88265.39000000,87771.30000000,88053.71000000,769.73434000
1769659200000,88053.71000000,88345.66000000,87901.23000000,88315.20000000,311.34380000
1769662800000,88315.20000000,88408.08000000,88142.66000000,88186.54000000,354.31355000
1769666400000,88186.53000000,88338.67000000,88168.90000000,88319.35000000,284.51762000
1769670000000,88319.35000000,88430.05000000,88250.00000000,88352.97000000,526.73614000
1769673600000,88352.96000000,88500.00000000,87907.80000000,88064.16000000,823.67262000
1769677200000,88064.16000000,88160.00000000,87892.00000000,87892.01000000,372.84765000
1769680800000,87892.00000000,88046.59000000,87832.18000000,87946.46000000,575.41561000
1769684400000,87946.47000000,88066.94000000,87750.01000000,87846.50000000,527.10516000
1769688000000,87846.50000000,88121.29000000,87817.97000000,88121.21000000,516.69113000
1769691600000,88121.21000000,88182.29000000,87951.67000000,88052.88000000,283.13252000
1769695200000,88052.87000000,88075.23000000,87008.00000000,87014.40000000,1065.77381000
1769698800000,87014.40000000,87039.51000000,84366.56000000,84934.02000000,8241.95640000
1769702400000,84934.02000000,85392.20000000,84268.17000000,85270.00000000,4076.75879000
1769706000000,85270.01000000,85638.30000000,84012.78000000,84261.66000000,2652.67947000
1769709600000,84261.66000000,84630.55000000,83415.00000000,83477.02000000,2305.76692000
1769713200000,83477.02000000,84334.97000000,83383.33000000,84012.11000000,1752.68525000
1769716800000,84012.11000000,84398.36000000,83824.90000000,84216.91000000,1089.07114000
1769720400000,84216.91000000,84706.32000000,84200.00000000,84526.57000000,780.67473000
1769724000000,84526.57000000,84615.74000000,84306.24000000,84570.05000000,335.13893000
1769727600000,84570.04000000,84737.69000000,84445.70000000,84650.16000000,631.99089000
1769731200000,84650.16000000,84735.75000000,84100.00000000,84192.00000000,730.18491000
1769734800000,84192.00000000,84192.01000000,81118.00000000,82468.02000000,6080.28823000
1769738400000,82468.01000000,82535.89000000,81154.00000000,82164.88000000,3963.98084000
1769742000000,82164.88000000,82738.89000000,82036.35000000,82676.43000000,1470.66915000
1769745600000,82676.42000000,83332.20000000,82676.42000000,82938.92000000,1147.37787000
1769749200000,82938.92000000,83329.36000000,82903.23000000,82914.19000000,818.20759000
1769752800000,82914.20000000,82919.21000000,82056.08000000,82602.81000000,1199.37024000
1769756400000,82602.81000000,83100.00000000,82483.27000000,82816.98000000,1624.46252000
1769760000000,82816.98000000,82995.41000000,82438.80000000,82671.70000000,959.74241000
1769763600000,82671.70000000,82834.19000000,82160.00000000,82363.72000000,1026.26025000
1769767200000,82363.71000000,82897.41000000,82172.02000000,82833.92000000,661.39040000
1769770800000,82833.92000000,83314.85000000,82682.15000000,83151.36000000,607.68303000
1769774400000,83151.36000000,83329.35000000,82650.00000000,82800.50000000,693.01620000
1769778000000,82800.49000000,83087.34000000,82421.64000000,82740.92000000,760.57185000
1769781600000,82740.93000000,83797.99000000,82738.68000000,83098.00000000,1785.40114000
1769785200000,83098.00000000,83616.46000000,82382.01000000,82883.94000000,1512.89136000
1769788800000,82882.84000000,83493.60000000,82549.35000000,83149.00000000,956.54558000
1769792400000,83149.00000000,83475.80000000,82641.60000000,82943.23000000,1094.09504000
1769796000000,82943.23000000,84160.00000000,81871.37000000,83931.13000000,2213.77003000
1769799600000,83931.13000000,84621.16000000,83917.36000000,84242.99000000,1851.84536000
1769803200000,84243.00000000,84299.99000000,83539.20000000,83906.34000000,2390.62988000
1769806800000,83906.34000000,84523.11000000,83790.44000000,84273.70000000,835.94444000
1769810400000,84273.71000000,84327.06000000,83918.42000000,84219.99000000,454.50219000
1769814000000,84220.00000000,84298.96000000,83933.82000000,84260.49000000,357.01742000
1769817600000,84260.50000000,84270.02000000,84014.01000000,84067.83000000,380.99765000
1769821200000,84067.83000000,84266.22000000,83908.00000000,83999.99000000,474.79523000
1769824800000,84000.00000000,84183.42000000,83815.02000000,84130.01000000,514.80351000
1769828400000,84130.01000000,84232.00000000,84022.69000000,84022.69000000,356.74317000
1769832000000,84022.70000000,84146.22000000,83941.43000000,83992.45000000,214.26773000
1769835600000,83992.44000000,84097.37000000,83903.70000000,84000.01000000,249.62585000
1769839200000,84000.01000000,84050.51000000,83638.40000000,83786.09000000,407.33324000
1769842800000,83786.09000000,83805.02000000,83404.67000000,83546.81000000,478.71890000
1769846400000,83546.82000000,83629.08000000,82560.75000000,83074.07000000,1142.87539000
1769850000000,83074.08000000,83300.00000000,82894.00000000,83109.10000000,471.08907000
1769853600000,83109.10000000,83203.26000000,82917.32000000,83160.00000000,515.13254000
1769857200000,83160.00000000,83160.00000000,82851.97000000,83020.00000000,279.69189000
1769860800000,83020.00000000,83140.00000000,82720.00000000,82762.00000000,537.57574000
1769864400000,82761.99000000,82919.29000000,82478.59000000,82767.99000000,539.85854000
1769868000000,82768.00000000,82928.20000000,80825.76000000,81479.99000000,4166.24097000
1769871600000,81480.00000000,81789.68000000,81088.00000000,81302.15000000,1568.15407000
1769875200000,81302.16000000,82200.00000000,80098.01000000,80365.04000000,5113.56418000
1769878800000,80365.05000000,80550.74000000,78159.90000000,78893.92000000,6669.26832000
1769882400000,78893.92000000,79143.64000000,75719.90000000,78038.38000000,7783.32311000
1769886000000,78038.39000000,78576.30000000,77194.00000000,77750.01000000,2463.45994000
1769889600000,77750.01000000,78141.95000000,77092.34000000,77999.03000000,1378.50317000
1769893200000,77999.02000000,78365.02000000,77372.69000000,78292.00000000,1330.56660000
1769896800000,78292.00000000,78499.94000000,78000.00000000,78155.17000000,902.43744000
1769900400000,78155.16000000,79240.00000000,78078.67000000,78741.09000000,1552.86508000
1769904000000,78741.10000000,79424.00000000,78644.09000000,78902.31000000,1738.02598000
1769907600000,78902.31000000,78943.62000000,78284.00000000,78532.17000000,1163.10084000
1769911200000,78532.32000000,79060.44000000,78378.00000000,78900.01000000,762.94469000
1769914800000,78900.01000000,79008.36000000,78666.73000000,78868.28000000,594.31033000
1769918400000,78868.29000000,79119.30000000,78720.97000000,78971.75000000,441.04188000
1769922000000,78973.22000000,79006.00000000,78527.13000000,78620.91000000,744.74280000
1769925600000,78620.90000000,78824.10000000,78266.63000000,78300.00000000,568.62406000
1769929200000,78300.01000000,78724.01000000,77967.69000000,78343.00000000,808.74546000
1769932800000,78343.00000000,78863.00000000,78252.64000000,78604.02000000,567.72389000
1769936400000,78604.02000000,79136.10000000,78551.15000000,79034.45000000,479.76229000
1769940000000,79034.45000000,79220.72000000,78148.10000000,78279.73000000,863.43565000
1769943600000,78279.73000000,78877.89000000,78279.72000000,78743.56000000,539.38656000
1769947200000,78743.57000000,78760.00000000,78244.00000000,78459.67000000,620.90729000
1769950800000,78459.68000000,78768.68000000,78203.21000000,78317.51000000,482.47432000
1769954400000,78317.51000000,78520.00000000,77236.68000000,78211.12000000,1658.37078000
1769958000000,78211.12000000,78254.20000000,76761.98000000,77593.40000000,2045.87767000
1769961600000,77593.40000000,77838.48000000,77087.76000000,77494.77000000,1084.57336000
1769965200000,77494.77000000,77748.00000000,77300.00000000,77745.32000000,549.82327000
1769968800000,77745.33000000,78443.10000000,77727.27000000,78029.28000000,791.63632000
1769972400000,78029.29000000,78106.10000000,77000.01000000,77174.78000000,457.49789000
1769976000000,77174.77000000,77740.91000000,76606.00000000,77103.04000000,1125.71882000
1769979600000,77103.04000000,77161.26000000,76359.87000000,76526.03000000,1221.60590000
1769983200000,76526.03000000,77779.63000000,76456.78000000,77249.31000000,1235.13318000
1769986800000,77249.31000000,77610.72000000,75700.00000000,76968.21000000,4850.01845000
1769990400000,76968.22000000,78231.26000000,76606.39000000,77672.61000000,1960.16053000
1769994000000,77672.61000000,77942.28000000,76619.69000000,77518.87000000,1238.02224000
1769997600000,77518.87000000,77555.62000000,76449.84000000,76491.17000000,1406.18164000
1770001200000,76491.18000000,76575.93000000,74604.00000000,76292.98000000,6845.40126000
1770004800000,76292.98000000,76621.28000000,75335.90000000,75894.15000000,2387.03559000
1770008400000,75894.15000000,75999.99000000,74911.14000000,75502.10000000,2327.56014000
1770012000000,75502.10000000,76834.71000000,74957.51000000,76549.32000000,3207.27225000
1770015600000,76549.32000000,76958.00000000,76327.90000000,76660.79000000,1646.53051000
1770019200000,76660.78000000,77191.15000000,76628.28000000,76881.28000000,1422.14452000
1770022800000,76881.28000000,77815.00000000,76652.00000000,77725.33000000,2196.40917000
1770026400000,77725.33000000,77876.69000000,77474.85000000,77504.54000000,1049.86427000
1770030000000,77504.54000000,77970.62000000,77451.11000000,77759.99000000,983.08962000
1770033600000,77760.00000000,78434.00000000,77706.00000000,77988.51000000,1103.97039000
1770037200000,77988.50000000,78458.00000000,77800.00000000,78224.79000000,960.76337000
1770040800000,78224.80000000,78885.00000000,77626.44000000,77844.79000000,2220.07608000
1770044400000,77844.78000000,79360.00000000,77564.62000000,78850.06000000,3238.00821000
1770048000000,78850.06000000,79288.28000000,78584.00000000,78634.76000000,1987.74899000
1770051600000,78634.75000000,79213.99000000,78603.93000000,78988.64000000,1407.01094000
1770055200000,78988.65000000,78988.65000000,78369.13000000,78569.84000000,992.65857000
1770058800000,78569.83000000,78697.99000000,78283.27000000,78341.50000000,1074.65868000
1770062400000,78341.50000000,78667.38000000,77888.00000000,78008.59000000,902.54602000
1770066000000,78008.59000000,78552.76000000,77922.00000000,78532.06000000,507.24426000
1770069600000,78532.07000000,78853.35000000,78528.21000000,78795.20000000,488.24484000
1770073200000,78795.20000000,78962.78000000,78560.00000000,78738.61000000,720.98807000
1770076800000,78738.60000000,79099.99000000,78408.05000000,79065.24000000,994.28607000
1770080400000,79065.24000000,79186.81000000,78716.79000000,79017.63000000,990.18740000
1770084000000,79017.64000000,79017.64000000,77800.00000000,77808.01000000,959.76758000
1770087600000,77808.02000000,78907.18000000,77644.09000000,78753.32000000,1068.28743000
1770091200000,78753.32000000,78999.99000000,78488.00000000,78798.39000000,719.00577000
1770094800000,78798.38000000,78809.78000000,78218.98000000,78240.45000000,581.74505000
1770098400000,78240.45000000,78665.91000000,77950.00000000,78594.17000000,881.03721000
1770102000000,78594.01000000,78923.93000000,78488.01000000,78794.67000000,705.05984000
1770105600000,78794.67000000,79084.29000000,78464.60000000,78747.96000000,840.32530000
1770109200000,78747.96000000,78841.35000000,77950.00000000,78400.01000000,972.94350000
1770112800000,78400.01000000,78560.00000000,78070.00000000,78120.36000000,505.87116000
1770116400000,78120.36000000,78349.24000000,78004.08000000,78079.50000000,475.83471000
1770120000000,78079.50000000,78416.90000000,78000.00000000,78330.26000000,933.62710000
1770123600000,78330.26000000,78458.89000000,78187.91000000,78307.65000000,529.49211000
1770127200000,78307.65000000,78434.61000000,77156.24000000,77201.22000000,2011.41490000
1770130800000,77201.21000000,78196.83000000,77055.54000000,78132.33000000,2069.08407000
1770134400000,78132.34000000,78134.53000000,76400.00000000,76488.08000000,3199.23624000
1770138000000,76488.08000000,76525.44000000,74882.28000000,74915.79000000,3210.53566000
1770141600000,74915.79000000,75302.76000000,73137.66000000,73139.13000000,8932.04301000
1770145200000,73139.12000000,75291.10000000,72945.50000000,74935.00000000,3497.82279000
1770148800000,74935.00000000,76721.25000000,74586.54000000,76475.52000000,2122.86901000
1770152400000,76475.53000000,76960.00000000,76124.05000000,76239.43000000,1110.97152000
1770156000000,76239.43000000,76299.19000000,75406.79000000,75708.83000000,1013.97922000
1770159600000,75708.82000000,76000.00000000,75428.16000000,75770.21000000,794.68224000
1770163200000,75770.21000000,76264.00000000,75467.22000000,75910.88000000,730.62893000
1770166800000,75910.88000000,76798.12000000,75910.88000000,76423.73000000,952.72942000
1770170400000,76423.73000000,76610.04000000,75707.41000000,75963.35000000,853.38888000
1770174000000,75963.35000000,76971.52000000,75906.05000000,76698.17000000,1036.93598000
1770177600000,76698.17000000,76830.69000000,76413.64000000,76479.75000000,577.39018000
1770181200000,76479.75000000,76526.80000000,76105.30000000,76279.99000000,1056.73491000
1770184800000,76280.00000000,76780.00000000,76259.90000000,76652.68000000,609.34015000
1770188400000,76652.68000000,76657.31000000,76335.46000000,76514.30000000,593.58526000
1770192000000,76514.30000000,76600.00000000,76068.69000000,76587.26000000,736.19473000
1770195600000,76587.26000000,76607.69000000,75967.10000000,76119.00000000,632.82215000
1770199200000,76119.00000000,76338.65000000,76069.00000000,76302.10000000,440.91077000
1770202800000,76302.10000000,76302.10000000,75666.00000000,76017.25000000,1102.73317000
1770206400000,76017.25000000,76260.85000000,76000.00000000,76180.85000000,942.91713000
1770210000000,76180.84000000,76186.98000000,74867.00000000,74867.00000000,1563.62436000
1770213600000,74867.00000000,75769.23000000,74256.00000000,74359.53000000,2801.90282000
1770217200000,74359.53000000,75328.28000000,73794.11000000,74136.36000000,3644.50098000
1770220800000,74136.48000000,74249.83000000,73076.92000000,73636.01000000,3089.62892000
1770224400000,73635.63000000,73863.92000000,72169.00000000,72576.08000000,5764.80542000
1770228000000,72576.08000000,74140.00000000,72273.68000000,73425.96000000,3480.01439000
1770231600000,73425.97000000,74007.28000000,73041.41000000,73923.29000000,1609.77508000
1770235200000,73923.30000000,74144.00000000,73425.56000000,73516.30000000,1052.61663000
1770238800000,73516.30000000,73654.00000000,72210.00000000,72799.99000000,1379.23839000
1770242400000,72800.00000000,73680.00000000,71888.00000000,72543.38000000,2426.62344000
1770246000000,72543.38000000,73520.59000000,72468.12000000,73165.83000000,1296.31791000
1770249600000,73165.84000000,73325.60000000,72754.21000000,72868.02000000,1031.56586000
1770253200000,72868.02000000,73341.18000000,71995.09000000,72421.26000000,1796.49365000
1770256800000,72421.26000000,72854.39000000,71305.55000000,71454.44000000,2979.51665000
1770260400000,71454.44000000,71884.47000000,71152.78000000,71223.25000000,2548.86017000
1770264000000,71223.25000000,71437.68000000,70701.00000000,70888.08000000,4293.99043000
1770267600000,70888.09000000,71150.16000000,70140.00000000,70732.72000000,4302.51294000
1770271200000,70732.73000000,70984.62000000,70434.05000000,70951.51000000,2020.09726000
1770274800000,70951.51000000,71622.82000000,70644.73000000,70756.85000000,2612.40429000
1770278400000,70756.86000000,71550.00000000,70683.58000000,71054.99000000,1815.06036000
1770282000000,71054.99000000,71978.58000000,71049.35000000,71550.00000000,1842.40706000
1770285600000,71549.99000000,71726.79000000,70656.59000000,70858.13000000,1618.18196000
1770289200000,70858.13000000,71063.94000000,69922.00000000,70318.35000000,4107.09256000
1770292800000,70318.35000000,70603.49000000,69163.00000000,69563.57000000,5331.37678000
1770296400000,69563.56000000,69831.85000000,69261.11000000,69688.94000000,2587.65964000
1770300000000,69688.94000000,70872.04000000,69285.71000000,69404.76000000,3459.24538000
1770303600000,69404.75000000,69616.29000000,66720.15000000,67489.07000000,13836.57347000
1770307200000,67489.08000000,68681.81000000,66955.34000000,68295.15000000,5860.78146000
1770310800000,68295.15000000,68374.79000000,66152.00000000,66181.69000000,6127.22850000
1770314400000,66181.68000000,66542.87000000,65385.00000000,66347.00000000,5703.68497000
1770318000000,66347.01000000,66637.46000000,65200.00000000,65265.65000000,3605.53717000
1770321600000,65265.66000000,65700.00000000,62345.00000000,63775.67000000,13269.97533000
1770325200000,63775.66000000,64775.00000000,62888.34000000,63213.34000000,6727.66673000
1770328800000,63213.34000000,64615.88000000,62690.90000000,63907.86000000,4776.16051000
1770332400000,63907.86000000,64908.00000000,62717.48000000,62909.86000000,4044.75586000
1770336000000,62909.87000000,63861.87000000,60000.00000000,63509.39000000,15965.67588000
1770339600000,63509.40000000,65760.00000000,63509.39000000,65714.96000000,6085.05108000
1770343200000,65714.96000000,66010.00000000,64201.28000000,64990.10000000,4172.05950000
1770346800000,64990.11000000,65172.13000000,63770.17000000,64168.33000000,2757.61679000
1770350400000,64168.33000000,65000.00000000,63914.62000000,64905.84000000,2678.77331000
1770354000000,64905.54000000,66826.50000000,64800.01000000,66408.11000000,3077.34633000
1770357600000,66408.11000000,66800.00000000,64856.88000000,64988.26000000,3562.00258000
1770361200000,64988.26000000,65543.79000000,64654.11000000,64856.00000000,3886.24107000
1770364800000,64856.00000000,65206.11000000,64500.00000000,64895.05000000,2403.94942000
1770368400000,64895.04000000,66163.00000000,64764.70000000,65799.55000000,2736.04998000
1770372000000,65799.55000000,66220.00000000,65550.00000000,65967.51000000,2067.37547000
1770375600000,65967.51000000,66755.13000000,65772.17000000,66631.32000000,2445.47098000
1770379200000,66631.32000000,66631.32000000,66114.49000000,66557.93000000,1895.66919000
1770382800000,66557.93000000,67690.70000000,66480.82000000,67316.82000000,4063.76595000
1770386400000,67316.82000000,68647.45000000,66629.36000000,68194.89000000,5594.57909000
1770390000000,68194.90000000,69192.00000000,67772.00000000,68626.00000000,6052.81042000
1770393600000,68625.99000000,70224.62000000,68428.19000000,69954.01000000,6892.60997000
1770397200000,69954.01000000,71500.00000000,69593.43000000,70753.53000000,5224.54006000
1770400800000,70753.53000000,70816.00000000,69340.91000000,69776.68000000,3217.47319000
1770404400000,69776.68000000,70952.00000000,69662.22000000,70731.46000000,1949.07605000
1770408000000,70731.45000000,70996.77000000,70000.12000000,70000.13000000,1842.94729000
1770411600000,70000.14000000,70508.75000000,69837.35000000,70358.43000000,1079.99332000
1770415200000,70358.44000000,71577.09000000,70279.09000000,71354.46000000,1439.41821000
1770418800000,71354.46000000,71751.33000000,70505.00000000,70580.26000000,1448.72018000
1770422400000,70580.26000000,70600.00000000,69718.00000000,69958.00000000,1684.48527000
1770426000000,69958.00000000,70680.54000000,69741.87000000,70471.49000000,1257.48702000
1770429600000,70471.48000000,70624.49000000,70151.51000000,70361.37000000,828.17189000
1770433200000,70361.36000000,70928.75000000,70270.00000000,70918.99000000,917.62946000
1770436800000,70918.99000000,71690.07000000,70604.55000000,70768.13000000,1760.77139000
1770440400000,70768.00000000,71191.88000000,69800.00000000,70161.50000000,1954.17044000
1770444000000,70161.51000000,70310.00000000,68757.68000000,68769.65000000,3067.81307000
1770447600000,68769.66000000,69084.55000000,67300.00000000,68087.14000000,6488.56676000
1770451200000,68087.13000000,68790.00000000,67747.65000000,68495.01000000,2785.44241000
1770454800000,68495.01000000,68763.28000000,67885.86000000,68138.20000000,2704.83478000
1770458400000,68138.19000000,68299.30000000,67582.48000000,67987.00000000,2026.15669000
1770462000000,67986.99000000,68157.21000000,67700.00000000,67972.65000000,1172.58170000
1770465600000,67972.65000000,69999.99000000,67901.89000000,69024.98000000,3372.78032000
1770469200000,69024.98000000,69364.50000000,68821.64000000,69093.98000000,1462.50623000
1770472800000,69093.98000000,69187.27000000,68358.75000000,68645.99000000,1780.47515000
1770476400000,68646.00000000,69762.46000000,68556.00000000,69151.50000000,2675.07885000
1770480000000,69151.50000000,69898.00000000,68822.51000000,68957.16000000,3767.46183000
1770483600000,68957.16000000,69408.00000000,68531.50000000,69188.81000000,1260.95907000
1770487200000,69188.81000000,69690.89000000,69009.09000000,69514.11000000,815.22684000
1770490800000,69514.11000000,69577.43000000,69266.66000000,69373.61000000,549.67003000
1770494400000,69373.61000000,69728.83000000,69252.72000000,69631.18000000,431.20720000
1770498000000,69631.18000000,69699.16000000,69356.16000000,69497.99000000,322.93251000
1770501600000,69497.99000000,69727.86000000,69325.67000000,69399.34000000,469.65551000
1770505200000,69399.34000000,69462.42000000,68787.34000000,69289.38000000,699.41594000
1770508800000,69289.37000000,69432.00000000,68888.00000000,69133.79000000,682.62238000
1770512400000,69133.80000000,69500.00000000,69095.17000000,69379.57000000,433.38727000
1770516000000,69379.57000000,69696.57000000,69167.42000000,69370.70000000,452.71707000
1770519600000,69370.69000000,69443.90000000,69069.65000000,69099.99000000,457.68257000
1770523200000,69100.00000000,69372.06000000,68952.01000000,69340.16000000,390.41434000
1770526800000,69340.15000000,69422.43000000,69146.47000000,69220.52000000,386.01063000
1770530400000,69220.53000000,69518.56000000,69090.00000000,69361.18000000,1121.01748000
1770534000000,69361.18000000,69719.07000000,69215.69000000,69710.69000000,980.72904000
1770537600000,69710.69000000,70796.99000000,69514.15000000,70665.59000000,1875.57890000
1770541200000,70665.59000000,70712.71000000,70094.71000000,70107.19000000,1028.89501000
1770544800000,70107.20000000,70449.99000000,69890.52000000,70266.41000000,1062.51700000
1770548400000,70266.41000000,71220.00000000,70210.26000000,70999.98000000,1342.32428000
1770552000000,70999.99000000,71281.74000000,70707.39000000,71249.95000000,791.13826000
1770555600000,71249.65000000,71517.27000000,70956.00000000,71514.77000000,1080.90623000
1770559200000,71514.77000000,71554.95000000,71105.00000000,71262.19000000,872.42876000
1770562800000,71262.18000000,71465.93000000,70786.18000000,71188.99000000,914.74435000
1770566400000,71188.99000000,71256.97000000,70251.33000000,70416.00000000,1094.49116000
1770570000000,70415.99000000,70871.66000000,70407.42000000,70785.99000000,515.39696000
1770573600000,70786.00000000,71418.00000000,70750.00000000,71147.25000000,643.64182000
1770577200000,71147.24000000,71538.05000000,71142.77000000,71422.97000000,466.64362000
1770580800000,71422.96000000,71427.73000000,70700.03000000,70835.17000000,803.14197000
1770584400000,70835.17000000,71136.03000000,70524.14000000,70700.00000000,621.70092000
1770588000000,70700.01000000,71100.04000000,70652.11000000,71066.09000000,568.07657000
1770591600000,71066.09000000,72271.41000000,70000.00000000,70330.38000000,2834.32509000
1770595200000,70330.38000000,70774.40000000,70123.02000000,70502.38000000,961.77536000
1770598800000,70502.37000000,70926.40000000,70068.18000000,70369.53000000,1060.82602000
1770602400000,70369.53000000,71000.00000000,70220.12000000,70629.99000000,832.82995000
1770606000000,70629.99000000,71453.53000000,70614.07000000,71307.56000000,1165.88308000
1770609600000,71307.56000000,71359.37000000,70924.13000000,71005.01000000,663.12266000
1770613200000,71005.01000000,71112.00000000,70805.00000000,71044.51000000,554.37782000
1770616800000,71044.51000000,71044.52000000,70311.70000000,70667.95000000,697.30320000
1770620400000,70667.96000000,70902.51000000,70331.57000000,70422.59000000,1015.80172000
1770624000000,70422.59000000,70608.83000000,69393.97000000,69873.99000000,1595.15551000
1770627600000,69873.45000000,70116.00000000,69478.63000000,69630.35000000,1112.26419000
1770631200000,69630.35000000,69730.38000000,68420.58000000,68727.88000000,2052.69575000
1770634800000,68727.88000000,69022.89000000,68573.31000000,68928.72000000,1348.78221000
1770638400000,68928.71000000,69262.91000000,68857.97000000,69147.01000000,1009.44887000
1770642000000,69147.02000000,69299.99000000,68586.48000000,68594.57000000,1029.85836000
1770645600000,68594.56000000,69755.59000000,68308.00000000,69272.00000000,2516.24849000
1770649200000,69271.99000000,69884.82000000,68780.00000000,69563.37000000,2308.23216000
1770652800000,69563.37000000,70428.48000000,69100.00000000,70093.01000000,1734.77412000
1770656400000,70093.00000000,71000.00000000,69870.65000000,70612.29000000,2206.43168000
1770660000000,70612.29000000,71012.00000000,70088.88000000,70418.68000000,1419.63320000
1770663600000,70418.67000000,71075.31000000,70260.00000000,70957.01000000,878.36448000
1770667200000,70957.01000000,71126.00000000,70500.00000000,70738.71000000,948.93614000
1770670800000,70738.71000000,70807.75000000,69823.52000000,70400.00000000,1102.83201000
1770674400000,70400.01000000,70719.70000000,70271.13000000,70372.96000000,530.94981000
1770678000000,70372.96000000,70572.84000000,70083.45000000,70138.00000000,406.20163000
1770681600000,70138.00000000,70255.36000000,69743.80000000,69827.33000000,569.13678000
1770685200000,69827.34000000,70527.59000000,69827.34000000,70486.82000000,544.68673000
1770688800000,70486.82000000,70486.82000000,69982.27000000,70102.89000000,444.00707000
1770692400000,70102.90000000,70166.22000000,69208.61000000,69511.83000000,911.79715000
1770696000000,69511.83000000,69906.50000000,69469.58000000,69831.62000000,489.42781000
1770699600000,69831.62000000,69864.00000000,69210.76000000,69447.64000000,565.92441000
1770703200000,69447.63000000,69499.90000000,68682.00000000,68921.35000000,1241.02042000
1770706800000,68921.36000000,69218.64000000,68852.43000000,68919.66000000,837.11514000
1770710400000,68919.66000000,69226.16000000,68725.81000000,69142.00000000,730.03493000
1770714000000,69141.99000000,69417.70000000,68950.00000000,69151.50000000,1044.98180000
1770717600000,69151.50000000,69258.52000000,68921.64000000,68921.68000000,686.30742000
1770721200000,68921.68000000,69085.79000000,68459.89000000,68535.01000000,1128.13956000
1770724800000,68535.02000000,68855.35000000,68434.00000000,68610.12000000,821.53118000
1770728400000,68610.11000000,69143.60000000,68370.23000000,69027.95000000,992.44284000
1770732000000,69027.94000000,69591.20000000,67800.00000000,68460.40000000,2352.75100000
1770735600000,68460.40000000,69519.72000000,68300.90000000,69293.37000000,1676.38862000
1770739200000,69293.37000000,69810.35000000,68945.23000000,69517.71000000,1394.08093000
1770742800000,69517.71000000,69993.65000000,69309.35000000,69925.31000000,899.78430000
1770746400000,69925.31000000,69943.44000000,68604.63000000,68894.36000000,897.73226000
1770750000000,68894.36000000,69303.99000000,68690.32000000,69062.01000000,805.90106000
1770753600000,69062.00000000,69136.91000000,68629.47000000,68753.70000000,425.90627000
1770757200000,68753.69000000,69005.45000000,68362.00000000,68656.21000000,402.88764000
1770760800000,68656.22000000,68860.40000000,68566.80000000,68707.18000000,289.48213000
1770764400000,68707.18000000,68860.09000000,68506.20000000,68841.29000000,222.30327000
1770768000000,68841.28000000,69244.45000000,68784.47000000,69201.14000000,437.64105000
1770771600000,69201.14000000,69292.88000000,68914.73000000,68982.00000000,303.52695000
1770775200000,68982.00000000,69168.52000000,68603.40000000,68677.33000000,398.35346000
1770778800000,68677.34000000,68751.91000000,68011.11000000,68187.99000000,778.71298000
1770782400000,68188.00000000,68325.00000000,67368.00000000,67584.46000000,1295.18481000
1770786000000,67584.47000000,67810.00000000,67397.86000000,67404.28000000,744.08532000
1770789600000,67404.28000000,67491.84000000,66557.99000000,66820.32000000,1841.79675000
1770793200000,66819.84000000,67254.60000000,66652.27000000,67032.72000000,1293.95919000
1770796800000,67032.71000000,67134.42000000,66793.93000000,66981.07000000,871.78483000
1770800400000,66981.08000000,67110.04000000,66716.02000000,66872.03000000,712.97040000
1770804000000,66872.03000000,66891.64000000,66369.49000000,66531.99000000,1318.02907000
1770807600000,66531.99000000,67110.77000000,66500.84000000,67053.03000000,1011.30301000
1770811200000,67053.03000000,67424.24000000,66959.67000000,67133.50000000,1251.20611000
1770814800000,67133.51000000,67674.30000000,66799.58000000,67454.49000000,1973.91228000
1770818400000,67454.49000000,68834.34000000,66435.62000000,66584.60000000,3127.14059000
1770822000000,66584.61000000,66818.18000000,65756.00000000,66519.73000000,2796.32516000
1770825600000,66519.72000000,67250.00000000,65952.00000000,66039.09000000,1746.45856000
1770829200000,66039.08000000,66921.12000000,65876.00000000,66518.26000000,1110.21085000
1770832800000,66518.26000000,67305.28000000,66150.66000000,67275.34000000,935.25515000
1770836400000,67275.34000000,67860.44000000,67105.79000000,67586.67000000,1212.94694000
1770840000000,67586.66000000,67757.70000000,67190.00000000,67555.98000000,514.27060000
1770843600000,67555.98000000,68369.77000000,67417.04000000,67811.17000000,1823.53852000
1770847200000,67810.20000000,67872.68000000,67387.24000000,67433.14000000,541.63723000
1770850800000,67433.54000000,67563.77000000,66787.70000000,67082.52000000,677.99621000
1770854400000,67082.52000000,67700.00000000,67055.53000000,67460.75000000,581.76040000
1770858000000,67460.75000000,68047.48000000,67460.75000000,67699.01000000,549.26066000
1770861600000,67699.01000000,67800.00000000,67418.00000000,67439.14000000,554.16819000
1770865200000,67439.14000000,67596.00000000,67306.61000000,67580.99000000,415.78114000
1770868800000,67581.00000000,67682.69000000,67000.00000000,67018.40000000,588.37890000
1770872400000,67018.40000000,67209.99000000,66670.45000000,67141.93000000,683.92376000
1770876000000,67141.92000000,67355.93000000,67014.00000000,67125.57000000,830.74950000
1770879600000,67125.57000000,67330.00000000,66935.64000000,67217.72000000,607.54971000
1770883200000,67217.71000000,67344.00000000,66891.60000000,67141.15000000,783.02638000
1770886800000,67141.15000000,67699.10000000,67050.00000000,67550.47000000,644.02356000
1770890400000,67550.46000000,68026.60000000,67404.02000000,68014.01000000,843.40689000
1770894000000,68014.00000000,68299.00000000,67740.00000000,68076.01000000,1397.59947000
1770897600000,68076.01000000,68162.02000000,67720.00000000,67865.31000000,829.25823000
1770901200000,67865.32000000,68397.50000000,67680.82000000,68376.58000000,960.32991000
1770904800000,68376.58000000,68410.52000000,67493.78000000,67577.02000000,1431.75163000
1770908400000,67577.02000000,68000.00000000,67014.98000000,67134.74000000,1602.90239000
1770912000000,67134.74000000,67232.04000000,65556.00000000,65863.37000000,3193.11571000
1770915600000,65863.38000000,66265.06000000,65374.56000000,65413.99000000,2100.56023000
1770919200000,65414.00000000,65800.00000000,65118.00000000,65590.95000000,1612.17039000
1770922800000,65590.95000000,66117.51000000,65274.40000000,65788.36000000,1027.63649000
1770926400000,65788.36000000,66042.24000000,65215.06000000,65428.56000000,894.16583000
1770930000000,65428.24000000,65900.00000000,65428.24000000,65849.87000000,590.26423000
1770933600000,65849.86000000,66399.94000000,65643.34000000,66288.00000000,642.82133000
1770937200000,66288.01000000,66488.90000000,66156.47000000,66272.17000000,907.13790000
1770940800000,66272.17000000,66527.09000000,65872.46000000,65918.60000000,765.38996000
1770944400000,65918.61000000,66619.90000000,65918.61000000,66454.95000000,771.58544000
1770948000000,66454.95000000,66759.61000000,66384.00000000,66663.08000000,476.45341000
1770951600000,66663.08000000,66814.00000000,66462.40000000,66553.08000000,569.96335000
1770955200000,66553.09000000,66671.62000000,66308.48000000,66329.22000000,462.15015000
1770958800000,66329.22000000,66502.27000000,66175.79000000,66175.79000000,484.25050000
1770962400000,66175.79000000,66397.86000000,66002.98000000,66359.28000000,613.96613000
1770966000000,66359.28000000,66568.47000000,66050.21000000,66208.96000000,868.05316000
1770969600000,66208.96000000,66747.38000000,66191.52000000,66699.96000000,603.02656000
1770973200000,66699.96000000,67062.93000000,66612.86000000,66959.71000000,592.93469000
1770976800000,66959.72000000,67116.00000000,66800.00000000,66977.66000000,516.91289000
1770980400000,66977.66000000,67226.66000000,66783.38000000,67171.42000000,488.71065000
1770984000000,67171.41000000,67212.28000000,66918.38000000,67084.00000000,405.35988000
1770987600000,67084.01000000,67615.34000000,66938.00000000,67274.15000000,1624.06539000
1770991200000,67274.14000000,68028.45000000,66867.47000000,67733.51000000,1724.03844000
1770994800000,67733.51000000,69309.80000000,67692.00000000,68692.12000000,3133.08720000
1770998400000,68692.12000000,69482.97000000,68540.83000000,68954.69000000,1775.68698000
1771002000000,68954.69000000,69250.25000000,68636.36000000,69047.99000000,921.29676000
1771005600000,69048.00000000,69411.44000000,68903.27000000,69129.99000000,1063.59333000
1771009200000,69129.99000000,69236.33000000,68918.79000000,68938.91000000,560.04540000
1771012800000,68938.91000000,68973.35000000,68683.32000000,68777.12000000,555.32850000
1771016400000,68777.13000000,69079.40000000,68731.75000000,68902.48000000,463.41950000
1771020000000,68902.48000000,69000.00000000,68726.40000000,68995.28000000,544.04056000
1771023600000,68995.29000000,69000.00000000,68829.20000000,68853.96000000,261.19072000
1771027200000,68853.97000000,69137.50000000,68768.56000000,69090.24000000,447.10398000
1771030800000,69090.25000000,69108.80000000,68921.54000000,68964.51000000,344.69001000
1771034400000,68964.51000000,69006.34000000,68845.60000000,68884.21000000,261.74234000
1771038000000,68884.21000000,69027.14000000,68852.00000000,68981.99000000,238.39370000
1771041600000,68982.00000000,68995.11000000,68789.59000000,68790.00000000,489.78591000
1771045200000,68790.01000000,68910.00000000,68760.00000000,68773.42000000,308.26030000
1771048800000,68773.41000000,68936.98000000,68730.13000000,68936.98000000,470.43757000
1771052400000,68936.98000000,69343.00000000,68884.56000000,69219.26000000,919.89001000
1771056000000,69219.27000000,69870.99000000,69218.71000000,69746.20000000,1347.80343000
1771059600000,69746.20000000,69900.00000000,69566.78000000,69714.93000000,555.36385000
1771063200000,69714.94000000,69714.94000000,69585.15000000,69671.86000000,257.25533000
1771066800000,69671.86000000,70560.01000000,69671.86000000,70505.74000000,1370.55448000
1771070400000,70505.74000000,70533.67000000,69600.00000000,69640.20000000,1278.19574000
1771074000000,69640.20000000,69771.91000000,69064.60000000,69460.00000000,3393.75970000
1771077600000,69460.00000000,69856.70000000,69208.09000000,69701.66000000,1680.01260000
1771081200000,69701.66000000,70048.39000000,69560.00000000,69778.28000000,751.65320000
1771084800000,69778.28000000,69815.00000000,69283.02000000,69755.10000000,1006.67903000
1771088400000,69755.10000000,69930.90000000,69609.00000000,69739.38000000,685.87401000
1771092000000,69739.38000000,69856.70000000,69672.55000000,69772.31000000,270.42048000
1771095600000,69772.30000000,69920.60000000,69619.52000000,69873.99000000,332.30706000
1771099200000,69873.99000000,70028.59000000,69732.75000000,70023.09000000,434.13483000
1771102800000,70023.10000000,70250.46000000,69668.05000000,69935.86000000,640.89584000
1771106400000,69935.86000000,70100.00000000,69781.00000000,69959.75000000,292.90739000
1771110000000,69959.74000000,70020.00000000,69723.18000000,69822.95000000,336.66314000
1771113600000,69822.94000000,69864.74000000,69600.00000000,69777.07000000,292.27775000
1771117200000,69777.06000000,69902.70000000,69350.00000000,69717.65000000,400.20039000
1771120800000,69717.65000000,69753.90000000,69341.27000000,69480.01000000,375.21945000
1771124400000,69480.00000000,69990.02000000,69251.50000000,69954.50000000,697.24370000
1771128000000,69954.50000000,70518.57000000,69459.35000000,70183.99000000,2275.16813000
1771131600000,70184.00000000,70472.43000000,70132.54000000,70267.61000000,540.45783000
1771135200000,70267.60000000,70540.99000000,70184.09000000,70405.12000000,505.71551000
1771138800000,70405.12000000,70926.42000000,70307.11000000,70828.42000000,1425.80275000
1771142400000,70828.43000000,70983.00000000,70182.31000000,70446.52000000,898.37828000
1771146000000,70446.52000000,70668.00000000,70370.30000000,70419.11000000,334.99126000
1771149600000,70419.12000000,70523.94000000,70208.16000000,70427.02000000,382.24903000
1771153200000,70427.02000000,70543.14000000,70267.60000000,70295.22000000,457.63561000
1771156800000,70295.22000000,70418.48000000,69309.87000000,69314.21000000,1027.34588000
1771160400000,69314.22000000,69620.06000000,68772.20000000,68930.00000000,1749.29694000
1771164000000,68930.00000000,69219.71000000,68845.72000000,69170.51000000,629.32577000
1771167600000,69170.51000000,69255.60000000,68888.00000000,69099.99000000,446.59665000
1771171200000,69100.00000000,69100.00000000,68658.00000000,69017.75000000,1442.09011000
1771174800000,69017.76000000,69085.22000000,68203.60000000,68641.21000000,1194.71218000
1771178400000,68641.21000000,68800.00000000,68274.31000000,68451.44000000,2695.36643000
1771182000000,68451.45000000,68560.84000000,68000.00000000,68286.63000000,2807.35363000
1771185600000,68286.64000000,68560.22000000,68120.00000000,68450.00000000,399.94279000
1771189200000,68450.00000000,68950.16000000,68450.00000000,68852.01000000,407.55960000
1771192800000,68852.01000000,69078.49000000,68801.06000000,68999.96000000,384.07496000
1771196400000,68999.96000000,68999.96000000,68319.64000000,68832.58000000,521.04745000
1771200000000,68832.59000000,69065.50000000,68700.00000000,68845.81000000,349.86984000
1771203600000,68845.81000000,69041.97000000,68454.54000000,68630.81000000,270.08273000
1771207200000,68630.81000000,68734.00000000,68243.68000000,68320.48000000,683.73400000
1771210800000,68320.49000000,68463.96000000,68143.22000000,68424.82000000,453.41167000
1771214400000,68424.82000000,68894.52000000,68417.17000000,68870.07000000,465.20741000
1771218000000,68870.07000000,68900.00000000,68293.28000000,68385.29000000,353.88428000
1771221600000,68385.29000000,68527.80000000,68228.76000000,68450.80000000,240.56615000
1771225200000,68450.80000000,68672.59000000,68380.00000000,68587.90000000,362.20306000
1771228800000,68587.89000000,68798.70000000,68542.63000000,68762.85000000,301.81895000
1771232400000,68762.86000000,69060.77000000,68748.02000000,68992.71000000,453.08481000
1771236000000,68992.70000000,68992.71000000,68690.85000000,68798.22000000,358.68374000
1771239600000,68798.21000000,68918.22000000,68338.90000000,68812.83000000,495.50759000
1771243200000,68812.84000000,69848.48000000,68807.54000000,69763.24000000,1602.28029000
1771246800000,69763.24000000,70126.67000000,68225.00000000,68395.10000000,1720.62066000
1771250400000,68395.11000000,68718.30000000,68260.39000000,68427.64000000,1092.60040000
1771254000000,68427.64000000,68607.22000000,67294.11000000,67539.52000000,2148.07022000
1771257600000,67539.53000000,67974.86000000,67513.94000000,67888.70000000,895.58119000
1771261200000,67888.70000000,68074.12000000,67600.93000000,67951.86000000,501.76328000
1771264800000,67951.85000000,68245.34000000,67830.82000000,67860.13000000,606.24788000
1771268400000,67860.13000000,68130.00000000,67824.91000000,67913.43000000,262.97624000
1771272000000,67913.44000000,68549.14000000,67827.11000000,68530.00000000,457.58536000
1771275600000,68530.00000000,68933.85000000,68427.18000000,68862.88000000,534.27425000
1771279200000,68862.89000000,68890.00000000,68509.07000000,68591.02000000,556.75779000
1771282800000,68591.01000000,68978.88000000,68538.57000000,68892.43000000,348.95355000
1771286400000,68892.43000000,69042.74000000,68704.36000000,68878.27000000,476.69143000
1771290000000,68878.27000000,68996.67000000,68563.16000000,68618.11000000,499.89142000
1771293600000,68618.12000000,69241.50000000,68387.20000000,68838.48000000,625.65656000
1771297200000,68838.48000000,68860.68000000,68470.00000000,68474.90000000,367.85689000
1771300800000,68474.90000000,68707.49000000,68288.00000000,68481.67000000,329.69022000
1771304400000,68481.68000000,68510.76000000,67892.00000000,68245.71000000,633.07748000
1771308000000,68245.71000000,68519.99000000,68242.49000000,68400.00000000,230.38739000
1771311600000,68400.01000000,68480.00000000,68165.02000000,68388.12000000,314.74756000
1771315200000,68388.12000000,68479.17000000,68130.78000000,68177.53000000,285.96667000
1771318800000,68177.53000000,68308.37000000,67992.03000000,68126.28000000,404.18575000
1771322400000,68126.29000000,68194.46000000,67704.96000000,67845.30000000,504.39951000
1771326000000,67845.30000000,67935.73000000,67690.00000000,67854.60000000,507.67784000
1771329600000,67854.60000000,68299.40000000,67827.52000000,67919.49000000,607.94036000
1771333200000,67919.49000000,68360.50000000,67734.36000000,68136.34000000,716.87733000
1771336800000,68136.35000000,68337.60000000,66734.30000000,66875.06000000,2328.63639000
1771340400000,66875.06000000,67409.99000000,66621.06000000,67392.05000000,2309.04130000
1771344000000,67392.06000000,68158.10000000,67317.60000000,67517.36000000,1448.76651000
1771347600000,67517.36000000,67714.28000000,66881.08000000,67244.22000000,1144.38591000
1771351200000,67244.22000000,68227.41000000,67127.86000000,68098.62000000,824.93415000
1771354800000,68098.63000000,68235.39000000,67695.45000000,67793.32000000,785.88027000
1771358400000,67793.32000000,67928.08000000,67484.16000000,67753.30000000,471.88623000
1771362000000,67753.30000000,67926.29000000,67538.00000000,67680.54000000,253.25027000
1771365600000,67680.55000000,67788.42000000,67513.42000000,67527.72000000,176.97341000
1771369200000,67527.72000000,67617.46000000,67394.00000000,67503.52000000,240.26836000
1771372800000,67503.52000000,67627.97000000,67290.30000000,67302.65000000,186.99827000
1771376400000,67302.65000000,67378.26000000,66892.03000000,67165.20000000,545.68830000
1771380000000,67165.21000000,67421.99000000,67153.36000000,67335.04000000,250.64041000
1771383600000,67335.04000000,67705.65000000,67326.98000000,67629.11000000,243.56061000
1771387200000,67629.10000000,67900.00000000,67500.10000000,67823.54000000,328.68469000
1771390800000,67823.55000000,67938.00000000,67606.45000000,67654.80000000,311.88419000
1771394400000,67654.81000000,67976.51000000,67614.91000000,67850.52000000,264.75627000
1771398000000,67850.53000000,68219.81000000,67702.70000000,68106.44000000,528.49446000
1771401600000,68106.44000000,68476.22000000,68071.58000000,68132.82000000,532.69792000
1771405200000,68132.83000000,68276.00000000,68010.11000000,68157.79000000,339.37122000
1771408800000,68157.80000000,68184.41000000,67731.95000000,67801.26000000,395.11187000
1771412400000,67801.26000000,67805.08000000,67076.90000000,67369.75000000,654.97357000
1771416000000,67369.75000000,67689.76000000,67345.00000000,67458.06000000,459.50762000
1771419600000,67458.06000000,67599.70000000,67051.81000000,67236.88000000,549.44565000
1771423200000,67236.89000000,67362.26000000,66717.30000000,67223.76000000,1553.71672000
1771426800000,67223.77000000,68347.72000000,67192.25000000,67694.01000000,1767.46696000
1771430400000,67694.01000000,67706.94000000,66994.23000000,67145.34000000,1029.31402000
1771434000000,67145.35000000,67486.97000000,67057.13000000,67187.39000000,676.97648000
1771437600000,67187.40000000,67229.76000000,66200.00000000,66359.99000000,1304.49131000
1771441200000,66360.00000000,66619.00000000,65870.00000000,66177.14000000,1301.14212000
1771444800000,66177.15000000,66550.00000000,66141.90000000,66268.39000000,682.91387000
1771448400000,66268.40000000,66504.20000000,66053.60000000,66342.76000000,909.37392000
1771452000000,66342.76000000,66477.70000000,66232.02000000,66408.82000000,352.09134000
1771455600000,66408.83000000,66502.49000000,66275.71000000,66461.00000000,323.13660000
1771459200000,66461.00000000,66597.03000000,66345.00000000,66446.49000000,297.42224000
1771462800000,66446.49000000,66884.16000000,66446.48000000,66866.62000000,415.14671000
1771466400000,66866.63000000,66958.90000000,66639.99000000,66835.20000000,362.58869000
1771470000000,66835.20000000,66997.07000000,66727.27000000,66980.91000000,262.07528000
1771473600000,66980.91000000,67070.56000000,66759.00000000,66802.75000000,389.01702000
1771477200000,66802.74000000,66893.06000000,66679.76000000,66871.35000000,253.79395000
1771480800000,66871.34000000,67290.40000000,66865.43000000,67150.12000000,468.59633000
1771484400000,67150.12000000,67320.00000000,67028.70000000,67206.45000000,481.75258000
1771488000000,67206.45000000,67206.45000000,66785.56000000,66966.12000000,559.76369000
1771491600000,66966.12000000,67191.83000000,66754.23000000,66836.00000000,463.29328000
1771495200000,66836.01000000,66958.40000000,66741.77000000,66843.08000000,368.25421000
1771498800000,66843.08000000,66936.42000000,66478.02000000,66496.02000000,488.02461000
1771502400000,66496.03000000,66680.70000000,66325.34000000,66516.67000000,484.41025000
1771506000000,66516.67000000,66556.59000000,65763.00000000,65913.37000000,1377.50527000
1771509600000,65913.38000000,66662.30000000,65631.83000000,66421.20000000,1506.37269000
1771513200000,66421.20000000,66755.39000000,65966.00000000,66398.00000000,1083.30553000
1771516800000,66398.01000000,66514.95000000,65899.25000000,66293.53000000,940.96239000
1771520400000,66293.53000000,67049.99000000,66173.15000000,66369.42000000,899.04062000
1771524000000,66369.42000000,67073.13000000,66228.49000000,67030.49000000,865.51701000
1771527600000,67030.50000000,67198.10000000,66700.00000000,67050.00000000,706.47789000
1771531200000,67050.00000000,67166.98000000,66823.03000000,67149.11000000,444.88336000
1771534800000,67149.11000000,67168.86000000,66900.92000000,66916.51000000,265.40447000
1771538400000,66916.51000000,67000.00000000,66652.34000000,66915.14000000,854.02212000
1771542000000,66915.15000000,67023.61000000,66814.76000000,67003.73000000,304.63969000
1771545600000,67003.73000000,67486.62000000,66949.41000000,67228.91000000,595.00262000
1771549200000,67228.91000000,67355.79000000,67150.00000000,67279.90000000,313.31598000
1771552800000,67279.91000000,67347.76000000,67181.28000000,67242.03000000,232.09759000
1771556400000,67242.03000000,67488.67000000,67241.24000000,67366.25000000,332.50492000
1771560000000,67366.25000000,67402.23000000,67115.38000000,67264.83000000,362.39174000
1771563600000,67264.83000000,68006.00000000,67203.19000000,67790.10000000,1107.38598000
1771567200000,67790.11000000,67894.20000000,67660.12000000,67847.47000000,482.66553000
1771570800000,67847.47000000,67990.00000000,67767.40000000,67825.91000000,459.03505000
1771574400000,67825.91000000,67950.85000000,67747.33000000,67879.99000000,290.00035000
1771578000000,67879.99000000,68230.01000000,67879.99000000,68218.85000000,996.78790000
1771581600000,68218.85000000,68318.39000000,67843.42000000,67948.99000000,638.74258000
1771585200000,67948.99000000,67983.91000000,67280.60000000,67318.41000000,1489.10389000
1771588800000,67318.41000000,67594.00000000,67276.41000000,67541.77000000,603.15784000
1771592400000,67541.78000000,67541.78000000,66280.20000000,66801.62000000,7078.59491000
1771596000000,66801.62000000,67317.50000000,66532.87000000,67069.65000000,5263.48808000
1771599600000,67069.65000000,68083.98000000,66536.64000000,67582.95000000,3143.21056000
1771603200000,67582.95000000,67921.70000000,67283.24000000,67795.47000000,1312.90303000
1771606800000,67795.48000000,67795.48000000,66952.11000000,67613.37000000,6085.15550000
1771610400000,67613.38000000,68000.00000000,67466.11000000,67924.21000000,1321.63260000
1771614000000,67924.22000000,68000.00000000,67548.85000000,67646.03000000,854.45567000
1771617600000,67646.03000000,67885.55000000,67520.30000000,67750.40000000,685.93834000
1771621200000,67750.40000000,67840.00000000,67639.29000000,67825.87000000,451.92527000
1771624800000,67825.87000000,68116.60000000,67639.31000000,68078.13000000,669.63597000
1771628400000,68078.13000000,68233.99000000,67914.00000000,68020.01000000,582.73901000
1771632000000,68020.00000000,68051.16000000,67787.19000000,67841.00000000,537.54494000
1771635600000,67841.00000000,68005.99000000,67841.00000000,67951.24000000,250.62697000
1771639200000,67951.25000000,68099.54000000,67913.30000000,68001.05000000,224.56497000
1771642800000,68001.04000000,68001.04000000,67534.69000000,67667.77000000,569.35853000
1771646400000,67667.77000000,67846.88000000,67593.99000000,67816.97000000,228.62441000
1771650000000,67816.98000000,67888.40000000,67799.70000000,67851.93000000,141.24714000
1771653600000,67851.93000000,67924.39000000,67750.96000000,67793.38000000,228.15051000
1771657200000,67793.39000000,67884.74000000,67749.59000000,67856.01000000,118.21011000
1771660800000,67856.01000000,68079.41000000,67807.30000000,68055.03000000,293.16321000
1771664400000,68055.04000000,68314.54000000,67978.90000000,68147.53000000,599.79254000
1771668000000,68147.54000000,68250.00000000,68139.65000000,68215.54000000,212.21766000
1771671600000,68215.55000000,68283.34000000,68084.00000000,68092.45000000,279.32431000
1771675200000,68092.45000000,68218.20000000,67915.00000000,68203.42000000,307.88407000
1771678800000,68203.42000000,68260.00000000,68106.89000000,68259.99000000,202.25945000
1771682400000,68259.99000000,68644.00000000,68180.53000000,68450.01000000,880.51744000
1771686000000,68450.01000000,68698.70000000,68417.00000000,68615.00000000,427.64440000
1771689600000,68615.01000000,68630.76000000,68101.78000000,68322.60000000,658.49920000
1771693200000,68322.61000000,68474.01000000,68200.00000000,68437.45000000,212.23015000
1771696800000,68437.45000000,68644.00000000,68383.08000000,68574.00000000,320.28262000
1771700400000,68573.99000000,68658.50000000,68526.81000000,68543.51000000,219.15242000
1771704000000,68543.51000000,68605.63000000,68190.00000000,68211.19000000,369.37236000
1771707600000,68211.19000000,68390.93000000,68183.10000000,68379.95000000,170.62817000
1771711200000,68379.95000000,68437.56000000,67900.00000000,67972.00000000,378.72918000
1771714800000,67972.00000000,68124.54000000,67941.02000000,67975.93000000,202.81655000
1771718400000,67975.93000000,68060.40000000,67809.78000000,67946.00000000,294.60551000
1771722000000,67946.00000000,68171.46000000,67945.99000000,68159.31000000,265.09117000
1771725600000,68159.32000000,68222.16000000,67872.76000000,67909.68000000,289.41881000
1771729200000,67909.67000000,68062.03000000,67824.90000000,68041.43000000,265.36653000
1771732800000,68041.42000000,68086.00000000,67966.52000000,67983.50000000,199.56269000
1771736400000,67983.50000000,68011.75000000,67881.81000000,67977.52000000,154.76424000
1771740000000,67977.52000000,68178.79000000,67972.89000000,68038.13000000,303.09242000
1771743600000,68038.14000000,68095.57000000,67990.50000000,68005.30000000,266.37265000
1771747200000,68005.30000000,68019.46000000,67912.02000000,67950.10000000,183.66090000
1771750800000,67950.11000000,68101.46000000,67948.74000000,68053.32000000,173.06503000
1771754400000,68053.33000000,68153.20000000,68012.78000000,68129.56000000,204.92643000
1771758000000,68129.57000000,68245.00000000,68129.56000000,68219.97000000,171.48901000
1771761600000,68219.97000000,68232.40000000,67871.59000000,67928.22000000,372.42816000
1771765200000,67928.23000000,68040.80000000,67571.08000000,67652.38000000,679.59468000
1771768800000,67652.38000000,67682.47000000,67353.75000000,67443.89000000,825.57077000
1771772400000,67443.89000000,67813.20000000,67303.50000000,67684.14000000,653.63970000
1771776000000,67684.15000000,67718.13000000,67513.83000000,67632.76000000,299.27720000
1771779600000,67632.76000000,67635.22000000,67190.00000000,67384.49000000,691.10182000
1771783200000,67384.48000000,67461.41000000,67313.54000000,67422.62000000,362.52705000
1771786800000,67422.63000000,67488.70000000,67403.37000000,67428.32000000,222.75597000
1771790400000,67428.32000000,67491.96000000,67350.00000000,67401.74000000,272.50364000
1771794000000,67401.74000000,67643.94000000,67401.74000000,67612.66000000,235.86316000
1771797600000,67612.66000000,67751.44000000,67485.34000000,67666.16000000,369.66378000
1771801200000,67666.16000000,67730.98000000,67469.58000000,67643.40000000,418.79352000
1771804800000,67643.39000000,67684.86000000,66715.01000000,66740.47000000,765.22691000
1771808400000,66740.47000000,66740.47000000,64290.71000000,64427.65000000,7324.06208000
1771812000000,64427.64000000,64916.85000000,64325.98000000,64783.56000000,1843.25690000
1771815600000,64783.56000000,65079.79000000,64700.00000000,64934.17000000,1090.11911000
1771819200000,64934.18000000,65040.29000000,64685.64000000,64808.31000000,792.86138000
1771822800000,64808.31000000,65294.80000000,64796.85000000,65070.90000000,1215.18940000
1771826400000,65070.90000000,65802.09000000,65033.90000000,65757.32000000,1085.08146000
1771830000000,65757.33000000,66015.22000000,65641.55000000,65958.94000000,1026.69503000
1771833600000,65958.94000000,65958.94000000,65565.78000000,65676.44000000,895.54696000
1771837200000,65676.44000000,66456.50000000,65672.76000000,66404.91000000,974.96031000
1771840800000,66404.92000000,66600.00000000,66220.00000000,66319.69000000,789.04200000
1771844400000,66319.69000000,66487.37000000,66114.22000000,66207.23000000,534.45165000
1771848000000,66207.23000000,66511.51000000,65886.51000000,66280.40000000,754.07687000
1771851600000,66280.40000000,66430.52000000,66103.35000000,66132.66000000,807.41354000
1771855200000,66132.65000000,66264.95000000,65529.73000000,65923.53000000,971.74614000
1771858800000,65923.52000000,66250.00000000,65579.53000000,65660.10000000,1263.10354000
1771862400000,65660.10000000,65724.28000000,65178.83000000,65364.65000000,1502.46383000
1771866000000,65364.66000000,65451.01000000,64152.04000000,64813.26000000,2524.78940000
1771869600000,64813.27000000,65194.51000000,64586.00000000,64635.49000000,994.68933000
1771873200000,64635.49000000,64855.18000000,64048.71000000,64295.10000000,2158.00321000
1771876800000,64295.11000000,64487.94000000,63888.79000000,64473.14000000,1313.21455000
1771880400000,64473.14000000,64783.54000000,64459.44000000,64580.66000000,593.24685000
1771884000000,64580.66000000,65035.98000000,64555.59000000,64725.56000000,1451.85665000
1771887600000,64725.56000000,64900.63000000,64538.90000000,64656.02000000,404.81213000
1771891200000,64656.01000000,65026.75000000,64656.01000000,64941.43000000,437.59997000
1771894800000,64941.42000000,64941.42000000,63433.84000000,64160.27000000,2402.75927000
1771898400000,64160.26000000,64500.00000000,64000.00000000,64109.81000000,599.63527000
1771902000000,64109.80000000,64109.80000000,63342.90000000,63595.51000000,1312.76931000
1771905600000,63595.51000000,63628.52000000,62868.69000000,63378.84000000,2096.91050000
1771909200000,63378.84000000,63551.58000000,62700.80000000,63104.79000000,1274.07037000
1771912800000,63104.79000000,63322.28000000,62900.00000000,63082.79000000,677.94768000
1771916400000,63082.79000000,63367.20000000,62866.42000000,63192.96000000,890.96125000
1771920000000,63192.79000000,63444.66000000,63009.92000000,63392.15000000,669.14656000
1771923600000,63392.15000000,63411.80000000,62908.92000000,63249.99000000,657.17066000
1771927200000,63250.00000000,63369.71000000,63112.70000000,63284.50000000,447.19211000
1771930800000,63284.51000000,63317.95000000,63063.63000000,63227.10000000,461.08382000
1771934400000,63227.11000000,63343.59000000,62965.21000000,62969.05000000,642.15852000
1771938000000,62969.04000000,63100.00000000,62510.28000000,62900.00000000,2362.19948000
1771941600000,62900.01000000,63834.21000000,62762.03000000,63453.99000000,1408.18955000
1771945200000,63454.00000000,64031.76000000,63300.00000000,63973.97000000,1127.10688000
1771948800000,63973.98000000,64428.90000000,63689.54000000,64265.52000000,1423.20973000
1771952400000,64265.53000000,64520.00000000,64042.80000000,64219.71000000,1017.32505000
1771956000000,64219.70000000,64500.00000000,63872.72000000,64435.06000000,809.89318000
1771959600000,64435.05000000,64743.11000000,64250.52000000,64435.03000000,722.29463000
1771963200000,64435.03000000,64591.99000000,64318.03000000,64472.90000000,409.22444000
1771966800000,64472.90000000,64472.90000000,63820.50000000,64042.66000000,576.40912000
1771970400000,64042.66000000,64227.81000000,63973.79000000,64120.95000000,288.16182000
1771974000000,64120.96000000,64248.65000000,63853.99000000,64058.15000000,389.41705000
1771977600000,64058.15000000,64319.29000000,63913.27000000,64224.30000000,292.38037000
1771981200000,64224.29000000,66300.00000000,64145.20000000,65896.75000000,2840.08056000
1771984800000,65896.74000000,66310.00000000,65866.66000000,65884.83000000,1252.91602000
1771988400000,65884.84000000,65955.87000000,65350.28000000,65391.73000000,801.79518000
1771992000000,65391.74000000,65650.00000000,65116.65000000,65457.99000000,723.49717000
1771995600000,65458.00000000,65511.21000000,64755.26000000,64882.76000000,831.61343000
1771999200000,64882.77000000,65124.04000000,64865.78000000,64898.22000000,394.76962000
1772002800000,64898.22000000,65193.25000000,64781.18000000,65028.30000000,682.59011000
1772006400000,65028.30000000,65586.87000000,64955.79000000,65530.49000000,694.36389000
1772010000000,65530.48000000,65692.62000000,65396.47000000,65558.71000000,545.80832000
1772013600000,65558.71000000,65648.74000000,65345.00000000,65400.87000000,315.12553000
1772017200000,65400.87000000,65485.91000000,65200.80000000,65430.04000000,442.60010000
1772020800000,65430.04000000,66240.00000000,65324.62000000,66068.94000000,1316.71816000
1772024400000,66068.94000000,66684.10000000,66025.39000000,66248.62000000,1860.04287000
1772028000000,66248.63000000,67009.78000000,66202.66000000,66973.20000000,2180.16784000
1772031600000,66973.19000000,67578.00000000,66715.13000000,67412.33000000,2522.90832000
1772035200000,67412.32000000,68332.00000000,67404.00000000,68297.35000000,2059.42933000
1772038800000,68297.35000000,68879.96000000,68016.53000000,68674.20000000,2463.18666000
1772042400000,68674.20000000,69550.00000000,68373.33000000,69328.07000000,2105.00773000
1772046000000,69328.06000000,69406.93000000,68764.94000000,69038.26000000,1672.83962000
1772049600000,69038.26000000,69374.95000000,68619.22000000,69148.69000000,1076.93003000
1772053200000,69148.69000000,69988.83000000,68773.83000000,68919.72000000,1562.11950000
1772056800000,68919.72000000,69176.00000000,68055.91000000,68432.13000000,1092.88431000
1772060400000,68432.13000000,68696.97000000,67600.00000000,67988.04000000,1020.21792000
1772064000000,67988.04000000,68539.17000000,67727.52000000,68335.99000000,1134.56842000
1772067600000,68335.99000000,68700.00000000,68210.35000000,68248.30000000,619.19035000
1772071200000,68248.30000000,68351.00000000,67779.93000000,68257.45000000,833.19410000
1772074800000,68257.46000000,68379.59000000,68044.18000000,68216.86000000,408.51743000
1772078400000,68216.87000000,68860.00000000,68179.62000000,68571.36000000,587.55874000
1772082000000,68571.36000000,68571.37000000,68127.58000000,68443.81000000,486.81983000
1772085600000,68443.82000000,68522.00000000,68042.90000000,68176.75000000,618.63359000
1772089200000,68176.75000000,68290.18000000,67817.87000000,67825.04000000,840.14406000
1772092800000,67825.05000000,68236.00000000,67792.00000000,67954.01000000,761.69108000
1772096400000,67954.00000000,68644.59000000,67933.25000000,68589.41000000,1095.31619000
1772100000000,68589.41000000,68722.64000000,68257.64000000,68301.62000000,688.66072000
1772103600000,68301.61000000,68404.25000000,67965.46000000,68051.31000000,722.94931000
1772107200000,68051.30000000,68303.83000000,68009.88000000,68171.56000000,642.07881000
1772110800000,68171.55000000,68213.98000000,67848.69000000,67905.35000000,698.96783000
1772114400000,67905.34000000,68272.21000000,67264.22000000,67697.74000000,1769.26733000
1772118000000,67696.89000000,67743.36000000,66761.16000000,67382.00000000,2095.88140000
1772121600000,67382.00000000,67566.85000000,66500.00000000,66643.55000000,2050.20093000
1772125200000,66643.56000000,67044.10000000,66600.46000000,66826.80000000,885.82755000
1772128800000,66826.80000000,67373.90000000,66575.73000000,67310.53000000,1058.47196000
1772132400000,67310.53000000,67903.12000000,67285.99000000,67589.22000000,1235.95013000
1772136000000,67589.21000000,67831.11000000,67269.42000000,67414.07000000,597.88987000
1772139600000,67414.07000000,67575.97000000,67150.14000000,67463.65000000,299.84732000
1772143200000,67463.65000000,67630.22000000,67301.75000000,67572.30000000,291.63360000
1772146800000,67572.30000000,67656.11000000,67390.65000000,67485.18000000,314.51737000
1772150400000,67485.19000000,67537.84000000,67000.00000000,67226.50000000,462.91030000
1772154000000,67226.50000000,67398.86000000,66885.00000000,67352.26000000,818.15438000
1772157600000,67352.26000000,67546.15000000,67263.56000000,67266.58000000,463.09611000
1772161200000,67266.58000000,67712.16000000,67099.71000000,67600.84000000,415.67371000
1772164800000,67600.84000000,68216.80000000,67578.67000000,67747.49000000,1318.53811000
1772168400000,67747.49000000,67924.00000000,67683.30000000,67724.99000000,411.56603000
1772172000000,67725.00000000,67823.90000000,67525.46000000,67658.14000000,398.60368000
1772175600000,67658.14000000,67774.48000000,67459.30000000,67690.60000000,896.56486000
1772179200000,67690.60000000,68079.83000000,67655.86000000,67926.24000000,712.98047000
1772182800000,67926.25000000,68149.93000000,67284.22000000,67355.73000000,1377.29020000
1772186400000,67355.72000000,67416.78000000,66574.00000000,66604.91000000,1414.83211000
1772190000000,66604.90000000,66778.68000000,65960.01000000,66126.99000000,1399.59256000
1772193600000,66126.99000000,66217.42000000,65734.71000000,65928.01000000,1855.03329000
1772197200000,65928.01000000,66344.90000000,65649.34000000,66270.55000000,1278.55317000
1772200800000,66270.55000000,66334.87000000,65686.64000000,65887.59000000,1404.23206000
1772204400000,65887.59000000,66311.11000000,65845.18000000,66095.40000000,957.11978000
1772208000000,66095.40000000,66121.03000000,65462.93000000,65475.21000000,1135.56487000
1772211600000,65475.21000000,65765.06000000,65113.72000000,65703.19000000,1265.39709000
1772215200000,65703.18000000,65788.07000000,65228.33000000,65314.76000000,623.00837000
1772218800000,65314.76000000,65457.35000000,65172.60000000,65392.18000000,851.95591000
1772222400000,65392.18000000,65666.66000000,65392.18000000,65594.67000000,444.86468000
1772226000000,65594.67000000,65749.94000000,65400.00000000,65527.59000000,282.65640000
1772229600000,65527.59000000,65673.33000000,64914.46000000,65637.99000000,713.53490000
1772233200000,65638.00000000,65953.20000000,65551.67000000,65872.10000000,326.86120000
1772236800000,65872.09000000,66025.52000000,65721.13000000,65942.00000000,334.42449000
1772240400000,65942.01000000,65971.93000000,65743.71000000,65770.36000000,267.81274000
1772244000000,65770.36000000,66018.85000000,65761.94000000,65961.13000000,204.09288000
1772247600000,65961.13000000,65982.34000000,65745.39000000,65797.42000000,239.41397000
1772251200000,65797.42000000,65818.44000000,65488.00000000,65663.20000000,311.53682000
1772254800000,65663.21000000,65729.65000000,65500.00000000,65591.03000000,300.20395000
1772258400000,65591.03000000,65591.04000000,63030.00000000,63216.01000000,3175.19445000
1772262000000,63216.01000000,64327.22000000,63038.00000000,63826.00000000,2127.97927000
1772265600000,63825.99000000,63877.09000000,63411.39000000,63473.28000000,1118.13838000
1772269200000,63473.27000000,64005.35000000,63372.10000000,63658.54000000,737.11739000
1772272800000,63658.55000000,64053.93000000,63452.64000000,64010.39000000,1633.42712000
1772276400000,64010.38000000,64307.44000000,63791.25000000,63844.20000000,1245.63976000
1772280000000,63844.20000000,64082.66000000,63827.20000000,64017.19000000,474.84169000
1772283600000,64017.18000000,65216.97000000,63888.89000000,65106.44000000,1748.13055000
1772287200000,65106.45000000,65360.51000000,64278.50000000,64435.61000000,1331.97244000
1772290800000,64435.62000000,65020.75000000,64200.00000000,64841.18000000,731.53889000
1772294400000,64841.17000000,65206.25000000,64681.81000000,65094.30000000,500.23365000
1772298000000,65094.29000000,65555.00000000,64828.03000000,65442.62000000,595.58409000
1772301600000,65442.61000000,66157.61000000,65185.70000000,65911.84000000,830.58148000
1772305200000,65911.83000000,66666.65000000,65602.65000000,66362.01000000,1072.73124000
1772308800000,66362.01000000,67151.68000000,66190.61000000,66959.62000000,840.13263000
1772312400000,66959.63000000,67055.56000000,66368.42000000,66723.22000000,934.75984000
1772316000000,66723.23000000,67760.00000000,66608.82000000,67103.64000000,1310.09118000
1772319600000,67103.63000000,67210.00000000,66733.73000000,66973.26000000,483.13759000
1772323200000,66973.26000000,67121.80000000,66620.50000000,66791.29000000,560.35194000
1772326800000,66791.29000000,67703.32000000,66042.72000000,67339.36000000,1630.19028000
1772330400000,67339.36000000,68199.99000000,67339.36000000,67620.65000000,1861.82270000
1772334000000,67620.65000000,67813.33000000,67400.00000000,67502.16000000,637.99716000
1772337600000,67502.16000000,67612.14000000,67079.36000000,67346.50000000,631.60541000
1772341200000,67346.50000000,67574.65000000,67200.00000000,67292.09000000,437.89406000
1772344800000,67292.08000000,67345.80000000,66749.35000000,66926.68000000,1159.96329000
1772348400000,66926.69000000,67235.72000000,66784.58000000,67141.39000000,937.93278000
1772352000000,67141.40000000,67292.30000000,66389.33000000,66560.14000000,1475.81311000
1772355600000,66560.14000000,66771.10000000,66246.95000000,66410.08000000,815.73368000
1772359200000,66410.09000000,66731.47000000,66215.71000000,66467.06000000,621.17753000
1772362800000,66467.07000000,66661.61000000,66372.27000000,66468.03000000,338.19615000
1772366400000,66468.04000000,66550.00000000,66241.97000000,66296.48000000,388.82935000
1772370000000,66296.48000000,67360.57000000,66132.27000000,66934.79000000,1311.02111000
1772373600000,66934.80000000,67320.19000000,66752.58000000,66847.80000000,911.62631000
1772377200000,66847.80000000,67243.69000000,66828.60000000,66842.42000000,1028.55576000
1772380800000,66842.42000000,67112.37000000,65730.28000000,66135.45000000,1500.74296000
1772384400000,66135.45000000,66219.77000000,65699.98000000,65979.61000000,952.19730000
1772388000000,65979.61000000,66657.44000000,65979.61000000,66316.83000000,906.08265000
1772391600000,66316.84000000,66345.95000000,65772.29000000,65962.17000000,541.15631000
1772395200000,65962.16000000,65962.16000000,65084.02000000,65300.00000000,961.21349000
1772398800000,65300.01000000,65756.50000000,65281.83000000,65666.20000000,996.50526000
1772402400000,65666.19000000,66491.43000000,65056.00000000,65268.71000000,1763.29476000
1772406000000,65268.71000000,66080.00000000,65125.67000000,65776.47000000,831.95524000
1772409600000,65776.48000000,66796.44000000,65761.04000000,66501.52000000,990.08260000
1772413200000,66501.52000000,67079.00000000,66358.45000000,66532.02000000,886.93071000
1772416800000,66532.02000000,66609.94000000,65890.50000000,66276.77000000,554.16265000
1772420400000,66276.77000000,67037.22000000,66101.07000000,66820.03000000,509.41240000
1772424000000,66820.03000000,66975.74000000,66633.13000000,66862.12000000,750.65203000
1772427600000,66862.11000000,66995.64000000,66547.81000000,66730.78000000,887.19458000
1772431200000,66730.78000000,66739.45000000,66062.83000000,66204.90000000,677.75967000
1772434800000,66204.90000000,66209.46000000,65542.60000000,66007.52000000,1294.85905000
1772438400000,66007.80000000,66306.00000000,65654.54000000,66282.00000000,1104.41132000
1772442000000,66281.99000000,66720.84000000,66164.96000000,66168.62000000,1786.28426000
1772445600000,66168.61000000,66381.74000000,66079.24000000,66316.40000000,436.29038000
1772449200000,66316.39000000,66462.40000000,66003.59000000,66359.68000000,1034.77975000
1772452800000,66359.67000000,66391.38000000,65874.92000000,65963.43000000,763.09374000
1772456400000,65963.43000000,66157.28000000,65350.00000000,65440.01000000,1576.81345000
1772460000000,65440.01000000,67220.81000000,65259.21000000,67177.06000000,3015.13713000
1772463600000,67177.05000000,69617.74000000,66975.29000000,69130.20000000,5476.56874000
1772467200000,69130.20000000,70096.00000000,68933.69000000,69428.62000000,3440.03188000
1772470800000,69428.62000000,69578.00000000,68793.88000000,69198.00000000,1445.44150000
1772474400000,69198.00000000,69268.15000000,68727.83000000,68877.67000000,1055.74310000
1772478000000,68877.67000000,69049.32000000,68576.18000000,68966.53000000,886.89114000
1772481600000,68966.52000000,69505.00000000,68584.90000000,69106.58000000,1028.13825000
1772485200000,69106.58000000,69539.77000000,69000.71000000,69413.82000000,441.38382000
1772488800000,69413.82000000,69501.62000000,69136.36000000,69440.49000000,1330.59238000
1772492400000,69440.48000000,69479.58000000,68740.00000000,68830.06000000,637.72978000
1772496000000,68830.06000000,69166.61000000,68644.38000000,69092.88000000,602.91075000
1772499600000,69092.89000000,69258.08000000,68755.00000000,68760.01000000,452.46998000
1772503200000,68760.01000000,68774.13000000,68210.71000000,68512.17000000,848.26905000
1772506800000,68512.17000000,68550.00000000,68231.47000000,68377.94000000,458.44735000
1772510400000,68377.94000000,68454.63000000,68050.11000000,68123.20000000,436.46143000
1772514000000,68123.19000000,68617.42000000,67845.84000000,67947.75000000,913.85345000
1772517600000,67947.75000000,68250.24000000,67800.00000000,68106.73000000,821.19287000
1772521200000,68106.73000000,68275.20000000,67951.24000000,68172.80000000,1165.60519000
1772524800000,68172.79000000,68311.83000000,66905.00000000,67003.30000000,1883.45220000
1772528400000,67003.30000000,67184.71000000,66340.14000000,66647.98000000,1767.88336000
1772532000000,66647.98000000,67030.75000000,66440.46000000,66860.30000000,1159.50732000
1772535600000,66860.30000000,67166.50000000,66779.37000000,67026.61000000,1271.91624000
1772539200000,67026.60000000,67973.20000000,67025.93000000,67399.85000000,1323.51079000
1772542800000,67399.85000000,67435.00000000,66635.30000000,66931.31000000,709.75818000
1772546400000,66931.32000000,67603.94000000,66158.00000000,66568.95000000,1714.82463000
1772550000000,66568.95000000,67834.93000000,66471.79000000,67725.81000000,1695.19520000
1772553600000,67725.82000000,68999.00000000,67473.09000000,68175.90000000,2581.91143000
1772557200000,68175.89000000,68400.00000000,67626.53000000,68318.66000000,982.14848000
1772560800000,68318.66000000,68914.01000000,67976.47000000,68628.49000000,974.13002000
1772564400000,68628.50000000,68888.88000000,68312.83000000,68435.00000000,946.51026000
1772568000000,68435.00000000,68591.24000000,68092.10000000,68266.00000000,592.99873000
1772571600000,68265.99000000,68265.99000000,67832.30000000,68024.62000000,519.92364000
1772575200000,68024.63000000,68524.54000000,68024.62000000,68327.20000000,573.87256000
1772578800000,68327.20000000,68860.00000000,68245.64000000,68338.00000000,575.48869000
1772582400000,68338.01000000,68413.90000000,67857.61000000,68093.19000000,767.61923000
1772586000000,68093.20000000,68909.34000000,67963.28000000,68405.00000000,1294.62328000
1772589600000,68405.00000000,68447.72000000,67984.56000000,68323.33000000,798.11328000
1772593200000,68323.33000000,68383.63000000,67400.00000000,67732.20000000,954.50771000
1772596800000,67732.19000000,67954.89000000,67467.60000000,67786.00000000,1066.38980000
1772600400000,67786.00000000,68397.84000000,67682.64000000,68206.59000000,666.28769000
1772604000000,68206.58000000,68678.76000000,68048.63000000,68508.02000000,1288.48108000
1772607600000,68508.02000000,69668.00000000,68349.49000000,69493.13000000,2067.68212000
1772611200000,69493.14000000,71163.00000000,69098.91000000,71011.40000000,4675.35650000
1772614800000,71011.40000000,71893.00000000,70724.26000000,71520.76000000,4196.19004000
1772618400000,71520.76000000,71878.17000000,71200.00000000,71348.92000000,2079.39146000
1772622000000,71348.92000000,71499.75000000,70928.25000000,71111.40000000,1195.15977000
1772625600000,71111.40000000,71364.14000000,70588.00000000,71339.71000000,1486.53558000
1772629200000,71339.72000000,71624.99000000,71214.40000000,71477.17000000,1568.26840000
1772632800000,71477.17000000,72633.00000000,71300.10000000,71621.04000000,4139.07950000
1772636400000,71621.03000000,73479.75000000,71580.62000000,73396.88000000,4184.35996000
1772640000000,73396.87000000,73500.00000000,72541.69000000,73294.84000000,2627.55973000
1772643600000,73294.84000000,73759.99000000,72932.80000000,73218.92000000,2258.87830000
1772647200000,73218.93000000,73700.00000000,72912.11000000,73693.50000000,1121.53690000
1772650800000,73693.50000000,74050.00000000,73516.00000000,73611.10000000,2657.03129000
1772654400000,73611.67000000,73716.00000000,73001.05000000,73019.68000000,904.52712000
1772658000000,73019.69000000,73322.93000000,72878.00000000,73309.72000000,836.52696000
1772661600000,73309.73000000,73523.31000000,72638.29000000,72705.86000000,894.79856000
1772665200000,72705.86000000,72880.88000000,72313.04000000,72666.77000000,1190.17184000
1772668800000,72666.77000000,73000.00000000,72553.65000000,72760.00000000,1004.77646000
1772672400000,72759.99000000,73306.82000000,72409.10000000,72538.72000000,821.18852000
1772676000000,72538.72000000,72916.50000000,72336.76000000,72506.19000000,628.62779000
1772679600000,72506.18000000,72750.00000000,72344.51000000,72497.89000000,668.37206000
1772683200000,72497.89000000,73081.08000000,72447.96000000,72815.70000000,750.00710000
1772686800000,72815.70000000,72912.82000000,72260.74000000,72412.15000000,1085.89796000
1772690400000,72412.15000000,72655.23000000,72037.56000000,72553.62000000,1063.10490000
1772694000000,72553.63000000,72675.07000000,71759.95000000,72055.50000000,1447.01462000
1772697600000,72055.50000000,72370.21000000,71757.17000000,72333.70000000,1421.17898000
1772701200000,72333.70000000,72875.85000000,72298.83000000,72591.59000000,1160.78148000
1772704800000,72591.59000000,73558.15000000,72517.06000000,73388.92000000,1589.26780000
1772708400000,73388.91000000,73449.96000000,72766.75000000,72915.79000000,2091.15218000
1772712000000,72915.80000000,73063.38000000,72666.93000000,72890.73000000,729.99152000
1772715600000,72890.73000000,72935.30000000,72189.70000000,72467.79000000,1108.98859000
1772719200000,72467.79000000,72835.73000000,71944.18000000,72609.29000000,1446.63499000
1772722800000,72609.30000000,72770.00000000,71168.65000000,71652.77000000,2321.94313000
1772726400000,71652.77000000,71654.65000000,70786.06000000,71305.92000000,1736.25108000
1772730000000,71305.92000000,71572.00000000,70645.47000000,70704.41000000,1223.37093000
1772733600000,70703.37000000,71090.32000000,70656.63000000,70990.65000000,720.55573000
1772737200000,70990.66000000,71430.78000000,70870.00000000,70918.07000000,626.47744000
1772740800000,70918.08000000,71394.45000000,70840.00000000,71236.51000000,496.74041000
1772744400000,71236.51000000,71572.30000000,71023.52000000,71141.93000000,546.48691000
1772748000000,71141.93000000,71364.45000000,71074.45000000,71208.54000000,834.62565000
1772751600000,71208.54000000,71292.44000000,70777.00000000,70890.72000000,1067.07630000
1772755200000,70891.02000000,71047.95000000,70784.00000000,70988.19000000,673.46080000
1772758800000,70988.19000000,71301.74000000,70344.03000000,71257.20000000,1057.89391000
1772762400000,71257.20000000,71419.98000000,71036.00000000,71252.43000000,752.48392000
1772766000000,71252.43000000,71305.42000000,71000.00000000,71080.38000000,548.09403000
1772769600000,71080.37000000,71120.17000000,70270.21000000,70613.61000000,667.82412000
1772773200000,70613.61000000,70658.01000000,70143.19000000,70436.19000000,966.11543000
1772776800000,70436.18000000,70853.37000000,70261.23000000,70597.23000000,672.31367000
1772780400000,70597.23000000,71192.76000000,70468.97000000,71056.44000000,782.05786000
1772784000000,71056.44000000,71067.58000000,70735.85000000,70789.49000000,569.42569000
1772787600000,70789.49000000,70808.65000000,70300.00000000,70565.56000000,637.97560000
1772791200000,70565.56000000,70800.00000000,70467.88000000,70527.93000000,469.81877000
1772794800000,70527.93000000,70643.27000000,70184.01000000,70212.95000000,763.93539000
1772798400000,70212.94000000,70224.84000000,69660.00000000,69907.00000000,1907.43626000
1772802000000,69907.00000000,70341.76000000,69208.00000000,69208.00000000,2069.72961000
1772805600000,69213.18000000,69273.87000000,68176.47000000,68409.89000000,3148.50679000
1772809200000,68409.89000000,69100.00000000,68306.00000000,68504.71000000,1428.68549000
1772812800000,68504.71000000,68795.44000000,68222.00000000,68446.52000000,955.00949000
1772816400000,68446.52000000,68642.69000000,67744.78000000,67955.10000000,1236.78923000
1772820000000,67955.10000000,68476.47000000,67955.10000000,68181.20000000,514.98068000
1772823600000,68181.20000000,68485.01000000,68004.15000000,68131.79000000,617.63492000
1772827200000,68131.79000000,68285.71000000,67777.00000000,68111.03000000,668.61830000
1772830800000,68111.03000000,68333.33000000,67919.72000000,68289.10000000,604.80896000
1772834400000,68289.11000000,68440.92000000,68221.38000000,68319.89000000,304.91261000
1772838000000,68319.90000000,68371.24000000,68105.71000000,68114.02000000,611.37569000
1772841600000,68114.02000000,68394.09000000,68105.73000000,68290.45000000,653.38105000
1772845200000,68290.46000000,68369.11000000,68180.95000000,68262.01000000,316.06145000
1772848800000,68262.01000000,68367.73000000,68060.60000000,68350.04000000,316.96409000
1772852400000,68350.05000000,68551.04000000,68095.50000000,68095.50000000,450.32011000
1772856000000,68095.50000000,68147.73000000,67817.00000000,68063.43000000,621.66509000
1772859600000,68063.42000000,68140.49000000,67908.00000000,68018.26000000,493.88772000
1772863200000,68018.27000000,68021.14000000,67612.21000000,67690.86000000,489.36583000
1772866800000,67690.86000000,67865.23000000,67446.41000000,67842.67000000,768.74899000
1772870400000,67842.67000000,68045.07000000,67720.98000000,67795.40000000,465.95331000
1772874000000,67795.40000000,68074.97000000,67738.31000000,68000.00000000,332.46219000
1772877600000,68000.00000000,68102.73000000,67870.43000000,67880.31000000,319.42039000
1772881200000,67880.31000000,68232.27000000,67841.67000000,68010.01000000,372.24149000
1772884800000,68010.00000000,68085.41000000,67900.01000000,67992.54000000,359.03867000
1772888400000,67992.54000000,68081.16000000,67855.82000000,67931.06000000,318.23636000
1772892000000,67931.06000000,68083.79000000,67609.44000000,68016.70000000,473.27443000
1772895600000,68016.70000000,68034.67000000,67769.89000000,67877.45000000,577.84468000
1772899200000,67877.45000000,67889.68000000,67702.20000000,67783.63000000,349.26910000
1772902800000,67783.63000000,67935.01000000,67768.97000000,67788.41000000,217.68104000
1772906400000,67788.40000000,67788.41000000,67480.00000000,67568.13000000,1180.24782000
1772910000000,67568.13000000,67572.35000000,66915.26000000,67080.34000000,1312.23020000
1772913600000,67080.33000000,67437.50000000,67068.01000000,67402.98000000,590.47118000
1772917200000,67402.98000000,67483.05000000,67281.34000000,67452.98000000,638.99995000
1772920800000,67452.97000000,67469.87000000,67101.31000000,67258.65000000,706.81324000
1772924400000,67258.65000000,67403.85000000,67183.39000000,67262.91000000,394.96477000
1772928000000,67262.91000000,67481.96000000,67181.04000000,67194.77000000,552.27054000
1772931600000,67194.77000000,67353.57000000,67090.00000000,67297.27000000,565.85563000
1772935200000,67297.27000000,67426.52000000,66833.58000000,66925.44000000,765.90711000
1772938800000,66925.45000000,67083.10000000,66850.00000000,67000.26000000,999.40624000
1772942400000,67000.26000000,67100.01000000,66547.15000000,66637.36000000,1206.88314000
1772946000000,66637.35000000,67250.24000000,66617.76000000,67149.93000000,402.00353000
1772949600000,67149.93000000,67231.86000000,67035.18000000,67161.52000000,246.63235000
1772953200000,67161.52000000,67465.11000000,67154.91000000,67319.91000000,1010.57902000
1772956800000,67319.90000000,67577.36000000,67156.93000000,67539.33000000,1008.62460000
1772960400000,67539.34000000,67905.03000000,67474.00000000,67681.00000000,1111.87857000
1772964000000,67681.00000000,68200.00000000,67680.99000000,67904.14000000,646.22527000
1772967600000,67904.15000000,67904.15000000,67411.76000000,67515.00000000,536.67584000
1772971200000,67515.00000000,67650.94000000,66888.00000000,67324.72000000,902.41572000
1772974800000,67324.71000000,67431.81000000,66761.68000000,67234.86000000,1987.58970000
1772978400000,67234.86000000,67426.69000000,67055.73000000,67339.76000000,695.31699000
1772982000000,67339.75000000,67369.36000000,67080.00000000,67218.23000000,879.16155000
1772985600000,67218.23000000,67268.44000000,66802.47000000,66872.15000000,538.75590000
1772989200000,66872.15000000,67179.98000000,66800.01000000,67065.00000000,812.42846000
1772992800000,67065.00000000,67076.00000000,66745.54000000,66804.00000000,487.97779000
1772996400000,66803.99000000,67485.24000000,66779.82000000,67337.42000000,711.10669000
1773000000000,67337.41000000,67609.08000000,67028.45000000,67238.80000000,1144.93227000
1773003600000,67238.79000000,67266.00000000,66712.69000000,67020.01000000,959.03531000
1773007200000,67020.01000000,67020.01000000,65618.49000000,66236.80000000,2742.02435000
1773010800000,66236.80000000,66569.24000000,65930.30000000,65971.20000000,679.95244000
1773014400000,65971.20000000,66773.00000000,65821.97000000,66370.01000000,951.35538000
1773018000000,66370.01000000,66698.05000000,66131.25000000,66196.01000000,2263.78882000
1773021600000,66196.01000000,66707.58000000,65959.00000000,66537.32000000,752.57114000
1773025200000,66537.32000000,67668.64000000,66512.88000000,67205.05000000,1256.29482000
1773028800000,67205.06000000,67610.00000000,67093.09000000,67130.14000000,848.47762000
1773032400000,67131.10000000,68069.29000000,67113.02000000,67911.16000000,1145.71148000
1773036000000,67911.15000000,67939.55000000,67236.78000000,67267.18000000,578.70307000
1773039600000,67267.18000000,67575.81000000,66853.48000000,67555.13000000,1253.45589000
1773043200000,67555.13000000,67929.19000000,67391.89000000,67814.69000000,1615.43129000
1773046800000,67814.69000000,68460.09000000,67566.65000000,67981.02000000,1225.43841000
1773050400000,67981.03000000,68088.92000000,67556.72000000,67608.13000000,687.12244000
1773054000000,67608.13000000,67855.82000000,67344.45000000,67764.98000000,577.58612000
1773057600000,67764.99000000,68348.26000000,67759.57000000,68151.93000000,970.32854000
1773061200000,68151.93000000,69300.00000000,68133.93000000,68976.00000000,2460.13662000
1773064800000,68975.80000000,69480.00000000,68696.28000000,69151.50000000,2377.05802000
1773068400000,69151.50000000,69254.87000000,68717.86000000,68863.66000000,1995.45638000
1773072000000,68863.67000000,69225.00000000,68614.47000000,68960.12000000,1086.01117000
1773075600000,68960.12000000,69088.49000000,68270.34000000,68600.71000000,889.54053000
1773079200000,68600.71000000,68705.76000000,68179.12000000,68356.37000000,1350.25926000
1773082800000,68356.37000000,69516.65000000,68356.37000000,68991.93000000,1713.56623000
1773086400000,68991.93000000,69145.28000000,68762.20000000,68961.71000000,507.40424000
1773090000000,68961.15000000,69102.53000000,68660.94000000,68919.72000000,782.51759000
1773093600000,68919.71000000,69030.56000000,68597.00000000,68635.88000000,943.05059000
1773097200000,68635.88000000,68694.73000000,68384.69000000,68432.16000000,665.45565000
1773100800000,68432.16000000,69290.42000000,68391.41000000,69157.37000000,1134.03591000
1773104400000,69157.36000000,69389.06000000,68786.04000000,69260.01000000,1073.30020000
1773108000000,69260.00000000,70578.29000000,69103.12000000,70272.01000000,2010.96480000
1773111600000,70272.00000000,70370.86000000,69390.00000000,69429.85000000,1096.27179000
1773115200000,69429.85000000,70132.27000000,69429.85000000,70072.94000000,1112.05227000
1773118800000,70072.95000000,70355.06000000,69885.71000000,69971.34000000,874.03346000
1773122400000,69971.34000000,70185.24000000,69750.62000000,69910.91000000,1140.99151000
1773126000000,69910.91000000,70546.74000000,69805.70000000,70406.01000000,1780.20471000
1773129600000,70406.01000000,71097.64000000,70369.00000000,70709.37000000,1852.19984000
1773133200000,70709.37000000,71300.00000000,70653.24000000,71078.92000000,1664.83143000
1773136800000,71078.92000000,71086.86000000,70660.89000000,70774.04000000,1808.06147000
1773140400000,70774.04000000,70865.73000000,70540.40000000,70580.94000000,945.42456000
1773144000000,70580.95000000,70628.19000000,70290.88000000,70519.86000000,702.95479000
1773147600000,70519.86000000,70926.46000000,69723.25000000,69921.12000000,1644.54716000
1773151200000,69921.12000000,71527.54000000,69266.06000000,71467.81000000,2553.72955000
1773154800000,71467.81000000,71777.00000000,70900.05000000,71346.16000000,2098.87598000
1773158400000,71346.17000000,71700.00000000,70943.31000000,71268.59000000,1291.34054000
1773162000000,71268.58000000,71452.00000000,70512.64000000,70868.61000000,1383.62950000
1773165600000,70868.62000000,70914.90000000,69901.00000000,70013.87000000,1837.40169000
1773169200000,70013.87000000,70290.00000000,69739.00000000,70043.63000000,992.60769000
1773172800000,70043.63000000,70350.00000000,70007.52000000,70235.60000000,671.88971000
1773176400000,70236.34000000,70417.30000000,69541.91000000,69763.01000000,830.86870000
1773180000000,69763.02000000,69869.90000000,69452.42000000,69721.58000000,937.20086000
1773183600000,69721.58000000,69981.80000000,69698.46000000,69948.63000000,1165.15914000
1773187200000,69948.64000000,70173.25000000,69759.63000000,70044.87000000,728.92961000
1773190800000,70044.87000000,70144.00000000,69880.00000000,70071.26000000,947.24879000
1773194400000,70071.26000000,70119.59000000,69614.00000000,69810.72000000,1612.87548000
1773198000000,69810.73000000,69887.11000000,69488.70000000,69551.91000000,1113.41409000
1773201600000,69551.91000000,70281.87000000,69501.55000000,70130.99000000,759.41600000
1773205200000,70130.99000000,70200.96000000,69420.00000000,69510.36000000,757.81378000
1773208800000,69510.37000000,69996.00000000,69500.01000000,69950.01000000,391.73761000
1773212400000,69950.01000000,70018.49000000,69500.67000000,69648.29000000,1171.57725000
1773216000000,69648.28000000,69786.32000000,69500.00000000,69662.24000000,672.55865000
1773219600000,69662.24000000,69752.06000000,69384.50000000,69466.75000000,939.05652000
1773223200000,69466.75000000,69726.45000000,69390.91000000,69604.90000000,1028.34397000
1773226800000,69604.90000000,69755.10000000,69150.28000000,69173.00000000,898.77254000
1773230400000,69172.99000000,69777.66000000,68977.91000000,69361.13000000,1045.64069000
1773234000000,69361.13000000,71091.18000000,69331.04000000,70186.09000000,2647.32148000
1773237600000,70186.08000000,70987.00000000,69906.77000000,70578.70000000,2251.77658000
1773241200000,70578.70000000,70654.43000000,69702.25000000,70227.91000000,1844.69630000
1773244800000,70227.92000000,70826.39000000,70161.78000000,70570.71000000,1837.92404000
1773248400000,70570.71000000,71321.00000000,70512.01000000,70785.99000000,2122.20651000
1773252000000,70785.99000000,70895.31000000,70415.27000000,70617.64000000,1134.13411000
1773255600000,70617.63000000,70742.38000000,70375.68000000,70641.82000000,644.23151000
1773259200000,70641.81000000,70700.00000000,70394.23000000,70634.96000000,383.34496000
1773262800000,70634.96000000,70777.17000000,70499.94000000,70741.26000000,576.42683000
1773266400000,70741.27000000,70950.00000000,70241.53000000,70373.01000000,1098.26512000
1773270000000,70373.01000000,70505.00000000,70125.83000000,70191.86000000,641.56300000
1773273600000,70191.86000000,70353.87000000,70130.23000000,70225.34000000,658.09363000
1773277200000,70225.34000000,70226.94000000,69754.94000000,69841.31000000,760.55263000
1773280800000,69841.30000000,69887.93000000,69226.52000000,69286.56000000,742.38929000
1773284400000,69286.55000000,69628.25000000,69246.23000000,69446.61000000,415.13842000
1773288000000,69446.61000000,69676.88000000,69296.43000000,69372.00000000,436.68208000
1773291600000,69372.00000000,69539.61000000,69205.91000000,69480.54000000,734.74043000
1773295200000,69480.54000000,69561.84000000,69315.63000000,69501.44000000,719.76894000
1773298800000,69501.45000000,69865.98000000,69408.88000000,69826.19000000,830.78197000
1773302400000,69826.19000000,70116.37000000,69698.33000000,69917.37000000,1246.32882000
1773306000000,69917.36000000,70400.00000000,69580.00000000,69952.51000000,1284.31562000
1773309600000,69952.51000000,70511.00000000,69856.00000000,70412.11000000,911.03902000
1773313200000,70412.10000000,70800.00000000,70367.97000000,70427.91000000,1207.70061000
1773316800000,70427.90000000,70617.66000000,70277.38000000,70381.80000000,847.51801000
1773320400000,70381.80000000,70534.65000000,69645.00000000,69972.15000000,1340.77540000
1773324000000,69972.20000000,70660.69000000,69355.34000000,69590.09000000,2130.67842000
1773327600000,69590.09000000,70565.43000000,69476.14000000,70334.88000000,1778.50463000
1773331200000,70334.89000000,70569.15000000,69905.71000000,70381.16000000,1271.41787000
1773334800000,70381.15000000,70547.19000000,70076.16000000,70212.06000000,843.93551000
1773338400000,70212.05000000,70303.51000000,69800.00000000,69819.64000000,742.85798000
1773342000000,69819.64000000,70548.81000000,69770.85000000,70432.32000000,757.84664000
1773345600000,70432.33000000,70555.20000000,70111.28000000,70164.49000000,618.18553000
1773349200000,70164.50000000,70470.00000000,70164.50000000,70268.55000000,355.90233000
1773352800000,70268.54000000,70305.26000000,70013.17000000,70175.64000000,467.42484000
1773356400000,70175.64000000,70734.25000000,70159.35000000,70541.34000000,894.58188000
1773360000000,70541.34000000,72000.00000000,70386.01000000,71475.61000000,2857.31114000
1773363600000,71475.60000000,71759.95000000,71283.99000000,71672.39000000,975.74666000
1773367200000,71672.38000000,71696.68000000,71045.52000000,71143.80000000,994.81538000
1773370800000,71143.80000000,71508.87000000,70964.43000000,71405.75000000,927.82134000
1773374400000,71405.76000000,71493.77000000,71214.01000000,71393.94000000,780.92498000
1773378000000,71393.93000000,71637.54000000,71242.02000000,71546.29000000,1178.90406000
1773381600000,71546.28000000,71593.22000000,71180.19000000,71342.00000000,1081.97604000
1773385200000,71342.00000000,71672.76000000,71236.08000000,71612.22000000,1139.83190000
1773388800000,71612.23000000,72142.85000000,71385.28000000,71821.02000000,1820.16796000
1773392400000,71821.01000000,72100.37000000,71589.81000000,72006.57000000,925.21442000
1773396000000,72006.56000000,72575.98000000,71995.53000000,72458.12000000,1635.35127000
1773399600000,72458.11000000,72526.12000000,72207.41000000,72228.82000000,724.41705000
1773403200000,72228.81000000,72884.68000000,72210.00000000,72784.73000000,1142.93241000
1773406800000,72784.73000000,73585.27000000,72684.88000000,73379.18000000,3297.40201000
1773410400000,73379.18000000,73913.74000000,72350.00000000,72382.72000000,4558.05031000
1773414000000,72382.72000000,72829.12000000,71736.34000000,71831.46000000,3305.45471000
1773417600000,71831.46000000,72100.00000000,71154.54000000,71885.57000000,2334.34610000
1773421200000,71885.56000000,72249.99000000,70914.09000000,71037.93000000,1889.70074000
1773424800000,71037.93000000,71350.94000000,70841.23000000,71055.45000000,738.18799000
1773428400000,71055.45000000,71309.94000000,71006.19000000,71189.95000000,507.07823000
1773432000000,71189.96000000,71469.53000000,71150.00000000,71346.84000000,554.47290000
1773435600000,71346.84000000,71491.03000000,71058.25000000,71104.65000000,650.14338000
1773439200000,71104.65000000,71189.26000000,70559.02000000,70814.00000000,863.33877000
1773442800000,70814.00000000,71005.30000000,70688.45000000,70930.00000000,1113.02703000
1773446400000,70930.01000000,70951.80000000,70555.00000000,70631.97000000,763.50434000
1773450000000,70631.96000000,70941.05000000,70481.70000000,70831.70000000,791.55133000
1773453600000,70831.70000000,70948.66000000,70735.21000000,70783.27000000,1013.67533000
1773457200000,70783.27000000,71185.23000000,70783.26000000,71081.30000000,944.72261000
1773460800000,71081.31000000,71307.92000000,71021.11000000,71039.58000000,707.08065000
1773464400000,71039.57000000,71151.30000000,70916.96000000,71013.75000000,759.34070000
1773468000000,71013.75000000,71013.75000000,70317.00000000,70622.08000000,712.17672000
1773471600000,70622.09000000,70743.88000000,70489.03000000,70596.68000000,750.98425000
1773475200000,70596.68000000,70710.76000000,70536.58000000,70585.63000000,461.44808000
1773478800000,70585.64000000,70728.07000000,70400.00000000,70501.16000000,893.97396000
1773482400000,70501.16000000,70575.10000000,70389.08000000,70570.44000000,624.35522000
1773486000000,70570.44000000,70784.38000000,70562.66000000,70751.42000000,515.18098000
1773489600000,70751.42000000,70835.48000000,70616.44000000,70780.59000000,472.56223000
1773493200000,70780.59000000,70930.56000000,70711.54000000,70847.35000000,886.49950000
1773496800000,70847.34000000,70941.17000000,70578.76000000,70599.22000000,329.16955000
1773500400000,70599.23000000,70728.59000000,70501.00000000,70580.09000000,849.34654000
1773504000000,70580.09000000,70709.40000000,70500.00000000,70672.53000000,379.28346000
1773507600000,70672.52000000,70733.02000000,70590.00000000,70617.01000000,134.37087000
1773511200000,70617.01000000,70708.88000000,70559.35000000,70668.23000000,95.80359000
1773514800000,70668.23000000,70740.34000000,70595.14000000,70700.00000000,77.47303000
1773518400000,70699.99000000,70856.40000000,70650.09000000,70805.71000000,114.01852000
1773522000000,70805.71000000,70825.04000000,70661.06000000,70799.99000000,113.91325000
1773525600000,70799.99000000,70805.15000000,70695.29000000,70710.91000000,89.24315000
1773529200000,70710.90000000,71253.17000000,70710.90000000,71211.95000000,537.56951000
1773532800000,71211.95000000,71220.74000000,70967.59000000,70985.28000000,576.24004000
1773536400000,70985.29000000,71037.41000000,70858.82000000,70985.83000000,340.54476000
1773540000000,70985.84000000,71634.08000000,70985.84000000,71450.53000000,895.09143000
1773543600000,71450.54000000,71538.03000000,71240.68000000,71363.14000000,779.68802000
1773547200000,71363.13000000,71661.55000000,71330.66000000,71606.32000000,779.77883000
1773550800000,71606.31000000,71800.68000000,71476.00000000,71489.68000000,792.96245000
1773554400000,71489.67000000,71595.43000000,71373.75000000,71458.41000000,528.89919000
1773558000000,71458.41000000,71658.44000000,71411.88000000,71453.59000000,276.05348000
1773561600000,71453.59000000,71736.72000000,71453.59000000,71717.50000000,551.40345000
1773565200000,71717.50000000,71940.49000000,71713.90000000,71791.10000000,640.93656000
1773568800000,71791.11000000,71919.19000000,71714.37000000,71783.09000000,525.01350000
1773572400000,71783.10000000,71888.00000000,71659.71000000,71839.42000000,452.79199000
1773576000000,71839.41000000,71839.42000000,71560.21000000,71610.33000000,324.76249000
1773579600000,71610.33000000,71679.81000000,71263.99000000,71607.54000000,1108.48189000
1773583200000,71607.54000000,71635.56000000,71341.68000000,71622.03000000,452.09243000
1773586800000,71622.04000000,71626.00000000,71410.00000000,71481.24000000,210.01259000
1773590400000,71481.24000000,71586.75000000,71320.08000000,71437.35000000,302.61771000
1773594000000,71437.35000000,71989.93000000,71409.74000000,71819.95000000,365.80062000
1773597600000,71819.96000000,71885.55000000,71321.87000000,71390.53000000,321.10675000
1773601200000,71390.53000000,71582.83000000,71338.67000000,71549.94000000,251.59972000
1773604800000,71549.94000000,71930.00000000,71433.75000000,71730.81000000,236.54566000
1773608400000,71730.81000000,72222.00000000,71629.99000000,72109.58000000,459.80342000
1773612000000,72109.59000000,73081.77000000,71725.74000000,72749.44000000,1471.44945000
1773615600000,72749.45000000,73199.00000000,72420.44000000,72815.24000000,1393.63061000
1773619200000,72815.25000000,73008.94000000,72452.26000000,72531.26000000,685.43450000
1773622800000,72531.27000000,72852.28000000,72270.41000000,72752.90000000,715.87613000
1773626400000,72752.90000000,72852.28000000,72368.08000000,72514.69000000,487.11967000
1773630000000,72514.69000000,74330.34000000,72436.02000000,73573.32000000,3424.72669000
1773633600000,73573.31000000,74451.03000000,73573.31000000,73835.62000000,1907.76761000
1773637200000,73835.62000000,74258.07000000,73720.00000000,74207.49000000,1421.12171000
1773640800000,74207.49000000,74207.50000000,73610.00000000,73714.36000000,1229.39836000
1773644400000,73714.36000000,73924.83000000,73385.18000000,73456.68000000,958.93738000
1773648000000,73456.69000000,73776.13000000,72888.80000000,73135.00000000,1562.06854000
1773651600000,73135.00000000,73331.88000000,73057.25000000,73260.92000000,531.72090000
1773655200000,73260.92000000,73783.42000000,73202.89000000,73783.42000000,1038.45265000
1773658800000,73783.42000000,73838.76000000,73515.33000000,73552.77000000,680.69185000
1773662400000,73552.78000000,74044.00000000,73465.46000000,73864.80000000,921.55759000
1773666000000,73864.81000000,74509.52000000,73787.00000000,74109.55000000,1593.51066000
1773669600000,74109.56000000,74460.19000000,72990.52000000,73565.54000000,2204.69587000
1773673200000,73565.54000000,74030.00000000,73186.50000000,73274.76000000,1024.65577000
1773676800000,73274.75000000,73901.95000000,73160.66000000,73760.63000000,1016.72181000
1773680400000,73760.63000000,74065.70000000,73648.70000000,73943.18000000,906.04408000
1773684000000,73943.17000000,74356.32000000,73860.00000000,73913.60000000,1086.95746000
1773687600000,73913.60000000,74418.60000000,73781.54000000,73963.00000000,1122.08511000
1773691200000,73963.00000000,74248.95000000,73863.20000000,74236.90000000,424.59345000
1773694800000,74236.90000000,74799.00000000,74150.00000000,74401.36000000,1246.95221000
1773698400000,74401.35000000,74899.99000000,74378.43000000,74772.66000000,1058.73068000
1773702000000,74773.56000000,74909.08000000,74250.21000000,74884.67000000,1159.70951000
1773705600000,74884.67000000,75520.23000000,74614.18000000,75318.48000000,2173.53670000
1773709200000,75318.48000000,76000.00000000,75074.37000000,75623.91000000,1953.08873000
1773712800000,75623.91000000,75677.66000000,75114.67000000,75198.02000000,1068.24779000
1773716400000,75198.02000000,75326.15000000,74268.73000000,74463.98000000,1730.33731000
1773720000000,74463.98000000,74712.89000000,73980.16000000,74252.01000000,2017.11887000
1773723600000,74252.00000000,74459.99000000,73784.00000000,74036.74000000,1250.81696000
1773727200000,74036.74000000,74276.66000000,73877.56000000,74085.45000000,879.74749000
1773730800000,74085.46000000,74457.72000000,74066.40000000,74249.32000000,771.24200000
1773734400000,74249.32000000,74452.97000000,74108.01000000,74188.38000000,461.65295000
1773738000000,74188.38000000,74406.03000000,73841.62000000,73937.16000000,864.16263000
1773741600000,73937.16000000,73960.74000000,73560.98000000,73729.45000000,1049.06910000
1773745200000,73729.45000000,74224.16000000,73682.01000000,74033.11000000,647.95804000
1773748800000,74033.10000000,74170.55000000,73672.25000000,73739.74000000,614.23436000
1773752400000,73739.74000000,74167.39000000,73399.19000000,73615.48000000,1159.88444000
1773756000000,73615.49000000,74425.31000000,73424.79000000,74381.70000000,1362.71508000
1773759600000,74381.69000000,74893.94000000,73669.91000000,73914.39000000,1370.72331000
1773763200000,73914.40000000,74350.00000000,73855.24000000,74155.69000000,747.87279000
1773766800000,74155.68000000,74594.00000000,74006.58000000,74523.75000000,826.10844000
1773770400000,74523.76000000,74769.17000000,74386.11000000,74683.04000000,707.46038000
1773774000000,74683.04000000,74800.00000000,74427.25000000,74512.17000000,768.60522000
1773777600000,74511.21000000,74685.50000000,74359.87000000,74506.75000000,466.76372000
1773781200000,74506.75000000,74799.00000000,74450.01000000,74685.42000000,618.20101000
1773784800000,74685.42000000,74772.14000000,73934.00000000,74307.08000000,488.30847000
1773788400000,74307.08000000,74398.74000000,73871.74000000,73909.36000000,523.41057000
1773792000000,73909.37000000,74063.22000000,73535.36000000,73867.88000000,673.31061000
1773795600000,73867.88000000,74211.43000000,73820.69000000,74072.30000000,537.72886000
1773799200000,74072.30000000,74476.00000000,74051.78000000,74338.93000000,549.53806000
1773802800000,74338.93000000,74672.34000000,74250.27000000,74446.14000000,459.80928000
1773806400000,74446.14000000,74486.30000000,74137.02000000,74175.49000000,472.35206000
1773810000000,74175.48000000,74312.11000000,73830.76000000,73950.00000000,662.80056000
1773813600000,73950.01000000,74225.82000000,73938.10000000,73954.03000000,652.79254000
1773817200000,73954.03000000,73997.04000000,73700.01000000,73883.80000000,504.72370000
1773820800000,73883.80000000,74130.02000000,73863.31000000,74044.89000000,735.50464000
1773824400000,74044.90000000,74281.33000000,74042.85000000,74181.08000000,347.16358000
1773828000000,74181.08000000,74267.77000000,73816.26000000,73946.35000000,478.90858000
1773831600000,73946.35000000,74074.84000000,72800.00000000,72952.85000000,1877.69179000
1773835200000,72952.85000000,72981.79000000,72271.11000000,72361.24000000,1819.95371000
1773838800000,72361.13000000,72556.81000000,71980.00000000,72133.49000000,1607.02731000
1773842400000,72133.48000000,72222.45000000,71100.00000000,71193.23000000,2385.98822000
1773846000000,71193.23000000,71531.54000000,70857.21000000,71467.82000000,2560.23665000
1773849600000,71467.82000000,71565.78000000,71037.34000000,71314.08000000,967.21409000
1773853200000,71314.07000000,71750.00000000,71199.87000000,71595.21000000,1025.99840000
1773856800000,71595.21000000,72000.50000000,70947.78000000,71096.74000000,1475.11719000
1773860400000,71096.75000000,71486.14000000,70933.85000000,71072.38000000,867.91916000
1773864000000,71072.38000000,71333.33000000,70500.00000000,71214.67000000,1180.62213000
1773867600000,71214.67000000,71451.22000000,71167.15000000,71263.67000000,338.26453000
1773871200000,71263.67000000,71269.02000000,70944.56000000,71153.66000000,520.94837000
1773874800000,71153.67000000,71365.40000000,71069.69000000,71246.54000000,691.26691000
1773878400000,71246.55000000,71321.81000000,70976.69000000,71002.17000000,887.95607000
1773882000000,71002.18000000,71182.44000000,70951.93000000,71115.23000000,391.40796000
1773885600000,71115.24000000,71252.83000000,70902.37000000,71055.44000000,554.97617000
1773889200000,71055.44000000,71613.79000000,71053.33000000,71215.39000000,593.60943000
1773892800000,71215.39000000,71215.39000000,70654.86000000,70822.07000000,702.86032000
1773896400000,70822.06000000,70909.88000000,70661.56000000,70826.54000000,416.16191000
1773900000000,70826.55000000,70979.99000000,70505.00000000,70583.22000000,619.85140000
1773903600000,70583.22000000,70600.04000000,69478.51000000,70191.17000000,2753.95570000
1773907200000,70191.16000000,70300.00000000,69900.00000000,69985.19000000,1015.64209000
1773910800000,69985.19000000,70560.91000000,69971.99000000,70513.00000000,1262.65596000
1773914400000,70513.00000000,70538.74000000,70117.00000000,70133.72000000,613.17552000
1773918000000,70133.73000000,70259.37000000,69909.09000000,69952.75000000,542.70053000
1773921600000,69952.75000000,69952.76000000,69105.49000000,69290.27000000,1452.42038000
1773925200000,69290.28000000,70084.35000000,69081.51000000,69905.65000000,1720.19325000
1773928800000,69905.65000000,70179.53000000,69096.16000000,69482.25000000,1636.49639000
1773932400000,69482.24000000,69917.87000000,68793.35000000,69412.51000000,1898.28931000
1773936000000,69412.52000000,69642.35000000,69177.19000000,69455.86000000,858.32753000
1773939600000,69455.86000000,69954.18000000,69122.03000000,69854.16000000,759.67868000
1773943200000,69854.15000000,69931.10000000,69581.55000000,69821.21000000,442.61763000
1773946800000,69821.21000000,70596.42000000,69805.33000000,70271.99000000,1190.55299000
1773950400000,70272.00000000,70676.00000000,70201.00000000,70483.03000000,488.71031000
1773954000000,70483.03000000,70695.60000000,70371.19000000,70413.47000000,418.78383000
1773957600000,70413.46000000,70501.89000000,69954.05000000,70183.99000000,551.74820000
1773961200000,70184.00000000,70282.47000000,69718.23000000,69930.00000000,592.04663000
1773964800000,69930.01000000,70311.12000000,69837.10000000,70181.00000000,871.72419000
1773968400000,70181.00000000,70588.50000000,70181.00000000,70403.79000000,526.82154000
1773972000000,70403.80000000,70516.16000000,70086.86000000,70415.47000000,312.91426000
1773975600000,70415.48000000,70809.43000000,70388.00000000,70729.92000000,711.57589000
1773979200000,70729.93000000,70969.71000000,70557.91000000,70783.69000000,546.53749000
1773982800000,70783.70000000,70867.44000000,70521.73000000,70606.24000000,367.69531000
1773986400000,70606.23000000,70646.93000000,70346.49000000,70502.90000000,758.81391000
1773990000000,70502.91000000,70939.58000000,70160.06000000,70854.66000000,936.89906000
1773993600000,70854.66000000,71367.00000000,70800.00000000,71042.23000000,1011.96314000
1773997200000,71042.23000000,71042.23000000,70419.65000000,70583.80000000,885.49116000
1774000800000,70583.81000000,70670.43000000,70218.68000000,70611.68000000,609.11713000
1774004400000,70611.68000000,70810.81000000,70303.36000000,70478.71000000,605.56445000
1774008000000,70478.71000000,70685.63000000,70251.00000000,70342.63000000,613.27107000
1774011600000,70342.63000000,70613.75000000,69795.70000000,69863.84000000,1225.89394000
1774015200000,69863.85000000,70268.66000000,69589.38000000,69731.21000000,1679.84994000
1774018800000,69731.20000000,70002.68000000,69480.00000000,69860.09000000,1196.90076000
1774022400000,69860.09000000,70100.00000000,69608.54000000,69829.26000000,922.25773000
1774026000000,69829.27000000,70039.78000000,69388.00000000,70000.00000000,998.84797000
1774029600000,69999.99000000,70071.81000000,69525.33000000,69770.00000000,630.47960000
1774033200000,69770.01000000,70190.18000000,69673.76000000,70177.86000000,528.39593000
1774036800000,70177.85000000,70259.28000000,69754.71000000,70057.66000000,435.39665000
1774040400000,70057.66000000,70726.13000000,69946.65000000,70540.73000000,780.46042000
1774044000000,70540.72000000,70923.75000000,70532.00000000,70767.85000000,591.69583000
1774047600000,70767.85000000,70771.13000000,70430.00000000,70510.73000000,372.60008000
1774051200000,70510.73000000,70826.00000000,70467.36000000,70682.19000000,274.67077000
1774054800000,70682.20000000,70758.50000000,70445.36000000,70464.59000000,375.95226000
1774058400000,70464.60000000,70785.90000000,70431.67000000,70737.60000000,316.88084000
1774062000000,70737.60000000,70784.07000000,70632.39000000,70657.35000000,226.82019000
1774065600000,70657.35000000,70819.00000000,70617.05000000,70642.13000000,487.10407000
1774069200000,70642.14000000,70834.46000000,70635.10000000,70697.94000000,941.44912000
1774072800000,70697.94000000,70831.14000000,70693.06000000,70774.65000000,857.26608000
1774076400000,70773.55000000,70879.76000000,70677.44000000,70727.33000000,431.42703000
1774080000000,70727.33000000,70753.79000000,70492.02000000,70594.43000000,956.10118000
1774083600000,70594.42000000,70735.36000000,70570.40000000,70661.59000000,204.69969000
1774087200000,70661.59000000,70695.32000000,70559.69000000,70605.64000000,524.32782000
1774090800000,70605.64000000,70652.73000000,70567.79000000,70652.72000000,360.21459000
1774094400000,70652.73000000,70800.00000000,70652.73000000,70722.61000000,199.41863000
1774098000000,70722.61000000,70812.74000000,70707.12000000,70740.18000000,171.54370000
1774101600000,70740.18000000,71100.94000000,70592.53000000,70629.10000000,873.72717000
1774105200000,70629.09000000,70760.00000000,70453.09000000,70630.02000000,399.45062000
1774108800000,70630.02000000,70652.64000000,70251.00000000,70301.66000000,435.70425000
1774112400000,70301.66000000,70426.18000000,70210.00000000,70304.08000000,444.64800000
1774116000000,70303.45000000,70534.38000000,70290.48000000,70389.19000000,200.58580000
1774119600000,70389.18000000,70448.79000000,70324.70000000,70396.00000000,140.45698000
1774123200000,70396.01000000,70508.11000000,70358.90000000,70462.28000000,697.39549000
1774126800000,70462.27000000,70516.82000000,70268.06000000,70345.57000000,629.83259000
1774130400000,70345.57000000,70384.95000000,70265.55000000,70277.22000000,737.88495000
1774134000000,70277.21000000,70293.82000000,68571.42000000,68918.12000000,2509.60568000
1774137600000,68918.12000000,69155.86000000,68228.50000000,68954.71000000,2161.16442000
1774141200000,68954.70000000,69100.00000000,68762.31000000,68962.40000000,809.55651000
1774144800000,68962.40000000,69411.10000000,68951.21000000,69278.12000000,506.62838000
1774148400000,69278.12000000,69588.79000000,69123.13000000,69339.99000000,671.14040000
1774152000000,69340.00000000,69526.85000000,69215.89000000,69358.00000000,626.75701000
1774155600000,69358.00000000,69358.00000000,69150.00000000,69153.41000000,322.14134000
1774159200000,69153.41000000,69245.79000000,69059.87000000,69164.06000000,378.08519000
1774162800000,69164.06000000,69250.08000000,68892.93000000,68919.38000000,432.94301000
1774166400000,68919.37000000,68990.67000000,68523.96000000,68804.77000000,1053.77702000
1774170000000,68804.77000000,68901.65000000,68587.78000000,68826.20000000,383.82763000
1774173600000,68826.21000000,68847.83000000,68584.27000000,68648.17000000,360.03346000
1774177200000,68648.16000000,68691.03000000,68110.55000000,68217.95000000,784.43160000
1774180800000,68217.94000000,68763.18000000,68199.04000000,68654.83000000,484.24300000
1774184400000,68654.83000000,68957.24000000,68548.32000000,68700.02000000,548.07349000
1774188000000,68700.02000000,68915.27000000,68542.10000000,68711.66000000,385.54476000
1774191600000,68711.66000000,69005.71000000,68700.00000000,68847.96000000,391.17296000
1774195200000,68847.97000000,68885.53000000,68665.62000000,68805.58000000,258.25035000
1774198800000,68805.58000000,68848.32000000,68665.34000000,68673.02000000,252.16281000
1774202400000,68672.85000000,68743.18000000,68344.57000000,68618.58000000,340.01718000
1774206000000,68618.57000000,68626.07000000,68145.01000000,68199.93000000,472.99305000
1774209600000,68199.93000000,68498.40000000,68080.00000000,68176.46000000,319.53245000
1774213200000,68176.47000000,68228.71000000,67360.66000000,67899.97000000,1535.47353000
1774216800000,67899.97000000,68396.94000000,67571.67000000,68339.37000000,856.56100000
1774220400000,68339.38000000,68474.00000000,67839.99000000,67859.00000000,509.27627000
1774224000000,67859.00000000,68161.41000000,67445.18000000,67669.99000000,823.69218000
1774227600000,67670.00000000,68157.31000000,67536.01000000,67905.00000000,628.21786000
1774231200000,67905.00000000,68400.00000000,67801.67000000,68320.72000000,627.90507000
1774234800000,68320.72000000,68585.12000000,68059.88000000,68074.60000000,415.80047000
1774238400000,68074.60000000,68550.00000000,68057.56000000,68541.00000000,486.61149000
1774242000000,68541.00000000,68915.40000000,68541.00000000,68899.92000000,1162.54953000
1774245600000,68899.92000000,68904.42000000,67698.86000000,67874.19000000,1218.88217000
1774249200000,67874.20000000,68464.42000000,67502.48000000,68333.16000000,1946.35809000
1774252800000,68333.16000000,68696.91000000,68328.55000000,68434.26000000,1238.43118000
1774256400000,68434.27000000,68471.11000000,67916.14000000,68334.01000000,382.31585000
1774260000000,68334.01000000,68714.28000000,68299.82000000,68551.02000000,494.85509000
1774263600000,68551.02000000,71499.00000000,68544.15000000,70122.15000000,7050.35572000
1774267200000,70122.15000000,70877.35000000,69671.95000000,70752.15000000,1915.66623000
1774270800000,70752.14000000,71587.98000000,70600.00000000,71481.13000000,1712.52184000
1774274400000,71481.13000000,71817.09000000,71127.14000000,71446.46000000,1663.17727000
1774278000000,71446.46000000,71660.01000000,70103.21000000,70131.48000000,2051.70929000
1774281600000,70131.48000000,70753.43000000,70131.47000000,70561.54000000,1367.86918000
1774285200000,70561.54000000,71119.09000000,70363.63000000,71085.16000000,673.70407000
1774288800000,71085.16000000,71195.21000000,70879.85000000,71076.22000000,593.89042000
1774292400000,71076.22000000,71246.01000000,70649.40000000,70679.05000000,615.85820000
1774296000000,70679.04000000,70983.33000000,70559.03000000,70915.59000000,394.04509000
1774299600000,70915.59000000,70998.00000000,70827.66000000,70851.35000000,222.54858000
1774303200000,70851.36000000,70896.76000000,70520.22000000,70780.22000000,279.98300000
1774306800000,70780.22000000,70998.00000000,70404.39000000,70906.45000000,368.14332000
1774310400000,70906.45000000,71099.96000000,70423.36000000,70679.20000000,735.82970000
1774314000000,70679.20000000,70891.53000000,70278.46000000,70516.57000000,730.30371000
1774317600000,70516.57000000,70698.00000000,70369.46000000,70453.37000000,431.98798000
1774321200000,70453.38000000,70583.36000000,70404.54000000,70542.90000000,380.97532000
1774324800000,70542.90000000,70741.64000000,70247.91000000,70372.44000000,474.91642000
1774328400000,70372.45000000,70374.38000000,70119.06000000,70283.85000000,641.69358000
1774332000000,70283.84000000,70572.83000000,70253.23000000,70541.38000000,850.05748000
1774335600000,70541.39000000,71400.00000000,70488.00000000,71291.70000000,1722.67702000
1774339200000,71291.70000000,71349.10000000,70850.11000000,70964.15000000,725.27631000
1774342800000,70964.16000000,71368.61000000,70851.77000000,71316.97000000,511.50447000
1774346400000,71316.98000000,71328.59000000,71078.09000000,71272.87000000,680.81546000
1774350000000,71272.87000000,71327.26000000,70964.94000000,71157.77000000,560.33228000
1774353600000,71157.77000000,71177.66000000,70860.18000000,70956.48000000,460.81810000
1774357200000,70956.48000000,71059.59000000,69968.02000000,70100.46000000,1729.62355000
1774360800000,70100.46000000,70462.91000000,69507.34000000,69869.93000000,1973.02189000
1774364400000,69869.93000000,70255.37000000,69770.85000000,69873.04000000,1419.67177000
1774368000000,69873.04000000,70001.92000000,69340.08000000,69476.87000000,889.76128000
1774371600000,69476.88000000,69512.73000000,68923.07000000,69238.43000000,1294.24297000
1774375200000,69238.44000000,69746.40000000,69168.64000000,69430.24000000,808.06583000
1774378800000,69430.25000000,69700.00000000,69277.04000000,69377.33000000,547.42601000
1774382400000,69377.33000000,70295.54000000,69296.15000000,70093.19000000,1018.45154000
1774386000000,70093.19000000,70400.00000000,69901.39000000,70332.93000000,686.65263000
1774389600000,70332.93000000,70586.86000000,70140.50000000,70316.96000000,686.91503000
1774393200000,70316.96000000,70832.54000000,70270.00000000,70556.74000000,741.40211000
1774396800000,70556.74000000,71100.28000000,70476.90000000,70840.75000000,784.33083000
1774400400000,70840.75000000,70977.35000000,70629.72000000,70677.18000000,624.19197000
1774404000000,70677.19000000,70781.39000000,70490.77000000,70531.09000000,582.86416000
1774407600000,70531.10000000,70808.37000000,70408.00000000,70716.70000000,513.15296000
1774411200000,70716.70000000,70977.49000000,70703.83000000,70968.64000000,623.46021000
1774414800000,70968.64000000,71345.00000000,70940.00000000,71117.66000000,850.19172000
1774418400000,71117.65000000,71260.00000000,70984.67000000,70991.83000000,934.75878000
1774422000000,70991.82000000,71270.11000000,70891.31000000,70926.88000000,470.72474000
1774425600000,70926.88000000,71503.94000000,70800.00000000,71248.39000000,1150.83138000
1774429200000,71248.40000000,71415.12000000,71101.99000000,71345.91000000,598.42707000
1774432800000,71345.91000000,71641.91000000,71291.69000000,71501.39000000,485.22161000
1774436400000,71501.40000000,72026.09000000,71470.49000000,71678.97000000,1053.03231000
1774440000000,71678.97000000,71955.17000000,71105.43000000,71715.24000000,1032.92186000
1774443600000,71715.24000000,71963.71000000,71515.84000000,71581.42000000,982.27587000
1774447200000,71581.42000000,71699.87000000,71230.51000000,71234.28000000,810.44092000
1774450800000,71234.28000000,71301.37000000,70530.47000000,70832.99000000,1384.84596000
1774454400000,70832.99000000,71752.88000000,70719.26000000,71324.01000000,1283.82328000
1774458000000,71324.01000000,71389.14000000,70720.38000000,70779.00000000,662.98589000
1774461600000,70778.99000000,71149.07000000,70681.07000000,70810.34000000,535.29926000
1774465200000,70810.34000000,71093.37000000,70777.51000000,70883.31000000,513.05944000
1774468800000,70883.32000000,71058.82000000,70646.34000000,71009.50000000,573.58151000
1774472400000,71009.50000000,71175.00000000,70949.30000000,71035.24000000,379.86408000
1774476000000,71035.25000000,71594.11000000,70947.61000000,71369.08000000,505.87572000
1774479600000,71369.07000000,71511.83000000,71189.55000000,71336.53000000,383.33913000
1774483200000,71336.53000000,71436.82000000,71142.38000000,71299.27000000,548.42613000
1774486800000,71299.27000000,71377.04000000,71159.06000000,71252.11000000,522.16838000
1774490400000,71252.11000000,71289.49000000,70672.37000000,70893.01000000,575.89477000
1774494000000,70893.01000000,70968.66000000,70685.69000000,70921.47000000,510.54950000
1774497600000,70921.47000000,70921.47000000,70721.46000000,70772.01000000,433.11432000
1774501200000,70772.01000000,70796.32000000,69942.96000000,70016.98000000,1271.74189000
1774504800000,70016.97000000,70152.63000000,69855.73000000,70097.18000000,1016.19011000
1774508400000,70097.19000000,70167.60000000,69805.00000000,70087.44000000,713.03812000
1774512000000,70087.44000000,70127.69000000,69806.39000000,70024.77000000,510.82818000
1774515600000,70024.78000000,70144.44000000,69409.67000000,69562.41000000,1313.07806000
1774519200000,69562.41000000,69719.96000000,69464.58000000,69517.68000000,694.15594000
1774522800000,69517.68000000,69667.56000000,69192.96000000,69276.01000000,803.66639000
1774526400000,69276.01000000,69461.28000000,69226.34000000,69436.42000000,589.82378000
1774530000000,69436.42000000,69877.45000000,69218.00000000,69646.59000000,1361.59869000
1774533600000,69646.59000000,69837.12000000,69259.25000000,69479.92000000,943.35709000
1774537200000,69479.91000000,69497.73000000,68632.40000000,69082.64000000,1805.07582000
1774540800000,69082.64000000,69142.94000000,68823.21000000,68932.52000000,949.52674000
1774544400000,68932.53000000,69162.00000000,68377.83000000,68486.86000000,1130.52816000
1774548000000,68486.86000000,68603.75000000,68153.00000000,68497.25000000,1402.56662000
1774551600000,68497.25000000,68681.54000000,68358.80000000,68534.36000000,543.97259000
1774555200000,68534.37000000,69478.42000000,68436.74000000,69005.21000000,1707.65634000
1774558800000,69005.21000000,69205.43000000,68879.05000000,68921.10000000,598.68777000
1774562400000,68921.10000000,69028.89000000,68603.24000000,68892.67000000,484.39394000
1774566000000,68892.66000000,68994.16000000,68640.00000000,68820.31000000,390.41835000
1774569600000,68820.31000000,68965.15000000,68531.37000000,68785.01000000,634.46014000
1774573200000,68785.00000000,69066.51000000,68700.00000000,69051.27000000,555.05692000
1774576800000,69051.27000000,69179.05000000,68862.00000000,68903.59000000,948.45642000
1774580400000,68903.58000000,68924.00000000,68668.72000000,68767.51000000,576.98772000
1774584000000,68767.50000000,68791.40000000,68304.14000000,68578.00000000,846.47748000
1774587600000,68577.99000000,68865.88000000,68511.79000000,68630.77000000,773.74806000
1774591200000,68630.76000000,68846.00000000,68567.62000000,68656.15000000,672.08820000
1774594800000,68656.16000000,68955.53000000,68399.18000000,68540.48000000,1641.76445000
1774598400000,68540.49000000,68635.07000000,67609.29000000,67920.50000000,1817.58289000
1774602000000,67920.51000000,67960.32000000,67548.67000000,67695.81000000,812.25094000
1774605600000,67695.81000000,67778.99000000,66326.38000000,66502.41000000,3012.92630000
1774609200000,66502.41000000,66848.05000000,66231.96000000,66702.78000000,1683.20205000
1774612800000,66702.78000000,66773.25000000,66432.19000000,66619.76000000,964.55681000
1774616400000,66619.75000000,66757.30000000,66025.00000000,66188.32000000,2427.72498000
1774620000000,66188.31000000,66404.00000000,65730.17000000,66205.06000000,2475.49917000
1774623600000,66205.07000000,66638.25000000,65958.75000000,66112.82000000,2405.26081000
1774627200000,66112.82000000,66177.99000000,65812.43000000,65979.29000000,1226.73521000
1774630800000,65979.29000000,66290.00000000,65600.00000000,65632.92000000,1002.16119000
1774634400000,65632.93000000,65951.96000000,65548.25000000,65836.69000000,915.82085000
1774638000000,65836.69000000,66145.00000000,65700.00000000,66040.66000000,818.34010000
1774641600000,66040.65000000,66152.51000000,65817.44000000,66020.76000000,511.09525000
1774645200000,66020.77000000,66186.01000000,66013.00000000,66098.00000000,636.71362000
1774648800000,66098.00000000,66098.01000000,65920.00000000,66020.79000000,739.86415000
1774652400000,66020.79000000,66420.75000000,65970.25000000,66407.28000000,504.92186000
1774656000000,66407.28000000,66520.46000000,66293.35000000,66431.55000000,499.89072000
1774659600000,66431.54000000,66431.55000000,66056.09000000,66178.85000000,613.17173000
1774663200000,66178.86000000,66251.67000000,65932.09000000,66053.20000000,490.39923000
1774666800000,66053.20000000,66259.66000000,66053.19000000,66240.00000000,705.96536000
1774670400000,66240.00000000,66304.72000000,66110.00000000,66285.01000000,452.84284000
1774674000000,66285.01000000,66407.96000000,66202.01000000,66341.90000000,675.62625000
1774677600000,66341.90000000,66500.00000000,66308.93000000,66382.00000000,485.97016000
1774681200000,66382.00000000,66573.61000000,66379.80000000,66561.48000000,737.38217000
1774684800000,66561.49000000,66570.09000000,66387.06000000,66409.33000000,708.34892000
1774688400000,66409.34000000,66416.77000000,66243.01000000,66311.32000000,634.09125000
1774692000000,66311.32000000,66411.79000000,66124.40000000,66221.38000000,306.12343000
1774695600000,66221.37000000,66358.00000000,66201.91000000,66319.47000000,223.42305000
1774699200000,66319.46000000,66527.01000000,66240.87000000,66455.09000000,344.10648000
1774702800000,66455.10000000,67163.99000000,66407.65000000,66835.10000000,1040.57902000
1774706400000,66835.10000000,66967.01000000,66666.66000000,66742.10000000,570.49869000
1774710000000,66742.09000000,67288.94000000,66717.15000000,67014.91000000,771.68723000
1774713600000,67014.92000000,67096.77000000,66855.24000000,66926.95000000,342.70522000
1774717200000,66926.94000000,66996.61000000,66704.00000000,66846.21000000,310.89662000
1774720800000,66846.20000000,66963.51000000,66834.87000000,66908.03000000,234.04169000
1774724400000,66908.03000000,66954.00000000,66804.71000000,66916.52000000,202.96743000
1774728000000,66916.52000000,67010.00000000,66906.00000000,66906.00000000,262.72665000
1774731600000,66906.00000000,66926.31000000,66600.01000000,66685.53000000,291.07026000
1774735200000,66685.53000000,66788.88000000,66588.22000000,66755.88000000,224.47432000
1774738800000,66755.88000000,66755.88000000,66283.38000000,66377.03000000,333.40975000
1774742400000,66377.04000000,66500.00000000,66281.40000000,66487.93000000,285.17232000
1774746000000,66487.93000000,66620.00000000,66385.88000000,66569.22000000,295.19169000
1774749600000,66569.22000000,66843.66000000,66540.96000000,66818.00000000,293.83335000
1774753200000,66818.01000000,67130.50000000,66760.48000000,66912.00000000,660.94660000
1774756800000,66912.00000000,66936.60000000,66717.51000000,66735.14000000,168.57240000
1774760400000,66735.14000000,66828.05000000,66597.10000000,66771.94000000,418.44564000
1774764000000,66771.94000000,66872.00000000,66636.00000000,66738.50000000,418.74617000
1774767600000,66738.50000000,66752.61000000,66556.78000000,66671.00000000,346.10727000
1774771200000,66671.00000000,66772.83000000,66600.00000000,66724.00000000,177.06023000
1774774800000,66724.00000000,66773.02000000,66549.54000000,66634.01000000,225.04256000
1774778400000,66634.01000000,66634.02000000,66418.00000000,66502.79000000,345.86500000
1774782000000,66502.80000000,66988.01000000,66502.79000000,66816.28000000,336.66276000
1774785600000,66816.29000000,66870.34000000,66703.07000000,66849.88000000,185.85649000
1774789200000,66849.88000000,66875.24000000,66524.28000000,66580.36000000,359.56390000
1774792800000,66580.36000000,66797.01000000,66461.00000000,66589.64000000,372.89659000
1774796400000,66589.64000000,66730.60000000,66334.37000000,66523.00000000,518.27098000
1774800000000,66523.01000000,66665.05000000,66435.75000000,66499.35000000,232.56305000
1774803600000,66499.36000000,66546.00000000,66158.26000000,66385.84000000,329.15631000
1774807200000,66385.84000000,66540.43000000,66321.66000000,66427.26000000,147.43013000
1774810800000,66427.27000000,66477.81000000,66323.30000000,66348.62000000,285.67371000
1774814400000,66348.61000000,66793.83000000,66348.61000000,66614.05000000,280.05501000
1774818000000,66614.04000000,66756.51000000,66509.41000000,66710.12000000,220.10647000
1774821600000,66710.12000000,66710.12000000,65000.00000000,65860.31000000,2219.11979000
1774825200000,65860.31000000,66382.98000000,65859.91000000,66010.93000000,930.51742000
1774828800000,66010.93000000,67059.66000000,65800.59000000,66280.25000000,1328.87485000
1774832400000,66280.24000000,66834.79000000,66280.24000000,66653.74000000,685.87133000
1774836000000,66653.74000000,67450.00000000,66580.01000000,67121.01000000,1220.60217000
1774839600000,67121.01000000,67319.33000000,66977.62000000,67173.80000000,466.26604000
1774843200000,67173.80000000,67650.01000000,67167.92000000,67616.29000000,809.57231000
1774846800000,67616.28000000,67800.00000000,67442.00000000,67492.46000000,627.15632000
1774850400000,67492.46000000,67585.97000000,67278.53000000,67305.14000000,721.78350000
1774854000000,67305.14000000,67624.39000000,67227.88000000,67624.39000000,584.47106000
1774857600000,67624.39000000,67946.02000000,67604.56000000,67666.44000000,1729.15176000
1774861200000,67666.44000000,67698.62000000,67460.00000000,67495.46000000,607.44273000
1774864800000,67495.46000000,67518.37000000,67360.41000000,67488.53000000,255.63666000
1774868400000,67488.88000000,68042.30000000,67488.88000000,67680.45000000,790.86208000
1774872000000,67680.44000000,67979.93000000,67666.17000000,67899.59000000,627.65449000
1774875600000,67899.59000000,68169.65000000,67428.57000000,67529.52000000,1379.99177000
1774879200000,67529.52000000,67864.49000000,67088.73000000,67799.54000000,1205.57197000
1774882800000,67799.54000000,67896.89000000,67407.63000000,67629.40000000,964.70473000
1774886400000,67629.40000000,67641.65000000,67222.00000000,67368.10000000,660.26793000
1774890000000,67368.10000000,67465.20000000,66650.00000000,66828.02000000,917.71373000
1774893600000,66828.02000000,66929.18000000,66508.25000000,66653.46000000,498.11738000
1774897200000,66653.45000000,66664.57000000,66233.13000000,66550.05000000,597.89786000
1774900800000,66550.06000000,66691.48000000,66523.75000000,66651.40000000,324.61202000
1774904400000,66651.41000000,66994.17000000,66587.32000000,66809.30000000,481.42200000
1774908000000,66809.30000000,66989.10000000,66683.72000000,66784.98000000,169.50316000
1774911600000,66784.97000000,66797.38000000,66419.79000000,66797.37000000,698.24190000
1774915200000,66797.38000000,67303.33000000,66544.51000000,67208.75000000,658.94529000
1774918800000,67208.74000000,68408.37000000,67050.00000000,67938.54000000,1458.05548000
1774922400000,67938.05000000,68096.87000000,67775.18000000,67943.43000000,435.18783000
1774926000000,67943.43000000,68009.99000000,67648.20000000,67704.74000000,387.87365000
1774929600000,67704.74000000,67979.38000000,67405.89000000,67544.01000000,1149.88888000
1774933200000,67544.01000000,67780.34000000,67400.00000000,67681.68000000,653.43122000
1774936800000,67681.69000000,67711.02000000,67333.33000000,67492.85000000,511.27605000
1774940400000,67492.86000000,67524.65000000,67103.32000000,67367.69000000,1579.98188000
1774944000000,67367.70000000,67496.00000000,66688.68000000,66778.33000000,897.84489000
1774947600000,66778.34000000,66924.33000000,65998.05000000,66124.99000000,1512.48446000
1774951200000,66125.00000000,66471.08000000,66100.01000000,66363.38000000,788.27557000
1774954800000,66363.38000000,66922.58000000,66240.14000000,66685.69000000,989.38590000
1774958400000,66685.69000000,66939.90000000,66520.71000000,66653.26000000,539.00678000
1774962000000,66653.27000000,67412.11000000,66653.27000000,67302.29000000,1087.22021000
1774965600000,67302.28000000,67767.87000000,66427.53000000,66587.45000000,1485.37387000
1774969200000,66587.46000000,67283.25000000,66587.46000000,66736.80000000,1025.58837000
1774972800000,66736.79000000,68030.19000000,66729.28000000,67665.83000000,1334.03651000
1774976400000,67665.83000000,68589.49000000,67403.81000000,67526.75000000,2195.81331000
1774980000000,67526.76000000,67947.98000000,67526.30000000,67854.05000000,426.40012000
1774983600000,67854.04000000,68029.41000000,67716.35000000,67838.80000000,435.24470000
1774987200000,67838.79000000,68267.27000000,67831.70000000,68265.53000000,693.06575000
1774990800000,68265.53000000,68410.30000000,67884.00000000,68277.99000000,494.48096000
1774994400000,68278.00000000,68341.16000000,67962.27000000,68172.87000000,755.55219000
1774998000000,68173.59000000,68371.10000000,68090.20000000,68284.48000000,610.99275000
1775001600000,68284.49000000,68343.77000000,67853.30000000,68330.75000000,542.79511000
1775005200000,68330.76000000,68378.64000000,67760.33000000,67782.73000000,966.68117000
1775008800000,67782.74000000,67913.98000000,67578.75000000,67668.89000000,1114.17912000
1775012400000,67668.90000000,68250.00000000,67668.90000000,68170.67000000,551.94514000
1775016000000,68170.67000000,68476.26000000,68005.33000000,68303.83000000,711.87735000
1775019600000,68303.83000000,68755.51000000,68150.00000000,68456.02000000,817.48120000
1775023200000,68456.01000000,69236.78000000,68456.01000000,69102.85000000,1241.29278000
1775026800000,69102.80000000,69310.00000000,68667.02000000,68692.00000000,1537.59500000
1775030400000,68692.00000000,68851.35000000,68389.21000000,68670.16000000,1279.02403000
1775034000000,68670.15000000,68733.78000000,68390.25000000,68644.00000000,480.44871000
1775037600000,68644.01000000,68662.26000000,68407.08000000,68585.55000000,974.80784000
1775041200000,68585.55000000,68736.15000000,68505.91000000,68712.52000000,752.56981000
1775044800000,68712.52000000,68786.00000000,68248.30000000,68393.60000000,1365.22557000
1775048400000,68393.60000000,68681.25000000,67918.83000000,68116.07000000,1032.06992000
1775052000000,68116.06000000,68690.98000000,68059.38000000,68593.55000000,905.17080000
1775055600000,68593.56000000,68965.00000000,68428.94000000,68918.52000000,789.38357000
1775059200000,68918.52000000,68986.66000000,68610.00000000,68816.34000000,705.16345000
1775062800000,68816.35000000,69171.77000000,68247.17000000,68266.62000000,768.87563000
1775066400000,68266.62000000,68330.31000000,67939.28000000,68084.76000000,723.37275000
1775070000000,68084.76000000,68287.39000000,68028.19000000,68176.84000000,412.79717000
1775073600000,68176.84000000,68249.00000000,67964.48000000,68191.09000000,276.10606000
1775077200000,68191.09000000,68534.00000000,68171.56000000,68362.53000000,326.52766000
1775080800000,68362.53000000,68362.53000000,68070.38000000,68122.99000000,270.47066000
1775084400000,68122.99000000,68250.00000000,67996.89000000,68113.92000000,474.32940000
1775088000000,68113.92000000,68653.38000000,68050.00000000,68600.29000000,409.19040000
1775091600000,68600.29000000,68600.29000000,67050.84000000,67359.27000000,1944.08944000
1775095200000,67359.27000000,67359.27000000,66624.64000000,66852.99000000,1169.08434000
1775098800000,66852.99000000,66969.54000000,66500.00000000,66576.25000000,767.73135000
1775102400000,66576.25000000,66655.46000000,66217.07000000,66330.27000000,889.41375000
1775106000000,66330.27000000,66667.92000000,66311.00000000,66591.54000000,966.27870000
1775109600000,66591.54000000,66824.95000000,66548.45000000,66681.49000000,493.29026000
1775113200000,66681.48000000,66961.26000000,66557.33000000,66930.79000000,645.82875000
1775116800000,66930.79000000,66930.79000000,66180.00000000,66439.12000000,781.90752000
1775120400000,66439.12000000,66517.43000000,66294.00000000,66469.60000000,483.38047000
1775124000000,66469.60000000,66511.79000000,66229.55000000,66457.28000000,452.52391000
1775127600000,66457.28000000,66516.06000000,66167.10000000,66220.28000000,1122.63022000
1775131200000,66220.28000000,66248.51000000,65961.66000000,66052.71000000,1024.11018000
1775134800000,66052.71000000,66285.81000000,65712.12000000,66270.87000000,1225.30288000
1775138400000,66270.87000000,67104.86000000,66168.07000000,66868.18000000,1908.17735000
1775142000000,66868.17000000,66994.51000000,66646.36000000,66852.91000000,825.60342000
1775145600000,66852.91000000,67300.00000000,66759.28000000,67095.85000000,920.46412000
1775149200000,67095.85000000,67430.99000000,66666.66000000,66679.16000000,1455.89824000
1775152800000,66679.16000000,67065.35000000,66596.80000000,66981.99000000,929.27922000
1775156400000,66981.99000000,67109.09000000,66878.00000000,66975.99000000,436.15774000
1775160000000,66976.00000000,67100.00000000,66798.00000000,66939.25000000,284.18038000
1775163600000,66939.25000000,67012.09000000,66731.08000000,66935.93000000,272.54969000
1775167200000,66935.94000000,67037.48000000,66825.61000000,66982.48000000,352.22156000
1775170800000,66982.48000000,67096.68000000,66855.50000000,66901.99000000,444.18527000
1775174400000,66901.99000000,67000.00000000,66702.83000000,66785.86000000,388.08477000
1775178000000,66785.87000000,66905.61000000,66483.90000000,66630.00000000,613.91410000
1775181600000,66630.01000000,66750.57000000,66282.00000000,66533.81000000,625.36210000
1775185200000,66533.82000000,66724.17000000,66495.69000000,66579.97000000,581.20992000
1775188800000,66579.98000000,66699.99000000,66500.04000000,66602.66000000,733.15532000
1775192400000,66602.67000000,66808.50000000,66416.68000000,66600.35000000,822.39566000
1775196000000,66600.35000000,66800.00000000,66558.76000000,66796.79000000,434.29670000
1775199600000,66796.80000000,67247.38000000,66758.00000000,67042.08000000,883.37731000
1775203200000,67042.08000000,67288.00000000,66900.56000000,66965.39000000,717.16964000
1775206800000,66965.39000000,67007.93000000,66749.35000000,66859.58000000,291.40037000
1775210400000,66859.58000000,66898.97000000,66674.72000000,66883.08000000,215.33139000
1775214000000,66883.09000000,67057.42000000,66823.18000000,67017.44000000,215.91455000
1775217600000,67017.43000000,67370.42000000,66646.36000000,66722.16000000,808.01051000
1775221200000,66722.16000000,66735.62000000,66508.10000000,66672.00000000,554.93399000
1775224800000,66671.99000000,66990.59000000,66634.00000000,66929.81000000,530.03077000
1775228400000,66929.80000000,67028.37000000,66823.30000000,66827.15000000,465.79672000
1775232000000,66827.15000000,67069.00000000,66827.14000000,67010.46000000,361.06450000
1775235600000,67010.45000000,67067.00000000,66751.86000000,66855.01000000,378.12395000
1775239200000,66855.00000000,66930.00000000,66786.12000000,66812.03000000,187.13591000
1775242800000,66812.04000000,66911.19000000,66774.02000000,66885.74000000,289.39585000
1775246400000,66885.73000000,66919.61000000,66831.97000000,66831.98000000,141.97965000
1775250000000,66831.97000000,66970.18000000,66827.60000000,66964.21000000,378.17654000
1775253600000,66964.21000000,66970.17000000,66842.76000000,66888.76000000,287.42422000
1775257200000,66888.76000000,66964.30000000,66826.13000000,66964.30000000,525.44687000
1775260800000,66964.29000000,66968.28000000,66876.70000000,66893.39000000,159.10280000
1775264400000,66893.40000000,66924.48000000,66827.22000000,66852.00000000,418.46364000
1775268000000,66852.00000000,66919.41000000,66814.00000000,66844.83000000,138.81793000
1775271600000,66844.84000000,66910.22000000,66830.23000000,66832.18000000,86.81929000
1775275200000,66832.18000000,66876.32000000,66775.91000000,66860.73000000,180.50471000
1775278800000,66860.73000000,66936.72000000,66844.14000000,66916.29000000,629.01422000
1775282400000,66916.30000000,67049.94000000,66911.20000000,67013.24000000,254.32193000
1775286000000,67013.25000000,67052.99000000,66943.34000000,67014.96000000,664.43952000
1775289600000,67014.95000000,67057.42000000,66918.00000000,66940.00000000,398.19184000
1775293200000,66940.00000000,66994.52000000,66918.00000000,66988.05000000,295.09328000
1775296800000,66988.06000000,67167.00000000,66918.00000000,67167.00000000,290.85424000
1775300400000,67167.00000000,67232.72000000,67083.43000000,67156.93000000,363.18025000
1775304000000,67156.93000000,67185.00000000,67060.56000000,67097.87000000,140.59027000
1775307600000,67097.87000000,67267.00000000,67082.41000000,67193.44000000,362.06124000
1775311200000,67193.45000000,67223.51000000,67029.07000000,67215.24000000,369.07128000
1775314800000,67215.24000000,67562.93000000,67177.39000000,67383.66000000,635.57272000
1775318400000,67383.66000000,67520.85000000,67331.06000000,67366.68000000,294.26452000
1775322000000,67366.68000000,67416.48000000,67292.00000000,67329.40000000,254.01236000
1775325600000,67329.41000000,67380.98000000,67265.00000000,67295.47000000,120.36154000
1775329200000,67295.47000000,67543.60000000,67275.00000000,67288.42000000,189.77457000
1775332800000,67288.42000000,67295.81000000,67186.62000000,67268.40000000,186.97188000
1775336400000,67268.40000000,67504.54000000,67215.00000000,67359.20000000,238.42540000
1775340000000,67359.21000000,67470.93000000,67341.19000000,67399.92000000,306.33880000
1775343600000,67399.91000000,67399.99000000,67261.32000000,67300.42000000,397.26790000
1775347200000,67300.42000000,67307.28000000,67168.08000000,67225.00000000,431.18676000
1775350800000,67225.00000000,67230.00000000,67080.00000000,67085.00000000,369.56535000
1775354400000,67085.00000000,67174.92000000,66955.72000000,67170.16000000,252.42427000
1775358000000,67170.17000000,67188.09000000,67089.33000000,67145.98000000,163.69484000
1775361600000,67145.98000000,67188.51000000,67073.56000000,67101.65000000,92.89503000
1775365200000,67101.65000000,67154.98000000,66888.00000000,66931.65000000,466.39184000
1775368800000,66931.65000000,66940.00000000,66611.66000000,66802.24000000,728.34135000
1775372400000,66802.24000000,66914.48000000,66715.43000000,66820.64000000,615.79892000
1775376000000,66820.64000000,66940.00000000,66819.42000000,66933.18000000,227.07394000
1775379600000,66933.18000000,67048.64000000,66902.15000000,67035.15000000,293.93169000
1775383200000,67035.15000000,67150.00000000,66968.35000000,67046.01000000,288.35183000
1775386800000,67046.01000000,67087.22000000,66973.67000000,66999.00000000,253.07128000
1775390400000,66998.99000000,66999.00000000,66680.57000000,66783.58000000,607.98096000
1775394000000,66783.59000000,66918.03000000,66693.91000000,66890.70000000,361.31735000
1775397600000,66890.70000000,66963.95000000,66820.54000000,66918.03000000,296.03960000
1775401200000,66918.03000000,67856.16000000,66829.02000000,67306.64000000,1471.07760000
1775404800000,67306.65000000,67410.00000000,67173.40000000,67212.62000000,356.80623000
1775408400000,67212.61000000,67402.00000000,67187.95000000,67373.64000000,168.11139000
1775412000000,67373.64000000,67451.78000000,67281.38000000,67413.78000000,210.99631000
1775415600000,67413.78000000,67560.45000000,67276.67000000,67361.01000000,229.64378000
1775419200000,67361.01000000,67705.74000000,67332.66000000,67658.35000000,338.30366000
1775422800000,67658.35000000,67682.42000000,67408.07000000,67553.43000000,435.91664000
1775426400000,67553.44000000,68374.75000000,67347.05000000,68338.43000000,1201.92322000
1775430000000,68338.43000000,69136.20000000,68266.13000000,69034.18000000,1872.62368000
1775433600000,69034.18000000,69588.00000000,69034.18000000,69083.78000000,1917.91608000
1775437200000,69083.79000000,69139.63000000,68787.13000000,68810.18000000,991.41564000
1775440800000,68810.17000000,69408.39000000,68776.61000000,69207.99000000,951.83494000
1775444400000,69207.99000000,69259.06000000,69056.86000000,69123.69000000,641.74895000
1775448000000,69123.69000000,69217.68000000,68980.36000000,69141.80000000,640.03746000
1775451600000,69141.81000000,69247.00000000,69086.00000000,69199.31000000,664.48642000
1775455200000,69199.31000000,69354.26000000,68806.53000000,68976.67000000,805.10068000
1775458800000,68976.67000000,69215.37000000,68821.07000000,69115.91000000,705.20265000
1775462400000,69115.91000000,69347.85000000,69081.88000000,69224.63000000,514.80546000
1775466000000,69224.63000000,70283.32000000,69214.46000000,69728.00000000,2395.68342000
1775469600000,69728.01000000,69950.00000000,69708.13000000,69770.88000000,634.91449000
1775473200000,69770.88000000,69770.96000000,69565.01000000,69614.91000000,453.63795000
1775476800000,69614.91000000,69635.87000000,69329.23000000,69366.75000000,601.70240000
1775480400000,69366.76000000,69550.00000000,69235.09000000,69428.23000000,656.60844000
1775484000000,69428.23000000,69809.99000000,69163.86000000,69654.38000000,1336.92282000
1775487600000,69654.39000000,69973.25000000,69526.87000000,69968.87000000,814.13173000
1775491200000,69968.87000000,70351.46000000,69782.11000000,69799.14000000,1291.21899000
1775494800000,69799.14000000,69820.00000000,69282.02000000,69574.61000000,914.30002000
1775498400000,69574.62000000,69967.78000000,69479.49000000,69888.97000000,537.79955000
1775502000000,69888.97000000,69899.99000000,69583.33000000,69739.53000000,431.93913000
1775505600000,69739.52000000,69974.08000000,69625.00000000,69826.01000000,372.95882000
1775509200000,69826.00000000,69826.00000000,69423.09000000,69504.99000000,366.00988000
1775512800000,69504.99000000,69581.92000000,68811.00000000,68811.00000000,578.82627000
1775516400000,68811.01000000,68912.97000000,68300.00000000,68853.66000000,1062.40825000
1775520000000,68853.66000000,69128.20000000,68723.81000000,68775.70000000,908.20417000
1775523600000,68775.71000000,68900.63000000,68352.52000000,68400.01000000,682.14287000
1775527200000,68400.01000000,68713.92000000,68273.34000000,68674.00000000,382.32486000
1775530800000,68674.01000000,68800.94000000,68625.59000000,68779.21000000,449.64401000
1775534400000,68779.20000000,68981.83000000,68540.84000000,68854.65000000,480.37449000
1775538000000,68854.65000000,68866.00000000,68613.20000000,68669.00000000,546.70209000
1775541600000,68669.00000000,68669.01000000,68443.00000000,68568.35000000,488.73987000
1775545200000,68568.35000000,68703.72000000,68500.00000000,68624.61000000,307.81904000
1775548800000,68624.60000000,68984.48000000,68603.60000000,68936.71000000,338.93457000
1775552400000,68936.71000000,69247.90000000,68930.04000000,69150.05000000,436.92801000
1775556000000,69150.06000000,69199.87000000,68200.00000000,68237.93000000,899.01254000
1775559600000,68237.93000000,68455.96000000,68071.96000000,68345.75000000,598.71022000
1775563200000,68345.75000000,68599.13000000,68080.00000000,68392.18000000,738.67705000
1775566800000,68392.19000000,68633.87000000,68198.12000000,68231.99000000,822.06110000
1775570400000,68231.99000000,68258.26000000,67763.64000000,67860.48000000,1396.10082000
1775574000000,67860.49000000,68268.60000000,67732.01000000,68168.10000000,1084.45539000
1775577600000,68168.11000000,68454.23000000,68085.01000000,68229.99000000,654.26405000
1775581200000,68230.00000000,69000.00000000,68198.22000000,68705.81000000,1147.70463000
1775584800000,68705.82000000,68773.24000000,68358.10000000,68442.53000000,630.41269000
1775588400000,68442.52000000,69098.44000000,68358.10000000,69011.29000000,1385.03929000
1775592000000,69011.29000000,69535.26000000,69011.29000000,69319.39000000,1097.55478000
1775595600000,69319.39000000,70216.68000000,69311.84000000,69927.64000000,1742.03489000
1775599200000,69927.65000000,71528.00000000,69927.65000000,71514.09000000,2841.66596000
1775602800000,71514.10000000,72761.00000000,71194.90000000,71924.22000000,3690.98922000
1775606400000,71924.22000000,72110.65000000,71541.51000000,71710.19000000,1153.45069000
1775610000000,71710.19000000,71758.60000000,71452.68000000,71476.97000000,621.62060000
1775613600000,71476.98000000,71727.01000000,71240.99000000,71364.94000000,1153.76247000
1775617200000,71364.95000000,71479.97000000,71277.18000000,71287.39000000,441.23135000
1775620800000,71287.39000000,71676.77000000,71287.38000000,71566.18000000,721.11279000
1775624400000,71566.66000000,71831.60000000,71560.00000000,71731.10000000,821.79755000
1775628000000,71731.10000000,71941.42000000,71581.14000000,71732.69000000,811.19618000
1775631600000,71732.70000000,71902.00000000,71573.04000000,71627.59000000,943.84918000
1775635200000,71627.59000000,71831.08000000,71627.59000000,71800.00000000,501.15204000
1775638800000,71799.99000000,71955.00000000,71588.75000000,71678.87000000,419.99950000
1775642400000,71678.87000000,71790.00000000,71457.61000000,71476.98000000,514.21900000
1775646000000,71476.97000000,71739.67000000,71407.77000000,71675.12000000,779.27898000
1775649600000,71675.12000000,72181.81000000,71581.76000000,72071.95000000,1226.00544000
1775653200000,72071.95000000,72857.00000000,71510.00000000,71600.01000000,2821.31683000
1775656800000,71600.00000000,71751.42000000,70707.23000000,70912.88000000,1895.54834000
1775660400000,70912.89000000,71349.05000000,70833.30000000,71310.00000000,873.16856000
1775664000000,71309.99000000,71699.00000000,71250.93000000,71602.10000000,757.94566000
1775667600000,71602.11000000,71963.94000000,71490.55000000,71888.19000000,682.09647000
1775671200000,71888.19000000,71888.20000000,71085.22000000,71099.63000000,703.75724000
1775674800000,71099.63000000,71372.22000000,71019.00000000,71318.48000000,473.49397000
1775678400000,71318.47000000,71481.70000000,71267.91000000,71372.93000000,226.24698000
1775682000000,71372.94000000,71748.00000000,71330.86000000,71551.39000000,367.89907000
1775685600000,71551.40000000,71571.60000000,71064.84000000,71064.84000000,374.67564000
1775689200000,71064.84000000,71204.00000000,70901.89000000,71069.93000000,517.86174000
1775692800000,71069.93000000,71133.71000000,70650.00000000,70815.50000000,677.85142000
1775696400000,70815.50000000,70956.70000000,70466.00000000,70928.89000000,495.03665000
1775700000000,70928.90000000,71198.80000000,70816.36000000,71060.64000000,664.15391000
1775703600000,71060.64000000,71124.05000000,70845.27000000,70992.39000000,808.25356000
1775707200000,70992.37000000,71006.13000000,70734.77000000,70782.00000000,304.15042000
1775710800000,70781.99000000,71087.12000000,70689.38000000,70984.00000000,495.40100000
1775714400000,70983.99000000,71082.71000000,70809.94000000,71031.84000000,538.94746000
1775718000000,71031.83000000,71116.00000000,70955.40000000,70982.01000000,922.88611000
1775721600000,70982.01000000,71380.00000000,70865.42000000,71249.51000000,562.42694000
1775725200000,71249.51000000,71575.00000000,71109.99000000,71534.68000000,512.02010000
1775728800000,71534.69000000,71534.69000000,71276.44000000,71276.45000000,304.66693000
1775732400000,71276.45000000,71350.00000000,71038.50000000,71150.17000000,446.85377000
1775736000000,71150.17000000,71328.79000000,71040.00000000,71279.63000000,382.04593000
1775739600000,71279.63000000,71355.24000000,70629.30000000,70801.98000000,696.59545000
1775743200000,70801.97000000,71250.39000000,70522.77000000,71123.71000000,873.72309000
1775746800000,71123.71000000,72358.00000000,70929.44000000,72141.99000000,2048.75279000
1775750400000,72142.00000000,72399.00000000,71729.66000000,72080.87000000,1429.68310000
1775754000000,72080.86000000,72550.00000000,72062.38000000,72347.49000000,1415.90923000
1775757600000,72348.00000000,72380.70000000,71747.68000000,71888.69000000,560.32535000
1775761200000,71888.69000000,72300.00000000,71750.00000000,72096.32000000,607.89039000
1775764800000,72096.33000000,72458.31000000,71985.95000000,72413.97000000,497.89389000
1775768400000,72413.96000000,72700.00000000,72142.79000000,72264.95000000,771.79321000
1775772000000,72264.96000000,73145.00000000,71945.94000000,71946.01000000,1345.32358000
1775775600000,71946.01000000,72025.53000000,71585.25000000,71787.97000000,795.83731000
1775779200000,71787.98000000,72028.40000000,71573.35000000,71963.03000000,967.97430000
1775782800000,71963.04000000,72387.00000000,71673.48000000,72157.93000000,679.67117000
1775786400000,72157.93000000,72291.04000000,71921.59000000,71965.36000000,515.54191000
1775790000000,71965.36000000,72027.37000000,71813.73000000,71868.67000000,543.68867000
1775793600000,71868.67000000,72212.84000000,71820.47000000,72117.29000000,734.17151000
1775797200000,72117.29000000,72267.89000000,72010.40000000,72127.84000000,408.69549000
1775800800000,72127.84000000,72179.85000000,71792.01000000,71805.38000000,448.00931000
1775804400000,71805.39000000,71837.59000000,71428.00000000,71481.85000000,702.39043000
1775808000000,71481.85000000,71769.41000000,71426.15000000,71606.07000000,624.89096000
1775811600000,71606.08000000,71873.00000000,71583.47000000,71787.41000000,281.02303000
1775815200000,71787.41000000,71928.29000000,71711.60000000,71910.09000000,238.63388000
1775818800000,71910.10000000,72261.93000000,71903.69000000,72127.59000000,421.17579000
1775822400000,72127.59000000,72458.00000000,72007.50000000,72258.68000000,733.42450000
1775826000000,72258.69000000,72409.41000000,71899.51000000,72321.40000000,673.26680000
1775829600000,72321.39000000,73155.58000000,72258.00000000,72909.00000000,2362.61980000
1775833200000,72909.00000000,73289.96000000,72355.87000000,72460.51000000,1324.05053000
1775836800000,72460.52000000,73069.40000000,72387.41000000,72992.33000000,733.09003000
1775840400000,72992.32000000,73146.00000000,72802.96000000,73121.66000000,454.50524000
1775844000000,73121.66000000,73159.81000000,72880.95000000,73107.07000000,597.01721000
1775847600000,73107.07000000,73264.76000000,72900.00000000,73236.11000000,713.54118000
1775851200000,73236.11000000,73434.00000000,73051.97000000,73361.68000000,872.16866000
1775854800000,73361.68000000,73364.47000000,72934.53000000,73190.67000000,654.89865000
1775858400000,73190.68000000,73244.03000000,72700.60000000,72877.00000000,798.34690000
1775862000000,72877.01000000,72967.79000000,72791.96000000,72962.70000000,889.83693000
1775865600000,72962.71000000,72962.71000000,72787.94000000,72828.42000000,801.54149000
1775869200000,72828.42000000,72999.99000000,72670.00000000,72954.39000000,320.30020000
1775872800000,72954.39000000,73094.89000000,72910.93000000,72966.57000000,288.43552000
1775876400000,72966.58000000,73075.34000000,72814.42000000,72866.63000000,227.12944000
1775880000000,72866.62000000,72954.28000000,72681.90000000,72806.08000000,298.14959000
1775883600000,72806.08000000,72836.55000000,72679.08000000,72722.28000000,222.17067000
1775887200000,72722.28000000,72771.32000000,72612.16000000,72762.00000000,590.44339000
1775890800000,72762.01000000,72832.00000000,72672.56000000,72745.38000000,321.42327000
1775894400000,72745.38000000,72799.57000000,72638.44000000,72664.17000000,263.67236000
1775898000000,72664.16000000,72908.00000000,72617.75000000,72907.11000000,306.96352000
1775901600000,72907.12000000,72915.95000000,72760.90000000,72843.71000000,224.83128000
1775905200000,72843.70000000,72912.00000000,72826.37000000,72907.05000000,109.63598000
1775908800000,72907.05000000,72982.40000000,72814.97000000,72940.49000000,180.21756000
1775912400000,72940.50000000,72940.50000000,72513.09000000,72658.07000000,493.97275000
1775916000000,72658.07000000,72770.91000000,72609.27000000,72704.67000000,212.83973000
1775919600000,72704.66000000,72896.03000000,72678.00000000,72858.17000000,246.74388000
1775923200000,72858.18000000,73204.74000000,72812.94000000,73034.33000000,656.04744000
1775926800000,73034.34000000,73169.04000000,72942.06000000,73095.97000000,269.56328000
1775930400000,73095.97000000,73726.13000000,73032.61000000,73547.89000000,856.65701000
1775934000000,73547.90000000,73790.00000000,73472.38000000,73687.15000000,595.03700000
1775937600000,73687.16000000,73689.97000000,73226.28000000,73290.43000000,395.49217000
1775941200000,73290.43000000,73548.08000000,73200.48000000,73427.04000000,366.94025000
1775944800000,73427.04000000,73574.00000000,73234.25000000,73376.01000000,431.15797000
1775948400000,73376.01000000,73376.01000000,72907.40000000,73043.16000000,391.57799000
1775952000000,73043.16000000,73117.32000000,72873.25000000,73079.96000000,390.45862000
1775955600000,73079.96000000,73137.24000000,71310.00000000,71643.69000000,2072.10202000
1775959200000,71643.69000000,71982.46000000,71352.47000000,71761.35000000,839.35622000
1775962800000,71761.35000000,71861.33000000,71593.18000000,71593.19000000,790.20901000
1775966400000,71593.18000000,71685.31000000,71444.68000000,71466.53000000,611.50691000
1775970000000,71466.53000000,71781.00000000,71417.22000000,71710.20000000,667.76838000
1775973600000,71710.19000000,71753.33000000,71633.77000000,71668.01000000,377.10612000
1775977200000,71668.01000000,71747.31000000,71588.57000000,71665.00000000,313.33908000
1775980800000,71664.99000000,71805.85000000,71595.00000000,71629.21000000,922.36362000
1775984400000,71629.21000000,71633.01000000,71488.45000000,71531.94000000,372.12981000
1775988000000,71531.95000000,71682.72000000,71357.76000000,71452.89000000,274.78665000
1775991600000,71452.89000000,71556.12000000,71412.57000000,71468.55000000,211.53603000
1775995200000,71468.54000000,71500.00000000,71077.44000000,71084.01000000,608.12473000
1775998800000,71084.01000000,71146.03000000,70866.82000000,70889.42000000,708.82478000
1776002400000,70889.42000000,71092.78000000,70700.00000000,70748.34000000,541.94034000
1776006000000,70748.34000000,70932.00000000,70604.07000000,70892.03000000,502.43194000
1776009600000,70892.04000000,70959.51000000,70821.05000000,70936.27000000,259.94883000
1776013200000,70936.27000000,71202.00000000,70900.00000000,71140.51000000,322.73260000
1776016800000,71140.51000000,71214.08000000,71056.20000000,71137.64000000,176.22609000
1776020400000,71137.65000000,71222.58000000,71078.76000000,71084.18000000,233.07874000
1776024000000,71084.18000000,71440.00000000,70956.83000000,71335.43000000,622.27061000
1776027600000,71335.43000000,71452.00000000,71163.01000000,71364.02000000,234.93742000
1776031200000,71364.03000000,71367.85000000,70505.88000000,70912.73000000,908.94869000
1776034800000,70912.73000000,70912.73000000,70571.66000000,70740.98000000,510.34077000
1776038400000,70741.56000000,71262.63000000,70615.30000000,71172.62000000,546.73984000
1776042000000,71172.63000000,71227.28000000,71027.26000000,71197.64000000,720.27854000
1776045600000,71197.64000000,71271.78000000,70986.71000000,71073.14000000,270.71272000
1776049200000,71073.14000000,71155.42000000,70917.27000000,70976.00000000,348.91610000
1776052800000,70975.99000000,71144.00000000,70854.29000000,70890.30000000,584.47308000
1776056400000,70890.30000000,70920.00000000,70672.72000000,70878.82000000,533.46945000
1776060000000,70878.82000000,71106.54000000,70878.82000000,71017.66000000,697.01918000
1776063600000,71017.66000000,71067.91000000,70685.25000000,70813.88000000,859.13978000
1776067200000,70813.88000000,70861.01000000,70566.99000000,70680.70000000,334.12518000
1776070800000,70680.70000000,70910.68000000,70678.00000000,70792.88000000,250.58431000
1776074400000,70792.89000000,70846.90000000,70688.28000000,70755.88000000,177.99631000
1776078000000,70755.89000000,70997.12000000,70736.29000000,70929.68000000,260.33899000
1776081600000,70929.68000000,71219.80000000,70758.50000000,71074.91000000,460.12900000
1776085200000,71074.92000000,71700.82000000,70818.57000000,71662.65000000,1544.74455000
1776088800000,71662.65000000,72401.00000000,71375.24000000,72400.15000000,2098.23774000
1776092400000,72400.15000000,72464.28000000,71652.65000000,71866.59000000,1342.33780000
1776096000000,71866.59000000,72437.25000000,71679.80000000,72202.36000000,1514.19404000
1776099600000,72202.37000000,72600.00000000,72069.01000000,72148.87000000,1653.64723000
1776103200000,72148.87000000,72460.42000000,72053.78000000,72424.86000000,965.95939000
1776106800000,72424.86000000,73480.00000000,72298.93000000,73322.82000000,2632.95065000
1776110400000,73322.00000000,73394.37000000,73007.08000000,73149.36000000,1081.57049000
1776114000000,73149.36000000,73368.08000000,73072.85000000,73179.71000000,387.90227000
1776117600000,73179.71000000,74746.61000000,73172.01000000,74627.04000000,3298.60756000
1776121200000,74627.04000000,74900.00000000,74405.64000000,74417.99000000,1666.14205000
1776124800000,74418.00000000,74517.31000000,74102.39000000,74163.82000000,1276.45858000
1776128400000,74163.82000000,74431.00000000,73954.86000000,74386.02000000,1065.16310000
1776132000000,74386.03000000,74579.32000000,74283.20000000,74330.98000000,598.05117000
1776135600000,74330.99000000,74496.90000000,74252.35000000,74444.43000000,646.36946000
1776139200000,74444.44000000,74504.52000000,74351.55000000,74387.85000000,484.30563000
1776142800000,74387.85000000,74434.41000000,74150.60000000,74210.11000000,838.40961000
1776146400000,74210.12000000,74550.00000000,74210.12000000,74522.73000000,614.57152000
1776150000000,74522.72000000,74924.64000000,74430.92000000,74546.00000000,1456.55359000
1776153600000,74545.99000000,74910.00000000,74460.64000000,74750.00000000,938.29896000
1776157200000,74750.00000000,74830.93000000,74435.12000000,74500.00000000,565.86470000
1776160800000,74500.00000000,74617.92000000,74333.46000000,74350.01000000,540.18312000
1776164400000,74350.01000000,74450.63000000,74307.35000000,74376.52000000,653.35819000
1776168000000,74376.52000000,74485.06000000,74277.19000000,74452.00000000,513.51818000
1776171600000,74452.00000000,75532.94000000,74407.74000000,75525.94000000,3246.78739000
1776175200000,75525.94000000,76038.00000000,75013.61000000,75013.62000000,4357.56106000
1776178800000,75013.61000000,75441.99000000,74564.34000000,75317.07000000,1661.60412000
1776182400000,75317.06000000,75688.00000000,74527.02000000,74652.20000000,1265.45725000
1776186000000,74652.20000000,74948.78000000,74244.63000000,74748.90000000,985.97900000
1776189600000,74748.89000000,74814.99000000,73795.47000000,74093.19000000,1613.97962000
1776193200000,74093.18000000,74398.43000000,73882.79000000,74223.18000000,1054.69346000
1776196800000,74223.30000000,74434.33000000,74015.53000000,74102.29000000,434.25271000
1776200400000,74102.28000000,74320.44000000,73951.64000000,74277.15000000,381.06364000
1776204000000,74277.16000000,74373.19000000,73806.09000000,74023.15000000,638.74603000
1776207600000,74023.16000000,74232.83000000,74001.08000000,74131.55000000,701.71447000
1776211200000,74131.55000000,74677.19000000,74126.32000000,74568.36000000,874.99865000
1776214800000,74568.37000000,74786.72000000,74500.00000000,74613.28000000,443.16738000
1776218400000,74613.28000000,74697.47000000,74188.00000000,74322.00000000,506.95652000
1776222000000,74322.01000000,74372.84000000,74173.75000000,74345.97000000,317.62112000
1776225600000,74345.98000000,74434.51000000,74261.47000000,74340.38000000,660.47305000
1776229200000,74340.38000000,74434.00000000,73864.01000000,74021.50000000,542.04465000
1776232800000,74021.50000000,74048.95000000,73855.49000000,73891.62000000,419.09008000
1776236400000,73891.62000000,74016.67000000,73514.00000000,73730.43000000,1451.80452000
1776240000000,73730.43000000,74181.90000000,73675.96000000,74110.51000000,532.83471000
1776243600000,74110.52000000,74176.49000000,73909.49000000,74011.69000000,363.21790000
1776247200000,74011.70000000,74250.00000000,73789.50000000,73864.75000000,548.88747000
1776250800000,73864.76000000,74256.44000000,73864.76000000,74201.78000000,444.73290000
1776254400000,74201.78000000,74466.10000000,74051.64000000,74273.77000000,567.44529000
1776258000000,74273.77000000,74434.51000000,73817.23000000,74063.92000000,676.35905000
1776261600000,74063.91000000,74506.84000000,73830.00000000,74151.81000000,757.76569000
1776265200000,74151.81000000,74299.07000000,73580.85000000,73844.08000000,743.29132000
1776268800000,73844.07000000,74176.00000000,73762.89000000,73941.09000000,547.84936000
1776272400000,73941.09000000,74242.00000000,73915.48000000,74134.95000000,593.44252000
1776276000000,74134.95000000,74399.75000000,74073.61000000,74390.29000000,407.09098000
1776279600000,74390.29000000,75281.00000000,74355.46000000,75002.60000000,1179.99077000
1776283200000,75002.60000000,75039.92000000,74512.06000000,74841.68000000,570.09892000
1776286800000,74841.67000000,74855.16000000,74540.23000000,74743.10000000,310.66035000
1776290400000,74743.10000000,75425.00000000,74740.02000000,74964.00000000,653.95001000
1776294000000,74964.01000000,74964.01000000,74620.95000000,74809.99000000,311.26846000
1776297600000,74809.99000000,74874.93000000,74451.49000000,74815.10000000,636.94865000
1776301200000,74815.09000000,74815.09000000,74454.09000000,74657.66000000,240.65148000
1776304800000,74657.67000000,75267.85000000,74601.27000000,74887.24000000,589.65615000
1776308400000,74887.23000000,75159.26000000,74865.50000000,74888.21000000,470.71966000
1776312000000,74888.21000000,75174.38000000,74728.00000000,74944.15000000,513.51186000
1776315600000,74944.15000000,75139.82000000,74900.00000000,75043.48000000,359.01217000
1776319200000,75043.47000000,75115.12000000,74853.72000000,75045.01000000,604.84284000
1776322800000,75045.01000000,75082.78000000,74636.00000000,74707.03000000,708.06090000
1776326400000,74707.02000000,74744.35000000,74500.00000000,74677.91000000,669.86210000
1776330000000,74677.91000000,74901.50000000,74594.01000000,74594.02000000,316.26697000
1776333600000,74594.02000000,74653.12000000,74277.34000000,74313.00000000,526.53069000
1776337200000,74312.99000000,74663.27000000,74285.00000000,74574.79000000,1174.61360000
1776340800000,74574.80000000,74872.00000000,74574.79000000,74624.00000000,529.55969000
1776344400000,74624.01000000,75030.39000000,73309.85000000,73788.03000000,1828.93731000
1776348000000,73788.03000000,74197.32000000,73426.94000000,73973.33000000,1331.31817000
1776351600000,73973.33000000,74878.99000000,73934.44000000,74697.19000000,1520.20876000
1776355200000,74697.20000000,74932.00000000,74063.00000000,74175.57000000,762.35705000
1776358800000,74175.58000000,74438.31000000,73912.23000000,74343.25000000,751.19450000
1776362400000,74343.25000000,75089.00000000,74240.00000000,75026.71000000,780.63438000
1776366000000,75026.71000000,75410.71000000,74717.97000000,75342.99000000,1203.37407000
1776369600000,75343.00000000,75534.76000000,75001.00000000,75223.47000000,661.71844000
1776373200000,75223.48000000,75286.51000000,74789.50000000,74934.24000000,451.58433000
1776376800000,74934.24000000,75117.00000000,74833.14000000,74867.92000000,232.35004000
1776380400000,74867.92000000,75177.76000000,74840.92000000,75154.29000000,224.77396000
1776384000000,75154.28000000,75154.77000000,74886.82000000,74944.98000000,796.37355000
1776387600000,74944.99000000,75034.49000000,74569.99000000,74750.00000000,407.29847000
1776391200000,74750.00000000,74802.98000000,74529.40000000,74700.00000000,235.53372000
1776394800000,74700.00000000,74839.31000000,74606.12000000,74615.82000000,721.66261000
1776398400000,74615.82000000,74871.11000000,74589.88000000,74791.39000000,213.95430000
1776402000000,74791.39000000,74801.13000000,74555.12000000,74637.77000000,241.61979000
1776405600000,74637.77000000,74950.00000000,74604.62000000,74938.52000000,276.57366000
1776409200000,74938.53000000,75089.51000000,74930.00000000,75074.77000000,607.34373000
1776412800000,75074.76000000,75881.95000000,74993.24000000,75780.38000000,1494.62708000
1776416400000,75780.38000000,76370.25000000,75518.78000000,75779.99000000,2004.70646000
1776420000000,75779.99000000,75886.01000000,75095.93000000,75278.77000000,1050.31882000
1776423600000,75278.77000000,75609.77000000,75246.65000000,75589.70000000,429.61331000
1776427200000,75589.70000000,76265.82000000,75531.97000000,76233.05000000,1128.91448000
1776430800000,76233.06000000,77417.61000000,76061.57000000,77340.12000000,5123.01639000
1776434400000,77340.11000000,78052.49000000,77015.39000000,77886.77000000,3617.10048000
1776438000000,77886.77000000,77999.00000000,77444.44000000,77785.02000000,1975.14451000
1776441600000,77785.03000000,78333.00000000,77705.20000000,77857.14000000,1402.18359000
1776445200000,77857.15000000,77917.77000000,77101.49000000,77520.59000000,1173.45635000
1776448800000,77520.59000000,77565.63000000,77088.23000000,77159.89000000,637.39265000
1776452400000,77159.88000000,77473.44000000,77000.00000000,77393.58000000,652.45495000
1776456000000,77393.58000000,77611.68000000,77160.12000000,77337.64000000,357.23206000
1776459600000,77337.64000000,77494.69000000,77278.72000000,77445.73000000,307.76412000
1776463200000,77445.74000000,77510.00000000,77274.56000000,77301.25000000,474.88113000
1776466800000,77301.25000000,77302.00000000,76911.00000000,77072.00000000,612.20073000
1776470400000,77072.01000000,77258.55000000,76978.17000000,77168.00000000,324.03843000
1776474000000,77168.22000000,77330.00000000,77115.77000000,77218.07000000,266.42990000
1776477600000,77218.06000000,77420.08000000,77124.63000000,77292.52000000,268.04149000
1776481200000,77292.53000000,77296.95000000,76962.67000000,77005.47000000,268.91717000
1776484800000,77005.47000000,77162.08000000,76884.10000000,77100.74000000,370.07883000
1776488400000,77100.73000000,77278.58000000,77100.73000000,77134.66000000,312.05483000
1776492000000,77134.66000000,77217.00000000,77058.40000000,77136.01000000,168.72376000
1776495600000,77136.01000000,77136.01000000,76890.00000000,76997.80000000,276.05173000
1776499200000,76997.79000000,77048.00000000,76501.00000000,76738.63000000,773.24357000
1776502800000,76738.62000000,76738.63000000,76409.37000000,76599.89000000,462.93265000
1776506400000,76599.89000000,76599.90000000,76132.32000000,76189.56000000,624.93038000
1776510000000,76189.55000000,76189.56000000,75763.76000000,76039.05000000,809.07399000
1776513600000,76039.06000000,76300.00000000,76039.05000000,76206.97000000,492.57948000
1776517200000,76206.98000000,76212.70000000,75797.53000000,76122.87000000,456.87331000
1776520800000,76122.88000000,76288.40000000,75959.68000000,76249.99000000,461.97289000
1776524400000,76250.00000000,76363.75000000,76003.97000000,76167.34000000,261.12334000
1776528000000,76167.33000000,76211.57000000,75691.03000000,75943.35000000,522.36094000
1776531600000,75943.34000000,75958.23000000,75778.69000000,75828.51000000,256.05723000
1776535200000,75828.51000000,75844.66000000,75445.16000000,75651.78000000,591.47146000
1776538800000,75651.78000000,75796.32000000,75574.22000000,75649.85000000,194.31870000
1776542400000,75649.86000000,75834.30000000,75608.44000000,75754.78000000,484.97143000
1776546000000,75754.77000000,75839.10000000,75599.64000000,75821.34000000,197.94348000
1776549600000,75821.35000000,75873.10000000,75608.89000000,75813.53000000,155.69572000
1776553200000,75813.53000000,75891.64000000,75685.69000000,75691.76000000,141.95985000
1776556800000,75691.76000000,75847.42000000,75551.73000000,75693.01000000,297.06433000
1776560400000,75693.00000000,75798.47000000,75457.11000000,75621.95000000,321.53516000
1776564000000,75621.96000000,75722.21000000,75407.84000000,75496.00000000,212.48934000
1776567600000,75496.01000000,75637.44000000,75357.00000000,75515.77000000,175.28804000
1776571200000,75515.76000000,75782.63000000,75424.40000000,75664.62000000,294.60425000
1776574800000,75664.62000000,75687.04000000,75516.39000000,75545.60000000,174.63786000
1776578400000,75545.60000000,75545.60000000,75280.92000000,75400.09000000,385.31594000
1776582000000,75400.09000000,75400.09000000,74867.72000000,75252.34000000,771.61495000
1776585600000,75252.33000000,75299.99000000,75071.58000000,75257.60000000,333.58261000
1776589200000,75257.59000000,75265.00000000,74921.74000000,75015.00000000,313.21615000
1776592800000,75015.00000000,75243.02000000,74933.87000000,75222.45000000,323.18472000
1776596400000,75222.46000000,75641.99000000,75216.96000000,75604.11000000,418.71675000
1776600000000,75604.11000000,75700.00000000,75432.07000000,75571.60000000,439.48255000
1776603600000,75571.61000000,76240.66000000,75552.44000000,75921.75000000,760.39543000
1776607200000,75921.75000000,76147.01000000,75674.55000000,76024.01000000,621.24056000
1776610800000,76024.02000000,76155.30000000,75401.44000000,75846.63000000,1097.76631000
1776614400000,75846.63000000,75853.26000000,75311.11000000,75382.86000000,403.71917000
1776618000000,75382.87000000,75382.87000000,74638.31000000,74791.26000000,795.68148000
1776621600000,74791.27000000,74908.62000000,74608.00000000,74770.11000000,531.16281000
1776625200000,74770.11000000,75071.61000000,74770.11000000,74965.47000000,306.83274000
1776628800000,74965.46000000,74965.47000000,74427.53000000,74630.00000000,452.71123000
1776632400000,74630.01000000,74810.00000000,74368.60000000,74425.15000000,383.54881000
1776636000000,74425.16000000,74425.16000000,73762.90000000,74047.34000000,1140.38980000
1776639600000,74047.34000000,74054.22000000,73790.00000000,73801.79000000,415.64133000
1776643200000,73801.80000000,74360.43000000,73724.31000000,74280.01000000,787.93368000
1776646800000,74280.01000000,74746.93000000,74214.67000000,74595.13000000,689.61016000
1776650400000,74595.12000000,74627.99000000,74304.84000000,74410.01000000,739.68976000
1776654000000,74410.01000000,74640.65000000,74359.04000000,74634.00000000,281.20310000
1776657600000,74634.01000000,74637.43000000,74435.19000000,74567.64000000,333.76794000
1776661200000,74567.63000000,74567.63000000,74095.18000000,74264.15000000,529.73957000
1776664800000,74264.16000000,74894.11000000,74250.00000000,74786.59000000,441.30070000
1776668400000,74786.59000000,75572.00000000,74670.86000000,74837.17000000,1175.74482000
1776672000000,74837.18000000,74998.83000000,74619.41000000,74728.91000000,538.52852000
1776675600000,74728.92000000,75233.00000000,74706.87000000,75062.77000000,502.56404000
1776679200000,75062.77000000,75404.63000000,75003.63000000,75027.26000000,321.32100000
1776682800000,75027.26000000,75287.88000000,74957.51000000,75192.71000000,284.12016000
1776686400000,75192.72000000,75650.00000000,75043.86000000,75289.90000000,698.85484000
1776690000000,75289.91000000,75434.41000000,74859.11000000,75269.38000000,774.09093000
1776693600000,75269.37000000,75766.74000000,74921.42000000,75034.79000000,1047.20928000
1776697200000,75034.79000000,75772.72000000,74702.00000000,75716.77000000,1196.95260000
1776700800000,75716.78000000,75723.99000000,75299.26000000,75338.74000000,630.71705000
1776704400000,75338.75000000,75991.47000000,75289.92000000,75898.14000000,642.61045000
1776708000000,75898.14000000,76453.19000000,75898.14000000,76423.69000000,1544.76303000
1776711600000,76423.69000000,76486.67000000,76154.49000000,76296.96000000,1368.12243000
1776715200000,76296.97000000,76558.62000000,76113.07000000,76276.17000000,1418.85750000
1776718800000,76276.18000000,76357.20000000,75784.05000000,75954.71000000,523.28232000
1776722400000,75954.72000000,76143.71000000,75904.39000000,75974.24000000,220.64170000
1776726000000,75974.24000000,75974.24000000,75617.60000000,75840.97000000,301.78476000
1776729600000,75840.97000000,76099.19000000,75700.00000000,76092.45000000,428.95831000
1776733200000,76092.46000000,76263.40000000,75866.01000000,75927.59000000,391.13593000
1776736800000,75927.58000000,75932.70000000,75580.00000000,75581.33000000,536.09341000
1776740400000,75581.33000000,75721.12000000,75474.77000000,75710.30000000,256.25150000
1776744000000,75710.31000000,75823.49000000,75600.00000000,75813.81000000,259.64273000
1776747600000,75813.80000000,75981.10000000,75782.75000000,75802.00000000,321.53858000
1776751200000,75802.00000000,76129.95000000,75703.85000000,75974.11000000,408.87339000
1776754800000,75974.12000000,76300.00000000,75814.26000000,76084.34000000,1236.72448000
1776758400000,76084.34000000,76927.57000000,76063.98000000,76507.21000000,915.23783000
1776762000000,76507.21000000,76587.82000000,76155.00000000,76362.77000000,582.67237000
1776765600000,76362.78000000,76866.55000000,76349.59000000,76746.41000000,536.34243000
1776769200000,76746.41000000,76750.68000000,76342.00000000,76452.94000000,624.94284000
1776772800000,76452.94000000,76528.11000000,75709.03000000,76009.46000000,1039.78515000
1776776400000,76009.46000000,76179.75000000,75736.33000000,75899.98000000,686.08493000
1776780000000,75899.98000000,76595.30000000,75625.28000000,75675.05000000,949.21411000
1776783600000,75675.04000000,75979.78000000,75430.62000000,75834.65000000,923.86151000
1776787200000,75834.66000000,76190.72000000,75760.00000000,75781.18000000,496.33064000
1776790800000,75781.19000000,75912.98000000,75052.64000000,75545.62000000,995.08460000
1776794400000,75545.62000000,75668.24000000,75310.88000000,75610.21000000,456.47055000
1776798000000,75610.21000000,75919.50000000,74821.57000000,75023.43000000,954.26760000
1776801600000,75023.43000000,75859.56000000,74967.58000000,75698.51000000,797.25703000
1776805200000,75698.51000000,75777.38000000,75431.62000000,75549.99000000,249.37655000
1776808800000,75549.99000000,75650.04000000,75302.01000000,75650.04000000,389.29388000
1776812400000,75650.03000000,76425.37000000,75622.00000000,76336.15000000,477.13097000
1776816000000,76336.14000000,76500.00000000,76220.40000000,76370.45000000,496.92701000
1776819600000,76370.46000000,76416.24000000,76132.95000000,76297.99000000,351.48706000
1776823200000,76297.99000000,77645.35000000,76223.90000000,77604.71000000,1622.85639000
1776826800000,77604.70000000,77733.11000000,77397.88000000,77521.48000000,956.65280000
1776830400000,77521.47000000,77700.00000000,77364.25000000,77523.00000000,547.15780000
1776834000000,77523.01000000,78452.18000000,77450.00000000,77994.93000000,2386.48879000
1776837600000,77994.92000000,78042.84000000,77900.00000000,78010.72000000,576.88586000
1776841200000,78010.73000000,78111.00000000,77825.00000000,78012.79000000,880.52640000
1776844800000,78012.78000000,78219.41000000,77941.59000000,78010.92000000,987.44812000
1776848400000,78010.92000000,78184.70000000,77956.76000000,78001.95000000,415.39605000
1776852000000,78001.96000000,78180.00000000,77951.17000000,78157.41000000,352.72131000
1776855600000,78157.41000000,78399.00000000,78102.00000000,78300.00000000,560.88264000
1776859200000,78300.00000000,78508.18000000,78114.04000000,78236.05000000,952.94008000
1776862800000,78236.05000000,78850.00000000,78162.64000000,78840.94000000,1253.18724000
1776866400000,78840.94000000,79174.68000000,78577.86000000,79045.75000000,1847.69509000
1776870000000,79045.75000000,79400.00000000,78837.66000000,79272.90000000,1412.00400000
1776873600000,79272.91000000,79472.82000000,78632.37000000,78743.59000000,1010.97362000
1776877200000,78743.60000000,79034.73000000,78705.71000000,78900.00000000,502.31388000
1776880800000,78900.01000000,79163.66000000,78828.76000000,79022.39000000,322.94022000
1776884400000,79022.40000000,79067.60000000,78706.81000000,78846.62000000,557.30668000
1776888000000,78846.62000000,78915.84000000,78410.00000000,78436.68000000,436.66543000
1776891600000,78436.69000000,78821.86000000,78425.00000000,78762.69000000,299.34545000
1776895200000,78762.68000000,78824.00000000,78456.15000000,78607.95000000,294.64140000
1776898800000,78607.95000000,78607.95000000,78155.83000000,78178.23000000,712.06893000
1776902400000,78178.22000000,78574.44000000,77582.17000000,78424.29000000,1778.58027000
1776906000000,78424.30000000,78472.95000000,78057.50000000,78359.23000000,586.86850000
1776909600000,78359.71000000,78359.72000000,77761.20000000,77939.92000000,508.32327000
1776913200000,77939.91000000,78025.99000000,77453.43000000,77746.46000000,609.20360000
1776916800000,77746.47000000,77949.09000000,77675.80000000,77920.09000000,305.04990000
1776920400000,77920.09000000,78110.01000000,77750.00000000,78033.87000000,680.89298000
1776924000000,78034.00000000,78339.35000000,78034.00000000,78211.43000000,433.12959000
1776927600000,78211.43000000,78248.39000000,77981.88000000,78048.62000000,292.35484000
1776931200000,78048.61000000,78175.52000000,77714.86000000,77858.35000000,1135.26875000
1776934800000,77858.34000000,77860.80000000,77440.85000000,77655.34000000,772.05261000
1776938400000,77655.35000000,77709.16000000,77174.01000000,77403.63000000,1129.48909000
1776942000000,77403.63000000,77757.31000000,77365.57000000,77704.62000000,525.42671000
1776945600000,77704.61000000,77870.54000000,77491.18000000,77870.53000000,636.21566000
1776949200000,77870.54000000,77904.37000000,77379.92000000,77532.23000000,592.70115000
1776952800000,77532.23000000,78201.53000000,77414.00000000,78180.77000000,926.52082000
1776956400000,78180.78000000,78662.50000000,77983.25000000,78376.76000000,1008.45262000
1776960000000,78376.77000000,78509.82000000,78030.00000000,78103.72000000,661.93618000
1776963600000,78103.72000000,78184.85000000,76960.00000000,77769.21000000,1724.53866000
1776967200000,77769.20000000,78146.75000000,77678.65000000,77678.65000000,731.06838000
1776970800000,77678.65000000,77886.88000000,77592.92000000,77727.26000000,830.20485000
1776974400000,77727.25000000,78050.00000000,77637.50000000,77886.97000000,391.74493000
1776978000000,77886.97000000,78070.00000000,77800.00000000,77864.83000000,211.37751000
1776981600000,77864.84000000,78331.00000000,77864.83000000,78235.30000000,271.33020000
1776985200000,78235.29000000,78298.01000000,78030.00000000,78257.48000000,228.06394000
1776988800000,78257.48000000,78490.83000000,78172.01000000,78417.22000000,451.37457000
1776992400000,78417.22000000,78450.00000000,77952.16000000,78429.73000000,533.84795000
1776996000000,78429.73000000,78581.93000000,78067.17000000,78125.65000000,425.56297000
1776999600000,78125.65000000,78178.40000000,77555.00000000,77737.85000000,639.95986000
1777003200000,77737.84000000,77854.57000000,77482.49000000,77670.00000000,605.14416000
1777006800000,77670.01000000,78057.65000000,77457.00000000,77953.48000000,423.67180000
1777010400000,77953.48000000,77979.54000000,77761.20000000,77789.75000000,280.75336000
1777014000000,77789.75000000,77855.67000000,77543.52000000,77644.60000000,696.90666000
1777017600000,77644.59000000,78000.00000000,77550.73000000,77785.71000000,731.67499000
1777021200000,77785.70000000,77804.23000000,77402.01000000,77527.69000000,621.09775000
1777024800000,77527.70000000,77784.00000000,77444.95000000,77752.36000000,379.99202000
1777028400000,77752.37000000,78372.58000000,77752.37000000,78240.26000000,1186.36064000
1777032000000,78240.27000000,78345.15000000,78016.51000000,78275.66000000,579.40035000
1777035600000,78275.65000000,78479.37000000,77913.27000000,78093.79000000,852.96848000
1777039200000,78093.80000000,78093.80000000,77681.74000000,78037.64000000,755.72516000
1777042800000,78037.65000000,78233.18000000,77577.22000000,78038.62000000,662.02033000
1777046400000,78038.63000000,78060.29000000,77586.86000000,77777.28000000,525.06319000
1777050000000,77776.76000000,77829.17000000,77489.60000000,77681.71000000,537.36482000
1777053600000,77681.72000000,77717.08000000,77363.63000000,77618.24000000,321.31558000
1777057200000,77618.25000000,77748.66000000,77532.46000000,77628.85000000,250.57895000
1777060800000,77628.84000000,77757.14000000,77458.00000000,77718.31000000,376.29595000
1777064400000,77718.31000000,77756.15000000,77536.48000000,77536.48000000,322.69633000
1777068000000,77536.49000000,77616.78000000,77264.08000000,77328.91000000,278.27896000
1777071600000,77328.92000000,77456.87000000,77328.92000000,77437.13000000,237.08832000
1777075200000,77437.13000000,77502.99000000,77309.92000000,77456.88000000,429.63681000
1777078800000,77456.88000000,77620.52000000,77440.80000000,77541.63000000,200.07888000
1777082400000,77541.63000000,77644.04000000,77504.43000000,77607.80000000,171.07030000
1777086000000,77607.80000000,77711.87000000,77550.27000000,77679.07000000,142.22205000
1777089600000,77679.08000000,77691.23000000,77596.37000000,77619.05000000,275.21191000
1777093200000,77619.05000000,77619.05000000,77485.51000000,77510.28000000,174.55862000
1777096800000,77510.27000000,77582.28000000,77489.35000000,77503.63000000,269.54814000
1777100400000,77503.63000000,77566.26000000,77450.00000000,77501.19000000,174.69907000
1777104000000,77501.19000000,77654.41000000,77491.36000000,77643.37000000,116.50084000
1777107600000,77643.38000000,77779.65000000,77587.10000000,77714.55000000,144.65626000
1777111200000,77714.56000000,77885.35000000,77714.55000000,77787.77000000,306.44644000
1777114800000,77787.76000000,77787.77000000,77607.03000000,77682.30000000,185.59351000
1777118400000,77682.29000000,77717.95000000,77550.61000000,77557.14000000,161.82067000
1777122000000,77557.14000000,77710.91000000,77557.14000000,77691.69000000,161.65796000
1777125600000,77691.70000000,77752.54000000,77638.00000000,77656.75000000,202.75966000
1777129200000,77656.74000000,77722.70000000,77299.89000000,77330.26000000,480.35839000
1777132800000,77330.25000000,77454.31000000,77140.23000000,77397.27000000,471.60364000
1777136400000,77397.27000000,77407.03000000,77210.96000000,77245.77000000,151.09691000
1777140000000,77245.78000000,77389.01000000,77216.29000000,77313.00000000,331.13304000
1777143600000,77313.00000000,77343.81000000,77193.79000000,77330.01000000,293.84127000
1777147200000,77330.00000000,77481.70000000,77311.05000000,77479.13000000,85.63447000
1777150800000,77479.14000000,77530.00000000,77415.20000000,77525.84000000,150.55151000
1777154400000,77525.83000000,77634.77000000,77498.81000000,77557.01000000,242.12513000
1777158000000,77557.01000000,77650.00000000,77530.00000000,77625.00000000,362.30872000
1777161600000,77625.00000000,77642.43000000,77445.94000000,77502.40000000,307.91239000
1777165200000,77502.39000000,77572.81000000,77451.16000000,77461.16000000,130.56583000
1777168800000,77461.16000000,77590.97000000,77452.07000000,77512.67000000,85.92459000
1777172400000,77512.67000000,77541.96000000,77326.51000000,77400.21000000,146.77411000
1777176000000,77400.21000000,77814.43000000,77383.46000000,77774.29000000,227.07196000
1777179600000,77774.29000000,78200.00000000,77719.77000000,77983.31000000,797.06637000
1777183200000,77983.31000000,78045.00000000,77899.45000000,77999.04000000,206.01822000
1777186800000,77999.04000000,78121.45000000,77968.36000000,78102.53000000,175.61130000
1777190400000,78102.53000000,78210.00000000,78019.65000000,78032.59000000,265.96473000
1777194000000,78032.59000000,78058.45000000,77926.59000000,77999.99000000,168.80014000
1777197600000,78000.00000000,78050.19000000,77954.00000000,78002.43000000,153.34740000
1777201200000,78002.43000000,78149.99000000,78002.42000000,78101.44000000,133.58626000
1777204800000,78101.43000000,78101.50000000,77770.00000000,77833.08000000,296.93614000
1777208400000,77833.08000000,77996.69000000,77797.13000000,77977.79000000,254.46962000
1777212000000,77977.79000000,78173.15000000,77871.85000000,78095.66000000,401.66239000
1777215600000,78095.65000000,78121.92000000,77988.89000000,78049.00000000,177.47420000
1777219200000,78049.00000000,78086.47000000,77919.42000000,77919.43000000,198.96678000
1777222800000,77919.43000000,78050.00000000,77850.00000000,78018.57000000,373.25532000
1777226400000,78018.57000000,78346.89000000,77988.11000000,78283.96000000,421.27794000
1777230000000,78283.97000000,78500.00000000,78013.76000000,78221.16000000,511.56000000
1777233600000,78221.17000000,78377.77000000,78158.04000000,78194.22000000,172.13709000
1777237200000,78194.21000000,78961.00000000,77843.75000000,78417.41000000,977.34524000
1777240800000,78417.41000000,78850.30000000,77953.26000000,78313.52000000,710.63176000
1777244400000,78313.52000000,78901.63000000,78041.05000000,78657.55000000,669.20184000
1777248000000,78657.55000000,79392.40000000,78400.03000000,79308.60000000,1271.22649000
1777251600000,79309.00000000,79485.66000000,78730.71000000,79283.66000000,993.09217000
1777255200000,79283.65000000,79304.00000000,79030.91000000,79130.01000000,381.22923000
1777258800000,79130.01000000,79316.50000000,79077.81000000,79105.49000000,397.44839000
1777262400000,79105.50000000,79160.00000000,78872.42000000,78924.22000000,417.67922000
1777266000000,78924.21000000,78938.00000000,77562.63000000,77785.54000000,1805.78745000
1777269600000,77785.55000000,77871.90000000,77465.05000000,77700.12000000,641.73182000
1777273200000,77700.12000000,77734.79000000,77562.08000000,77606.60000000,743.19766000
1777276800000,77606.59000000,77816.18000000,77553.23000000,77804.34000000,465.54163000
1777280400000,77804.34000000,77980.00000000,77700.00000000,77900.01000000,578.50773000
1777284000000,77900.01000000,77935.66000000,77792.46000000,77850.01000000,311.10764000
1777287600000,77850.01000000,77885.46000000,77740.39000000,77844.26000000,252.77882000
1777291200000,77844.25000000,77867.33000000,77620.00000000,77667.36000000,415.46743000
1777294800000,77667.36000000,77966.80000000,77571.79000000,77746.74000000,762.71670000
1777298400000,77746.74000000,78265.34000000,77680.00000000,77815.25000000,744.42829000
1777302000000,77815.26000000,77827.17000000,76564.33000000,76793.09000000,1882.17067000
1777305600000,76793.10000000,76868.01000000,76546.00000000,76618.59000000,809.46498000
1777309200000,76618.59000000,76990.43000000,76618.59000000,76743.24000000,874.80558000
1777312800000,76743.23000000,76890.99000000,76668.52000000,76834.06000000,361.97331000
1777316400000,76834.05000000,76894.70000000,76459.64000000,76878.07000000,598.68003000
1777320000000,76878.23000000,77067.80000000,76844.16000000,76960.43000000,310.80766000
1777323600000,76960.43000000,76981.53000000,76786.80000000,76786.81000000,223.94467000
1777327200000,76786.81000000,77082.78000000,76763.71000000,77066.42000000,364.86359000
1777330800000,77066.42000000,77450.00000000,77018.56000000,77371.32000000,438.27302000
1777334400000,77371.32000000,77478.00000000,77210.92000000,77379.62000000,327.26244000
1777338000000,77379.62000000,77394.10000000,77038.10000000,77084.68000000,404.77602000
1777341600000,77084.69000000,77227.03000000,76672.56000000,76890.93000000,437.75480000
1777345200000,76890.92000000,76890.92000000,76672.00000000,76815.18000000,278.47081000
1777348800000,76815.18000000,76950.00000000,76701.35000000,76888.08000000,274.86374000
1777352400000,76888.08000000,77154.00000000,76811.01000000,76885.98000000,510.80129000
1777356000000,76885.97000000,77027.91000000,76588.00000000,76720.00000000,465.05641000
1777359600000,76720.01000000,76922.22000000,76424.90000000,76879.28000000,1631.99051000
1777363200000,76879.28000000,77013.63000000,76741.12000000,76858.59000000,1043.07562000
1777366800000,76858.59000000,76863.54000000,76495.91000000,76598.00000000,361.69239000
1777370400000,76597.99000000,76692.19000000,76484.70000000,76618.35000000,418.24563000
1777374000000,76618.35000000,76649.86000000,76130.10000000,76229.00000000,1019.71842000
1777377600000,76228.99000000,76421.94000000,76168.84000000,76372.05000000,652.01316000
1777381200000,76372.04000000,76411.72000000,75924.98000000,76189.84000000,1288.52500000
1777384800000,76189.85000000,76199.99000000,75666.60000000,75949.99000000,1264.27580000
1777388400000,75950.00000000,76085.42000000,75836.88000000,76066.38000000,571.95819000
1777392000000,76066.37000000,76218.06000000,75881.28000000,76125.04000000,447.54534000
1777395600000,76125.04000000,76262.63000000,75959.05000000,76187.30000000,337.12149000
1777399200000,76187.30000000,76280.91000000,76137.86000000,76242.18000000,337.48355000
1777402800000,76242.17000000,76380.83000000,76066.35000000,76330.97000000,259.65416000
1777406400000,76330.97000000,76480.00000000,76323.71000000,76463.95000000,259.71578000
1777410000000,76463.95000000,76481.30000000,76267.61000000,76357.15000000,281.17357000
1777413600000,76357.15000000,76446.26000000,76218.00000000,76242.17000000,157.60986000
1777417200000,76242.17000000,76370.00000000,76197.02000000,76342.77000000,179.93985000
1777420800000,76342.78000000,76557.97000000,76276.00000000,76512.00000000,636.88517000
1777424400000,76511.99000000,76668.02000000,76187.75000000,76571.00000000,371.48818000
1777428000000,76571.00000000,76666.82000000,76402.72000000,76531.29000000,315.29662000
1777431600000,76531.29000000,77127.62000000,76519.94000000,76994.78000000,568.25927000
1777435200000,76994.77000000,77455.71000000,76880.00000000,77269.76000000,655.24397000
1777438800000,77269.76000000,77329.31000000,77198.07000000,77288.38000000,412.95649000
1777442400000,77288.39000000,77337.57000000,76907.07000000,77031.06000000,974.38933000
1777446000000,77031.07000000,77182.91000000,77031.06000000,77053.64000000,931.98531000
1777449600000,77053.65000000,77148.79000000,76972.32000000,77046.32000000,539.09721000
1777453200000,77046.31000000,77800.00000000,76972.32000000,77642.00000000,835.54071000
1777456800000,77642.00000000,77904.93000000,77559.19000000,77619.61000000,790.81622000
1777460400000,77619.62000000,77694.61000000,77485.81000000,77590.03000000,531.75140000
1777464000000,77590.04000000,77596.39000000,76850.00000000,77143.68000000,1776.35149000
1777467600000,77143.68000000,77240.00000000,76425.62000000,76783.43000000,1000.69490000
1777471200000,76783.42000000,76927.69000000,76489.99000000,76570.00000000,1353.72071000
1777474800000,76570.00000000,76634.61000000,75705.32000000,75924.25000000,1132.75734000
1777478400000,75924.24000000,76125.47000000,75696.13000000,75803.54000000,1021.10079000
1777482000000,75803.55000000,76184.01000000,75803.55000000,76184.01000000,549.93434000
1777485600000,76184.00000000,76274.80000000,74937.52000000,75513.91000000,1926.88309000
1777489200000,75513.92000000,75591.83000000,75302.31000000,75563.86000000,464.57540000
1777492800000,75563.87000000,75857.32000000,75497.43000000,75676.79000000,575.31173000
1777496400000,75676.79000000,76088.90000000,75607.70000000,75933.93000000,363.06477000
1777500000000,75933.94000000,76004.14000000,75818.14000000,75927.38000000,272.33397000
1777503600000,75927.38000000,75990.06000000,75692.33000000,75780.00000000,279.49181000
1777507200000,75780.00000000,76344.61000000,75656.03000000,76248.74000000,562.71461000
1777510800000,76248.76000000,76473.26000000,76178.73000000,76232.80000000,331.53653000
1777514400000,76232.81000000,76351.04000000,75494.70000000,75704.74000000,537.06765000
1777518000000,75704.74000000,75994.26000000,75659.85000000,75928.10000000,182.12647000
1777521600000,75928.09000000,75963.92000000,75414.57000000,75497.00000000,426.96926000
1777525200000,75497.01000000,75750.00000000,75323.65000000,75600.09000000,491.70915000
1777528800000,75600.09000000,75867.90000000,75569.99000000,75753.53000000,372.15072000
1777532400000,75753.54000000,76179.91000000,75718.50000000,76161.67000000,516.75183000
1777536000000,76161.67000000,76208.92000000,76019.57000000,76058.17000000,350.94571000
1777539600000,76058.17000000,76339.38000000,76012.60000000,76097.19000000,445.01057000
1777543200000,76097.19000000,76163.52000000,75974.93000000,76028.66000000,365.18719000
1777546800000,76028.66000000,76244.36000000,75876.29000000,76059.43000000,550.88667000
1777550400000,76059.42000000,76511.22000000,76042.75000000,76308.48000000,1520.57994000
1777554000000,76308.48000000,76669.14000000,76116.20000000,76420.44000000,927.16622000
1777557600000,76420.45000000,76597.51000000,76093.81000000,76301.24000000,683.75312000
1777561200000,76301.25000000,76653.60000000,76163.16000000,76473.60000000,374.70038000
1777564800000,76473.60000000,76484.60000000,76228.27000000,76261.03000000,165.45041000
1777568400000,76261.04000000,76328.71000000,76111.00000000,76250.01000000,273.82279000
1777572000000,76250.00000000,76468.84000000,76204.40000000,76350.00000000,184.15567000
1777575600000,76350.00000000,76514.80000000,76308.33000000,76412.80000000,307.53776000
1777579200000,76412.80000000,76568.90000000,76318.31000000,76492.46000000,287.06721000
1777582800000,76492.45000000,76535.42000000,76240.78000000,76241.78000000,183.08169000
1777586400000,76241.77000000,76449.16000000,76206.02000000,76237.06000000,158.56535000
1777590000000,76237.07000000,76380.20000000,76217.96000000,76346.57000000,182.87917000
1777593600000,76346.58000000,76591.00000000,76320.42000000,76458.05000000,502.88844000
1777597200000,76458.06000000,76776.21000000,76449.50000000,76686.13000000,486.84554000
1777600800000,76686.12000000,76744.60000000,76533.74000000,76592.54000000,204.45438000
1777604400000,76592.54000000,77453.74000000,76555.06000000,77131.08000000,1056.19913000
1777608000000,77131.08000000,77206.38000000,76653.60000000,77042.44000000,995.75921000
1777611600000,77042.44000000,77184.96000000,77033.91000000,77165.98000000,283.75111000
1777615200000,77165.99000000,77179.53000000,76882.00000000,76993.48000000,439.15205000
1777618800000,76993.49000000,77140.36000000,76957.04000000,77130.54000000,633.73250000
1777622400000,77130.54000000,77500.00000000,77048.00000000,77377.47000000,697.73561000
1777626000000,77377.48000000,77391.99000000,77200.15000000,77268.55000000,355.16559000
1777629600000,77268.56000000,77433.72000000,77146.48000000,77304.34000000,330.99244000
1777633200000,77303.80000000,77600.00000000,77263.66000000,77463.98000000,584.37960000
1777636800000,77463.98000000,78170.20000000,77408.73000000,77896.01000000,1392.97654000
1777640400000,77896.01000000,78914.12000000,77896.00000000,78737.25000000,2354.33999000
1777644000000,78737.26000000,78871.80000000,78051.86000000,78358.75000000,1970.70152000
1777647600000,78358.74000000,78735.92000000,78176.06000000,78445.89000000,1013.17746000
1777651200000,78445.88000000,78683.23000000,78167.53000000,78214.36000000,704.68666000
1777654800000,78214.36000000,78584.61000000,78131.02000000,78552.94000000,489.31938000
1777658400000,78552.93000000,78623.37000000,78375.53000000,78423.90000000,487.76487000
1777662000000,78423.91000000,78540.00000000,78313.16000000,78360.00000000,512.65483000
1777665600000,78360.01000000,78422.81000000,77752.00000000,77880.18000000,827.52759000
1777669200000,77880.18000000,78200.00000000,77857.97000000,78199.99000000,485.72824000
1777672800000,78200.00000000,78411.13000000,78144.70000000,78153.38000000,331.97786000
1777676400000,78153.37000000,78249.60000000,78043.28000000,78231.13000000,173.55448000
1777680000000,78231.13000000,78393.39000000,78166.48000000,78341.75000000,211.29374000
1777683600000,78341.75000000,78441.31000000,78294.19000000,78355.00000000,400.98852000
1777687200000,78355.00000000,78513.70000000,78260.95000000,78353.93000000,283.69022000
1777690800000,78353.93000000,78514.82000000,78237.25000000,78400.00000000,300.16391000
1777694400000,78399.99000000,78448.99000000,78123.53000000,78175.50000000,411.85061000
1777698000000,78175.50000000,78235.25000000,78040.00000000,78174.00000000,526.60294000
1777701600000,78174.00000000,78363.21000000,78148.24000000,78327.80000000,366.56450000
1777705200000,78327.80000000,78342.18000000,78207.20000000,78220.00000000,170.02066000
1777708800000,78220.00000000,78356.51000000,78165.30000000,78315.37000000,204.83037000
1777712400000,78315.36000000,78394.00000000,78220.00000000,78293.57000000,257.64077000
1777716000000,78293.57000000,78311.97000000,78225.22000000,78249.30000000,136.41815000
1777719600000,78249.31000000,78249.31000000,78094.43000000,78143.08000000,269.24301000
1777723200000,78143.09000000,78262.37000000,78108.41000000,78211.24000000,182.77682000
1777726800000,78211.24000000,78423.85000000,78211.24000000,78367.06000000,227.00487000
1777730400000,78367.06000000,78484.42000000,78309.84000000,78423.98000000,190.15931000
1777734000000,78423.98000000,78487.68000000,78365.96000000,78487.67000000,126.14054000
1777737600000,78487.67000000,78596.61000000,78430.07000000,78455.02000000,194.42514000
1777741200000,78455.02000000,78485.53000000,78368.24000000,78398.02000000,213.39843000
1777744800000,78398.03000000,78493.31000000,78310.54000000,78466.62000000,118.15969000
1777748400000,78466.63000000,78521.68000000,78440.11000000,78486.00000000,182.05466000
1777752000000,78486.23000000,78491.26000000,78418.32000000,78451.38000000,61.92886000
1777755600000,78451.37000000,79199.48000000,78439.51000000,78719.78000000,734.53837000
1777759200000,78719.78000000,78872.39000000,78610.46000000,78832.98000000,266.49012000
1777762800000,78832.98000000,78832.98000000,78631.90000000,78686.85000000,114.49221000
1777766400000,78686.84000000,78754.55000000,78490.61000000,78542.32000000,233.96416000
1777770000000,78542.33000000,78542.33000000,78152.25000000,78240.83000000,391.01401000
1777773600000,78240.84000000,78309.09000000,78108.75000000,78171.85000000,222.42918000
1777777200000,78171.86000000,78217.59000000,78109.94000000,78203.08000000,200.35590000
1777780800000,78203.07000000,78236.45000000,78120.00000000,78163.19000000,89.71363000
1777784400000,78163.19000000,78260.75000000,78163.17000000,78249.42000000,98.09285000
1777788000000,78249.41000000,78337.26000000,78084.08000000,78288.30000000,306.94233000
1777791600000,78288.30000000,78483.67000000,78288.29000000,78363.25000000,299.42086000
1777795200000,78363.24000000,78505.92000000,78363.24000000,78387.86000000,102.01693000
1777798800000,78387.87000000,78604.67000000,78354.53000000,78529.57000000,293.13210000
1777802400000,78529.57000000,78534.40000000,78406.97000000,78408.01000000,140.79481000
1777806000000,78408.01000000,78849.22000000,78380.00000000,78656.01000000,412.83130000
1777809600000,78656.01000000,78878.77000000,78656.00000000,78747.09000000,294.28187000
1777813200000,78747.09000000,78769.63000000,78586.99000000,78670.01000000,196.40341000
1777816800000,78670.01000000,78786.57000000,78608.70000000,78741.00000000,409.96615000
1777820400000,78741.00000000,78815.19000000,78633.40000000,78668.36000000,237.20487000
1777824000000,78668.36000000,78784.56000000,78600.00000000,78654.00000000,167.53902000
1777827600000,78654.01000000,78822.83000000,78558.65000000,78725.76000000,357.92550000
1777831200000,78725.76000000,78763.57000000,78631.61000000,78739.67000000,138.18974000
1777834800000,78739.68000000,78853.32000000,78676.67000000,78760.32000000,252.60944000
1777838400000,78760.32000000,79268.00000000,78732.04000000,78915.99000000,645.79790000
1777842000000,78915.99000000,79056.59000000,78650.00000000,78831.59000000,357.48617000
1777845600000,78831.60000000,79447.00000000,78831.60000000,79177.29000000,934.95879000
1777849200000,79177.29000000,79287.82000000,78484.42000000,78568.57000000,642.72198000
1777852800000,78568.58000000,78572.57000000,78288.88000000,78547.14000000,434.86007000
1777856400000,78547.15000000,79848.84000000,78412.49000000,79769.43000000,1366.42153000
1777860000000,79769.43000000,80420.90000000,79540.05000000,80173.30000000,2278.14954000
1777863600000,80173.30000000,80458.00000000,79926.90000000,80316.31000000,1012.18218000
1777867200000,80316.30000000,80635.51000000,80233.04000000,80332.06000000,1362.02834000
1777870800000,80332.06000000,80395.96000000,79956.25000000,80027.26000000,746.81318000
1777874400000,80027.26000000,80048.64000000,79500.00000000,79877.90000000,1103.73906000
1777878000000,79877.91000000,79946.33000000,79672.00000000,79696.75000000,419.83178000
1777881600000,79696.75000000,79800.00000000,79602.32000000,79708.30000000,435.36516000
1777885200000,79708.30000000,79930.00000000,79647.87000000,79838.48000000,473.40316000
1777888800000,79838.49000000,79880.00000000,78202.00000000,78940.26000000,4380.72428000
1777892400000,78940.27000000,79124.83000000,78708.87000000,78793.67000000,699.54546000
1777896000000,78793.67000000,79020.00000000,78718.55000000,78857.18000000,426.01688000
1777899600000,78857.18000000,79124.83000000,78581.74000000,78790.00000000,725.07004000
1777903200000,78790.01000000,80545.17000000,78500.00000000,80216.16000000,2308.42012000
1777906800000,80216.15000000,80367.93000000,79320.28000000,80028.85000000,2458.63305000
1777910400000,80028.85000000,80395.68000000,79619.33000000,80025.03000000,1492.78417000
1777914000000,80025.03000000,80776.99000000,80021.50000000,80390.81000000,1080.11249000
1777917600000,80390.80000000,80439.18000000,80035.32000000,80114.91000000,663.99913000
1777921200000,80114.91000000,80138.00000000,79900.00000000,80053.31000000,505.59924000
1777924800000,80053.31000000,80154.12000000,79901.00000000,79936.70000000,459.51864000
1777928400000,79936.70000000,80383.15000000,79936.70000000,80259.17000000,343.30642000
1777932000000,80259.18000000,80397.19000000,80042.84000000,80067.23000000,272.35375000
1777935600000,80067.22000000,80067.22000000,79744.91000000,79861.01000000,594.08368000
1777939200000,79861.01000000,80183.33000000,79808.72000000,80170.66000000,425.73287000
1777942800000,80170.66000000,80385.06000000,80080.76000000,80352.00000000,530.02962000
1777946400000,80351.99000000,80900.00000000,80300.00000000,80554.68000000,768.44478000
1777950000000,80554.69000000,81083.98000000,80457.93000000,80893.08000000,677.93372000
1777953600000,80893.08000000,80982.59000000,80725.00000000,80902.44000000,528.94138000
1777957200000,80902.44000000,81323.52000000,80830.06000000,80970.00000000,1011.38606000
1777960800000,80969.99000000,81016.42000000,80800.00000000,80976.00000000,389.83367000
1777964400000,80976.00000000,81136.59000000,80826.00000000,80855.59000000,1044.43230000
1777968000000,80855.59000000,80895.50000000,80723.20000000,80815.24000000,474.45790000
1777971600000,80815.24000000,80815.24000000,80527.76000000,80586.02000000,865.34761000
1777975200000,80586.02000000,80831.87000000,80530.82000000,80823.61000000,521.10422000
1777978800000,80823.61000000,81095.48000000,80780.00000000,81014.05000000,623.66253000
1777982400000,81014.05000000,81329.61000000,80932.54000000,81279.41000000,607.82057000
1777986000000,81279.40000000,81712.32000000,81196.00000000,81330.00000000,1771.41690000
1777989600000,81330.00000000,81500.00000000,80939.87000000,81336.59000000,1282.91373000
1777993200000,81336.59000000,81689.20000000,81235.00000000,81525.19000000,899.04049000
1777996800000,81525.19000000,81615.33000000,81050.04000000,81285.75000000,707.45267000
1778000400000,81285.75000000,81458.26000000,81185.02000000,81270.60000000,280.80669000
1778004000000,81270.61000000,81599.00000000,81270.61000000,81515.00000000,427.56223000
1778007600000,81515.00000000,81680.00000000,81407.58000000,81606.35000000,364.63717000
1778011200000,81606.35000000,81770.00000000,81510.13000000,81646.38000000,724.67261000
1778014800000,81646.39000000,81791.48000000,81305.27000000,81407.11000000,618.58873000
1778018400000,81407.11000000,81600.00000000,80817.72000000,81111.27000000,921.88572000
1778022000000,81111.27000000,81222.03000000,80790.00000000,80905.52000000,479.07578000
1778025600000,80905.53000000,81262.28000000,80731.14000000,81030.01000000,876.19915000
1778029200000,81030.00000000,81534.23000000,80996.00000000,81439.34000000,803.82574000
1778032800000,81439.34000000,81449.04000000,81047.01000000,81363.54000000,621.19491000
1778036400000,81363.54000000,81760.84000000,81358.17000000,81581.69000000,710.52364000
1778040000000,81581.70000000,81649.99000000,81270.00000000,81331.10000000,575.64130000
1778043600000,81331.10000000,81360.30000000,81060.00000000,81333.00000000,592.18650000
1778047200000,81333.00000000,81516.90000000,81211.34000000,81476.71000000,524.13540000
1778050800000,81476.71000000,81611.00000000,81307.81000000,81359.82000000,608.74333000
1778054400000,81359.82000000,81986.00000000,81328.68000000,81945.66000000,1353.41416000
1778058000000,81945.66000000,82060.00000000,81682.70000000,81997.00000000,1096.73350000
1778061600000,81997.00000000,82390.00000000,81953.25000000,82290.04000000,1302.85091000
1778065200000,82290.03000000,82850.00000000,82261.60000000,82522.89000000,1435.93329000
1778068800000,82522.88000000,82539.33000000,82164.61000000,82220.47000000,820.92810000
1778072400000,82220.47000000,82220.47000000,81600.00000000,81670.89000000,1247.90169000
1778076000000,81670.90000000,81980.72000000,81136.00000000,81526.73000000,1615.07708000
1778079600000,81526.74000000,81823.00000000,81316.28000000,81704.25000000,824.75333000
1778083200000,81704.25000000,81907.51000000,81431.16000000,81630.94000000,983.55485000
1778086800000,81630.94000000,81709.32000000,81394.00000000,81452.63000000,417.39237000
1778090400000,81452.63000000,81559.17000000,81271.06000000,81353.14000000,451.84587000
1778094000000,81353.15000000,81522.41000000,81200.00000000,81464.87000000,517.12437000
1778097600000,81464.86000000,81700.00000000,81302.35000000,81427.52000000,436.46876000
1778101200000,81427.52000000,81618.77000000,81294.64000000,81539.16000000,310.38464000
1778104800000,81539.16000000,81540.91000000,81240.00000000,81342.39000000,229.58883000
1778108400000,81342.39000000,81447.30000000,81000.00000000,81447.01000000,442.37224000
1778112000000,81447.01000000,81490.03000000,80980.00000000,81016.96000000,407.52958000
1778115600000,81016.96000000,81284.67000000,80830.23000000,81167.80000000,565.39571000
1778119200000,81167.79000000,81180.74000000,80883.54000000,81113.34000000,749.95215000
1778122800000,81113.35000000,81113.35000000,80834.61000000,80834.91000000,345.29566000
1778126400000,80834.92000000,80989.59000000,80725.09000000,80979.19000000,387.82747000
1778130000000,80979.19000000,81172.27000000,80974.06000000,81088.00000000,355.34634000
1778133600000,81088.00000000,81443.21000000,80874.41000000,81438.61000000,613.68575000
1778137200000,81438.62000000,81708.32000000,81390.30000000,81518.58000000,681.98013000
1778140800000,81518.57000000,81590.00000000,81194.74000000,81231.24000000,647.38206000
1778144400000,81231.25000000,81231.25000000,80852.33000000,80929.00000000,659.04219000
1778148000000,80929.00000000,80997.00000000,80572.40000000,80850.75000000,690.56353000
1778151600000,80850.76000000,81041.15000000,80786.50000000,80866.65000000,367.10915000
1778155200000,80866.65000000,81180.00000000,80846.87000000,81162.01000000,429.19223000
1778158800000,81162.00000000,81162.01000000,80260.98000000,80503.68000000,1211.56578000
1778162400000,80503.69000000,80685.70000000,80046.00000000,80171.38000000,1538.09475000
1778166000000,80171.37000000,80271.42000000,79699.52000000,79890.63000000,1647.81030000
1778169600000,79890.00000000,80020.00000000,79646.79000000,79801.08000000,1424.92395000
1778173200000,79801.08000000,80135.17000000,79500.00000000,80094.52000000,919.74045000
1778176800000,80094.52000000,80269.06000000,80004.40000000,80200.59000000,527.27769000
1778180400000,80200.60000000,80224.00000000,79934.30000000,80146.11000000,443.20216000
1778184000000,80146.77000000,80371.23000000,79859.51000000,79879.99000000,400.51449000
1778187600000,79880.00000000,79934.92000000,79660.00000000,79735.01000000,401.75461000
1778191200000,79735.00000000,79990.00000000,79582.95000000,79919.01000000,495.14556000
1778194800000,79919.00000000,80068.03000000,79871.98000000,80006.00000000,244.47169000
1778198400000,80006.00000000,80142.84000000,79729.72000000,79831.99000000,958.06006000
1778202000000,79831.98000000,79900.11000000,79612.63000000,79740.01000000,539.33838000
1778205600000,79740.01000000,79761.61000000,79316.99000000,79488.46000000,1066.54641000
1778209200000,79488.47000000,79666.66000000,79181.48000000,79578.85000000,529.79179000
1778212800000,79578.84000000,79748.00000000,79551.26000000,79655.23000000,317.73705000
1778216400000,79655.22000000,79778.95000000,79600.00000000,79600.01000000,307.79364000
1778220000000,79600.01000000,79654.00000000,79411.00000000,79525.76000000,792.09671000
1778223600000,79525.77000000,79727.00000000,79248.58000000,79682.40000000,992.93778000
1778227200000,79682.40000000,79987.27000000,79666.05000000,79886.01000000,628.59636000
1778230800000,79886.00000000,80061.17000000,79794.88000000,79872.72000000,481.81051000
1778234400000,79872.72000000,80278.92000000,79788.01000000,80212.56000000,650.80764000
1778238000000,80212.55000000,80340.94000000,80127.54000000,80231.22000000,586.98252000
1778241600000,80231.22000000,80500.00000000,79966.14000000,80025.82000000,831.54339000
1778245200000,80025.81000000,80095.99000000,79549.54000000,79647.80000000,1091.58342000
1778248800000,79647.81000000,80441.79000000,79647.80000000,80150.97000000,1005.37450000
1778252400000,80150.97000000,80200.00000000,79625.00000000,80142.14000000,812.90032000
1778256000000,80142.13000000,80182.18000000,79741.30000000,79802.34000000,665.76300000
1778259600000,79802.35000000,80261.87000000,79738.75000000,80060.00000000,1502.98426000
1778263200000,80060.00000000,80299.99000000,80059.99000000,80078.40000000,470.37331000
1778266800000,80078.39000000,80181.66000000,79954.54000000,80179.94000000,408.77976000
1778270400000,80180.00000000,80299.93000000,80089.76000000,80133.09000000,330.63666000
1778274000000,80133.08000000,80264.00000000,80116.32000000,80263.99000000,269.62208000
1778277600000,80264.00000000,80409.09000000,80238.42000000,80262.00000000,318.15524000
1778281200000,80262.00000000,80299.27000000,80111.02000000,80193.17000000,441.09530000
1778284800000,80193.18000000,80240.87000000,80129.85000000,80238.76000000,206.53644000
1778288400000,80238.75000000,80446.58000000,80217.46000000,80327.75000000,266.81337000
1778292000000,80327.75000000,80477.47000000,80327.75000000,80417.87000000,231.63268000
1778295600000,80417.88000000,80550.67000000,80307.76000000,80383.95000000,388.12699000
1778299200000,80383.96000000,80666.66000000,80373.55000000,80379.90000000,404.43634000
1778302800000,80379.90000000,80480.49000000,80343.00000000,80379.49000000,360.73513000
1778306400000,80379.50000000,80428.01000000,80201.60000000,80263.92000000,270.37474000
1778310000000,80263.93000000,80309.05000000,80135.00000000,80228.89000000,445.94164000
1778313600000,80228.88000000,80452.44000000,80220.00000000,80407.12000000,297.06841000
1778317200000,80407.12000000,80415.83000000,80214.00000000,80242.53000000,211.41081000
1778320800000,80242.54000000,80346.94000000,80166.26000000,80264.02000000,234.54075000
1778324400000,80264.01000000,80366.07000000,80256.95000000,80345.46000000,266.71827000
1778328000000,80345.47000000,80416.21000000,80274.03000000,80397.97000000,357.45715000
1778331600000,80397.97000000,80422.00000000,80318.70000000,80391.18000000,341.73909000
1778335200000,80391.18000000,80426.90000000,80254.71000000,80332.22000000,322.24573000
1778338800000,80332.23000000,80600.00000000,80234.00000000,80527.92000000,418.47876000
1778342400000,80527.92000000,80777.00000000,80487.40000000,80625.01000000,546.55445000
1778346000000,80625.00000000,80928.56000000,80625.00000000,80812.70000000,430.13867000
1778349600000,80812.69000000,81080.00000000,80787.39000000,80907.65000000,339.35386000
1778353200000,80907.66000000,80958.00000000,80776.99000000,80938.53000000,217.80867000
1778356800000,80938.53000000,80938.53000000,80744.98000000,80805.50000000,144.14004000
1778360400000,80805.51000000,80896.00000000,80744.98000000,80780.83000000,149.85415000
1778364000000,80780.83000000,80823.24000000,80670.01000000,80782.38000000,199.54802000
1778367600000,80782.38000000,80850.00000000,80621.88000000,80678.40000000,496.76761000
1778371200000,80678.41000000,80770.51000000,80610.64000000,80680.04000000,346.27712000
1778374800000,80680.03000000,80690.73000000,80572.77000000,80685.56000000,410.62072000
1778378400000,80685.55000000,80790.00000000,80611.00000000,80777.42000000,290.59888000
1778382000000,80777.42000000,80887.15000000,80709.59000000,80775.00000000,284.77121000
1778385600000,80774.99000000,80840.00000000,80722.78000000,80759.93000000,253.45188000
1778389200000,80759.93000000,80816.52000000,80682.00000000,80700.77000000,372.73913000
1778392800000,80700.76000000,80753.04000000,80658.97000000,80733.75000000,211.55020000
1778396400000,80733.75000000,80827.14000000,80720.10000000,80736.03000000,400.67517000
1778400000000,80736.03000000,80909.65000000,80715.33000000,80830.33000000,252.36808000
1778403600000,80830.34000000,80913.80000000,80756.53000000,80807.96000000,237.31778000
1778407200000,80807.95000000,80883.48000000,80691.00000000,80873.79000000,279.49023000
1778410800000,80873.80000000,80975.40000000,80750.00000000,80821.21000000,339.53296000
1778414400000,80821.21000000,80950.00000000,80784.20000000,80927.72000000,235.68491000
1778418000000,80927.71000000,81000.01000000,80865.44000000,80971.67000000,254.25083000
1778421600000,80971.66000000,80999.36000000,80816.22000000,80990.11000000,372.45860000
1778425200000,80990.11000000,81442.81000000,80936.00000000,81418.01000000,780.28503000
1778428800000,81418.01000000,81500.00000000,81200.00000000,81378.25000000,595.22707000
1778432400000,81378.25000000,81583.11000000,81220.00000000,81476.18000000,599.74468000
1778436000000,81476.18000000,81493.11000000,81231.14000000,81271.96000000,268.90805000
1778439600000,81271.96000000,81481.92000000,81148.00000000,81437.83000000,334.34752000
1778443200000,81437.83000000,81459.66000000,80279.77000000,80734.88000000,1021.73969000
1778446800000,80734.88000000,80944.44000000,80571.97000000,80720.47000000,691.73163000
1778450400000,80720.47000000,82171.96000000,80666.66000000,82044.49000000,1804.86462000
1778454000000,82044.49000000,82479.32000000,82044.49000000,82210.07000000,1395.68283000
1778457600000,82210.07000000,82380.00000000,81280.00000000,81471.13000000,1294.00066000
1778461200000,81471.13000000,81744.85000000,81291.23000000,81501.72000000,495.92379000
1778464800000,81501.73000000,81572.40000000,81117.64000000,81169.08000000,491.97068000
1778468400000,81169.09000000,81188.97000000,80525.00000000,80736.01000000,857.95581000
1778472000000,80736.00000000,80879.12000000,80639.99000000,80824.61000000,378.47076000
1778475600000,80824.61000000,80981.80000000,80761.73000000,80832.33000000,423.68877000
1778479200000,80832.34000000,81049.51000000,80762.00000000,80822.86000000,296.00491000
1778482800000,80822.86000000,80840.30000000,80663.11000000,80740.40000000,496.93812000
1778486400000,80740.40000000,80863.42000000,80621.87000000,80767.97000000,463.92135000
1778490000000,80767.97000000,80997.63000000,80758.30000000,80966.57000000,330.83757000
1778493600000,80966.58000000,81200.00000000,80940.00000000,80940.00000000,488.26383000
1778497200000,80940.00000000,81196.95000000,80900.00000000,81196.94000000,356.37085000
1778500800000,81196.95000000,81356.46000000,81029.77000000,81054.65000000,485.89630000
1778504400000,81054.65000000,81332.29000000,80739.63000000,81072.00000000,767.39683000
1778508000000,81072.01000000,81252.72000000,80462.97000000,80953.38000000,767.64104000
1778511600000,80953.39000000,81458.00000000,80826.02000000,81445.90000000,647.30001000
1778515200000,81445.89000000,81910.35000000,81344.72000000,81575.85000000,1113.46844000
1778518800000,81575.84000000,82071.77000000,81369.42000000,81941.09000000,565.28919000
1778522400000,81941.09000000,82137.26000000,81836.15000000,81858.96000000,536.09834000
1778526000000,81858.97000000,82091.11000000,81739.09000000,81961.99000000,458.60970000
1778529600000,81961.99000000,82078.91000000,81758.50000000,81821.02000000,322.40099000
1778533200000,81821.03000000,81906.35000000,81600.00000000,81821.18000000,268.82965000
1778536800000,81821.18000000,81969.99000000,81729.99000000,81833.92000000,366.43361000
1778540400000,81833.92000000,81833.92000000,81596.31000000,81745.65000000,278.04936000
1778544000000,81745.66000000,81788.00000000,81478.75000000,81545.20000000,419.66559000
1778547600000,81545.20000000,81615.67000000,80714.28000000,81199.18000000,866.00547000
1778551200000,81199.18000000,81332.29000000,81087.63000000,81249.93000000,386.77691000
1778554800000,81249.93000000,81294.42000000,81024.41000000,81058.80000000,187.87319000
1778558400000,81058.79000000,81303.99000000,81000.00000000,81240.01000000,398.28206000
1778562000000,81240.01000000,81305.24000000,81181.56000000,81224.03000000,329.93857000
1778565600000,81224.04000000,81300.00000000,81010.01000000,81022.44000000,448.36294000
1778569200000,81022.44000000,81137.27000000,80800.77000000,80865.40000000,603.31882000
1778572800000,80865.40000000,80964.13000000,80760.53000000,80843.31000000,478.61372000
1778576400000,80843.30000000,80963.35000000,80720.00000000,80837.15000000,506.71585000
1778580000000,80837.15000000,80848.27000000,80601.27000000,80666.37000000,487.71377000
1778583600000,80666.38000000,80785.38000000,80496.57000000,80784.87000000,500.02112000
1778587200000,80784.86000000,80999.00000000,80619.19000000,80881.26000000,585.87948000
1778590800000,80881.25000000,80928.26000000,80397.07000000,80466.91000000,795.94705000
1778594400000,80466.91000000,80888.01000000,80397.88000000,80540.00000000,865.59094000
1778598000000,80540.00000000,80676.78000000,80188.65000000,80336.01000000,958.32005000
1778601600000,80336.01000000,80435.99000000,79843.59000000,80000.01000000,1473.45450000
1778605200000,80000.01000000,80593.06000000,79951.05000000,80527.69000000,486.64257000
1778608800000,80527.69000000,80763.81000000,80430.00000000,80679.12000000,367.35810000
1778612400000,80679.11000000,80874.42000000,80679.11000000,80834.64000000,346.22158000
1778616000000,80835.30000000,80896.25000000,80642.85000000,80696.87000000,292.49967000
1778619600000,80696.87000000,80738.00000000,80497.00000000,80587.44000000,202.53849000
1778623200000,80587.45000000,80791.94000000,80587.45000000,80656.43000000,151.10909000
1778626800000,80656.44000000,80714.00000000,80439.91000000,80504.47000000,247.40723000
1778630400000,80504.47000000,80768.95000000,80412.15000000,80718.00000000,230.81443000
1778634000000,80718.00000000,81195.69000000,80683.12000000,81006.00000000,633.76198000
1778637600000,81005.99000000,81281.66000000,80934.69000000,81050.00000000,333.93602000
1778641200000,81050.00000000,81299.99000000,80976.27000000,81249.99000000,377.40594000
1778644800000,81249.99000000,81281.07000000,81124.87000000,81231.96000000,253.70329000
1778648400000,81231.96000000,81247.22000000,80999.99000000,81019.99000000,266.87053000
1778652000000,81020.00000000,81160.36000000,80972.94000000,80980.05000000,499.16530000
1778655600000,80980.06000000,81049.01000000,80889.12000000,81026.92000000,476.02435000
1778659200000,81026.92000000,81200.00000000,80943.63000000,81196.57000000,372.92514000
1778662800000,81196.57000000,81324.64000000,81137.77000000,81291.38000000,435.50222000
1778666400000,81291.37000000,81298.50000000,80809.01000000,80809.01000000,364.76288000
1778670000000,80809.01000000,80843.87000000,80494.98000000,80501.22000000,668.09274000
1778673600000,80501.22000000,80592.65000000,79852.00000000,80202.78000000,1194.36751000
1778677200000,80202.78000000,80345.45000000,79576.47000000,79656.01000000,1205.27854000
1778680800000,79656.01000000,79898.00000000,79481.56000000,79756.01000000,942.38578000
1778684400000,79756.02000000,79856.08000000,78807.22000000,78827.21000000,1731.43058000
1778688000000,78827.21000000,79222.22000000,78754.65000000,79108.39000000,1522.11383000
1778691600000,79108.39000000,79556.36000000,79100.00000000,79514.97000000,611.40519000
1778695200000,79514.97000000,79800.00000000,79514.97000000,79598.15000000,747.58594000
1778698800000,79598.15000000,79646.29000000,79400.00000000,79642.41000000,463.49581000
1778702400000,79642.41000000,79760.00000000,79622.70000000,79698.95000000,225.22286000
1778706000000,79698.95000000,79705.73000000,79340.39000000,79398.54000000,418.00056000
1778709600000,79398.54000000,79470.00000000,79228.00000000,79428.46000000,338.28664000
1778713200000,79428.46000000,79499.01000000,79233.83000000,79313.61000000,497.51837000
1778716800000,79313.61000000,79681.73000000,79308.00000000,79580.00000000,443.66772000
1778720400000,79580.00000000,79681.73000000,79409.42000000,79604.60000000,369.48629000
1778724000000,79604.61000000,79676.11000000,79222.22000000,79370.24000000,684.03959000
1778727600000,79370.24000000,79460.00000000,78922.00000000,79044.85000000,712.36112000
1778731200000,79044.86000000,79474.41000000,78982.06000000,79451.63000000,437.35487000
1778734800000,79451.62000000,79998.00000000,79359.49000000,79809.16000000,850.16622000
1778738400000,79809.15000000,79953.35000000,79769.12000000,79804.71000000,301.13354000
1778742000000,79804.72000000,79937.59000000,79702.05000000,79745.98000000,480.32483000
1778745600000,79745.99000000,79936.98000000,79644.44000000,79821.56000000,652.77033000
1778749200000,79821.55000000,79905.99000000,79569.81000000,79635.52000000,445.75367000
1778752800000,79635.53000000,79756.98000000,79409.42000000,79570.01000000,384.95969000
1778756400000,79570.01000000,79600.00000000,79234.00000000,79258.27000000,362.97846000
1778760000000,79258.27000000,79775.02000000,79230.31000000,79767.11000000,526.41242000
1778763600000,79767.10000000,80059.71000000,79670.88000000,79701.73000000,1000.54213000
1778767200000,79701.73000000,81020.00000000,79561.52000000,80964.85000000,1882.78042000
1778770800000,80964.84000000,81332.23000000,80816.08000000,81301.23000000,2292.36231000
1778774400000,81301.22000000,81904.44000000,81080.25000000,81888.40000000,2732.81932000
1778778000000,81888.40000000,82048.13000000,81271.00000000,81668.48000000,1967.47911000
1778781600000,81668.49000000,81949.15000000,81440.38000000,81581.99000000,1012.79720000
1778785200000,81582.00000000,81718.73000000,81330.12000000,81419.74000000,566.84044000
1778788800000,81419.75000000,81590.19000000,81166.22000000,81412.04000000,471.62836000
1778792400000,81412.05000000,81526.08000000,81268.38000000,81396.61000000,292.07185000
1778796000000,81396.61000000,81559.71000000,81335.48000000,81456.00000000,322.84736000
1778799600000,81456.00000000,81456.00000000,81059.93000000,81089.99000000,534.29082000
1778803200000,81090.00000000,81664.45000000,81068.52000000,81518.67000000,578.54980000
1778806800000,81518.66000000,81612.73000000,81106.20000000,81131.01000000,538.82284000
1778810400000,81131.00000000,81350.00000000,80750.00000000,81299.14000000,829.40160000
1778814000000,81299.14000000,81340.81000000,80930.82000000,81059.15000000,506.95135000
1778817600000,81059.15000000,81100.00000000,80709.09000000,80724.71000000,367.57246000
1778821200000,80724.71000000,80882.45000000,80314.00000000,80360.01000000,1029.21412000
1778824800000,80360.01000000,80644.50000000,80314.01000000,80580.00000000,815.53271000
1778828400000,80580.00000000,81003.37000000,80559.88000000,80814.88000000,878.78211000
1778832000000,80814.88000000,80822.95000000,80415.84000000,80638.00000000,538.63644000
1778835600000,80638.00000000,80670.51000000,80369.00000000,80489.80000000,471.66166000
1778839200000,80489.81000000,80776.33000000,80407.60000000,80716.23000000,444.96934000
1778842800000,80716.22000000,80750.56000000,80590.08000000,80628.53000000,250.99223000
1778846400000,80628.52000000,80635.44000000,80340.83000000,80385.11000000,535.00082000
1778850000000,80385.10000000,80385.11000000,78698.69000000,78758.59000000,3101.88518000
1778853600000,78758.59000000,79353.32000000,78659.00000000,79150.37000000,1965.21031000
1778857200000,79150.36000000,79369.36000000,79013.81000000,79150.27000000,606.47310000
1778860800000,79150.26000000,79382.30000000,79131.01000000,79294.31000000,514.78679000
1778864400000,79294.31000000,79504.83000000,79224.00000000,79460.00000000,478.80422000
1778868000000,79460.00000000,79561.94000000,79170.47000000,79284.00000000,544.01093000
1778871600000,79284.01000000,79290.00000000,79051.00000000,79146.50000000,421.75884000
1778875200000,79146.50000000,79217.07000000,79000.00000000,79123.12000000,224.44355000
1778878800000,79123.13000000,79200.00000000,78911.42000000,78973.50000000,682.32127000
1778882400000,78973.50000000,79145.44000000,78973.49000000,79107.38000000,347.86808000
1778886000000,79107.38000000,79161.86000000,79077.96000000,79113.21000000,677.62104000
1778889600000,79113.20000000,79227.77000000,79075.09000000,79111.92000000,314.01240000
1778893200000,79111.92000000,79186.05000000,79010.00000000,79168.00000000,357.20294000
1778896800000,79168.00000000,79211.77000000,79080.10000000,79155.54000000,208.30505000
1778900400000,79155.55000000,79187.71000000,79059.77000000,79083.18000000,368.66241000
1778904000000,79083.19000000,79129.71000000,78860.00000000,79035.26000000,321.76822000
1778907600000,79035.25000000,79039.49000000,78933.63000000,79027.37000000,183.05543000
1778911200000,79027.36000000,79047.94000000,78459.87000000,78648.00000000,632.26156000
1778914800000,78648.00000000,78651.63000000,78066.00000000,78369.77000000,1267.74437000
1778918400000,78369.78000000,78530.52000000,78334.21000000,78426.56000000,379.04319000
1778922000000,78426.55000000,78440.81000000,77906.10000000,78083.48000000,1104.43110000
1778925600000,78083.47000000,78101.43000000,77640.00000000,77960.00000000,1759.70594000
1778929200000,77959.99000000,78193.88000000,77959.99000000,78081.71000000,602.91980000
1778932800000,78080.46000000,78133.38000000,77918.62000000,78007.23000000,791.53177000
1778936400000,78007.24000000,78014.60000000,77833.40000000,78014.60000000,830.86287000
1778940000000,78014.60000000,78346.00000000,77895.20000000,78130.55000000,729.04785000
1778943600000,78130.55000000,78285.00000000,78078.22000000,78238.67000000,332.91477000
1778947200000,78238.68000000,78364.65000000,78119.72000000,78205.96000000,328.10255000
1778950800000,78205.96000000,78320.41000000,78199.00000000,78201.50000000,350.20669000
1778954400000,78201.50000000,78327.75000000,78142.99000000,78229.81000000,310.63405000
1778958000000,78229.82000000,78314.69000000,78204.22000000,78259.66000000,271.10252000
1778961600000,78259.67000000,78318.94000000,78201.42000000,78261.00000000,194.34290000
1778965200000,78261.00000000,78308.33000000,78206.85000000,78265.73000000,237.27188000
1778968800000,78265.73000000,78279.28000000,78171.02000000,78186.25000000,128.79242000
1778972400000,78186.25000000,78267.46000000,78125.32000000,78148.05000000,128.93924000
1778976000000,78148.05000000,78243.19000000,77812.00000000,77945.85000000,311.59646000
1778979600000,77945.85000000,78114.00000000,77721.19000000,77725.71000000,516.53667000
1778983200000,77725.72000000,77938.00000000,77725.71000000,77895.51000000,256.64293000
1778986800000,77895.50000000,78079.30000000,77888.00000000,78028.88000000,200.15322000
1778990400000,78028.88000000,78203.93000000,78003.35000000,78158.09000000,375.99093000
1778994000000,78158.08000000,78323.96000000,78102.42000000,78121.41000000,258.98839000
1778997600000,78121.41000000,78204.01000000,78017.00000000,78104.80000000,136.86954000
1779001200000,78104.79000000,78208.69000000,78053.79000000,78180.01000000,180.24659000
1779004800000,78180.00000000,78200.91000000,78033.01000000,78089.80000000,117.37418000
1779008400000,78089.80000000,78293.97000000,78073.52000000,78249.33000000,196.43485000
1779012000000,78249.33000000,78599.99000000,78249.03000000,78465.99000000,564.92985000
1779015600000,78465.99000000,78473.82000000,78289.00000000,78415.99000000,257.44450000
1779019200000,78415.99000000,78550.00000000,78333.80000000,78364.83000000,254.43689000
1779022800000,78364.83000000,78364.83000000,78173.15000000,78202.91000000,260.27625000
1779026400000,78202.91000000,78217.33000000,77850.00000000,78051.51000000,397.56893000
1779030000000,78051.51000000,78119.42000000,77920.76000000,78051.41000000,203.63392000
1779033600000,78051.42000000,78193.66000000,78025.23000000,78034.36000000,142.87987000
1779037200000,78034.37000000,78092.44000000,77856.69000000,78089.98000000,296.43890000
1779040800000,78089.99000000,78271.59000000,78014.33000000,78268.05000000,172.43416000
1779044400000,78268.04000000,78468.46000000,78209.96000000,78415.30000000,225.32283000
1779048000000,78415.29000000,78435.32000000,78248.80000000,78277.36000000,205.39109000
1779051600000,78277.36000000,78485.36000000,78243.50000000,78405.72000000,293.90051000
1779055200000,78405.72000000,78414.16000000,77830.00000000,77997.24000000,585.78673000
1779058800000,77997.24000000,78008.18000000,76735.16000000,77457.67000000,2031.42401000
1779062400000,77457.67000000,77477.99000000,76916.60000000,77209.95000000,1062.83033000
1779066000000,77209.95000000,77291.54000000,76744.95000000,77109.22000000,771.47833000
1779069600000,77109.21000000,77222.03000000,76707.61000000,76835.41000000,544.67309000
1779073200000,76835.41000000,77030.42000000,76817.14000000,76924.65000000,509.02980000
1779076800000,76924.66000000,77069.77000000,76772.01000000,77038.49000000,354.48166000
1779080400000,77038.49000000,77080.93000000,76884.33000000,76931.40000000,586.83852000
1779084000000,76931.40000000,76967.80000000,76583.33000000,76912.52000000,621.71728000
1779087600000,76912.53000000,77089.29000000,76771.53000000,77073.69000000,1139.62980000
1779091200000,77073.69000000,77181.88000000,76890.34000000,77040.42000000,562.21651000
1779094800000,77040.43000000,77048.14000000,76877.17000000,76933.16000000,365.74952000
1779098400000,76933.17000000,76957.35000000,76716.99000000,76764.74000000,432.20236000
1779102000000,76764.75000000,77403.48000000,76668.58000000,77285.83000000,692.38548000
1779105600000,77285.83000000,77800.00000000,77275.96000000,77639.98000000,980.76582000
1779109200000,77639.99000000,77639.99000000,76695.31000000,76937.70000000,1116.56330000
1779112800000,76937.70000000,76954.25000000,76230.02000000,76393.65000000,2158.59337000
1779116400000,76393.66000000,76485.29000000,76051.00000000,76409.46000000,1960.17489000
1779120000000,76409.46000000,76665.68000000,76218.00000000,76410.01000000,1252.93830000
1779123600000,76410.00000000,76757.21000000,76366.13000000,76706.39000000,450.87486000
1779127200000,76706.38000000,76706.38000000,76144.24000000,76252.50000000,779.57136000
1779130800000,76252.01000000,76995.00000000,76235.00000000,76928.00000000,812.47229000
1779134400000,76928.00000000,77182.14000000,76874.73000000,76909.92000000,463.85785000
1779138000000,76909.92000000,77174.23000000,76800.00000000,77103.05000000,491.73560000
1779141600000,77103.04000000,77222.79000000,76937.19000000,77078.22000000,359.68174000
1779145200000,77078.22000000,77160.79000000,76948.80000000,77001.87000000,275.05472000
1779148800000,77001.88000000,77414.62000000,76955.99000000,77140.87000000,556.43712000
1779152400000,77140.86000000,77156.20000000,76667.00000000,76667.01000000,769.46148000
1779156000000,76667.01000000,76997.33000000,76487.83000000,76617.47000000,469.02583000
1779159600000,76617.46000000,76867.23000000,76586.11000000,76787.11000000,211.83571000
1779163200000,76787.10000000,76943.75000000,76700.00000000,76927.25000000,239.72033000
1779166800000,76927.25000000,77000.00000000,76644.98000000,76911.24000000,392.43215000
1779170400000,76911.25000000,77108.68000000,76886.13000000,77029.40000000,386.11356000
1779174000000,77029.41000000,77278.57000000,76974.72000000,77233.69000000,490.19350000
1779177600000,77233.68000000,77317.02000000,76972.96000000,77048.71000000,465.92336000
1779181200000,77048.72000000,77074.05000000,76709.29000000,76818.80000000,385.08727000
1779184800000,76818.80000000,77103.97000000,76704.00000000,77041.87000000,464.38738000
1779188400000,77041.87000000,77076.53000000,76633.83000000,76714.62000000,430.29111000
1779192000000,76714.61000000,76982.89000000,76650.06000000,76940.21000000,257.11004000
1779195600000,76940.20000000,77048.72000000,76596.00000000,76872.75000000,906.63403000
1779199200000,76872.74000000,77023.75000000,76144.71000000,76392.43000000,1426.24149000
1779202800000,76392.43000000,76675.76000000,76337.97000000,76521.23000000,773.78391000
1779206400000,76521.24000000,76911.00000000,76407.72000000,76894.59000000,568.91388000
1779210000000,76894.59000000,77015.41000000,76759.39000000,76856.76000000,442.15826000
1779213600000,76856.76000000,76947.20000000,76744.80000000,76803.28000000,282.19478000
1779217200000,76803.28000000,77065.80000000,76765.14000000,76818.74000000,341.73224000
1779220800000,76818.73000000,77040.24000000,76818.73000000,77022.23000000,147.68289000
1779224400000,77022.22000000,77040.83000000,76973.76000000,76982.34000000,185.29058000
1779228000000,76982.34000000,76982.34000000,76642.95000000,76712.21000000,233.07768000
1779231600000,76712.22000000,76980.07000000,76670.52000000,76834.36000000,199.13120000
1779235200000,76834.36000000,76896.50000000,76516.74000000,76788.83000000,236.25061000
1779238800000,76788.83000000,76922.46000000,76536.59000000,76820.98000000,358.53384000
1779242400000,76820.98000000,76909.62000000,76600.00000000,76690.42000000,293.25018000
1779246000000,76690.42000000,76829.61000000,76604.99000000,76723.54000000,673.76637000
1779249600000,76723.55000000,76836.82000000,76692.00000000,76780.37000000,365.31048000
1779253200000,76780.37000000,77320.00000000,76780.37000000,77196.99000000,973.23466000
1779256800000,77196.99000000,77422.00000000,77179.93000000,77414.11000000,528.12463000
1779260400000,77414.10000000,77472.21000000,77241.13000000,77282.64000000,351.42212000
1779264000000,77282.65000000,77635.52000000,77210.33000000,77458.04000000,548.89961000
1779267600000,77458.05000000,77543.59000000,77365.94000000,77485.13000000,360.90275000
1779271200000,77485.14000000,77663.00000000,77485.14000000,77517.45000000,409.79863000
1779274800000,77517.46000000,77569.10000000,77328.20000000,77382.49000000,362.81092000
1779278400000,77382.50000000,77748.05000000,77365.52000000,77617.26000000,377.41047000
1779282000000,77617.26000000,77650.62000000,76968.05000000,77204.61000000,682.21238000
1779285600000,77204.61000000,77574.29000000,76891.61000000,77446.08000000,1202.39421000
1779289200000,77446.01000000,77853.04000000,77300.00000000,77455.46000000,777.75101000
1779292800000,77455.45000000,77557.00000000,77018.38000000,77338.60000000,407.46410000
1779296400000,77338.60000000,77713.66000000,77230.86000000,77568.95000000,501.34929000
1779300000000,77568.95000000,77634.52000000,77398.63000000,77415.09000000,414.50917000
1779303600000,77415.09000000,77709.68000000,77350.71000000,77667.49000000,388.96569000
1779307200000,77667.49000000,77760.00000000,77476.19000000,77720.01000000,357.71030000
1779310800000,77720.01000000,77766.60000000,77500.00000000,77500.01000000,158.00627000
1779314400000,77500.01000000,77504.69000000,77226.61000000,77504.69000000,367.95652000
1779318000000,77504.69000000,77559.34000000,77386.93000000,77552.23000000,198.22886000
1779321600000,77552.24000000,78071.42000000,77525.00000000,77967.09000000,547.83434000
1779325200000,77967.09000000,78173.15000000,77800.00000000,77863.85000000,453.71737000
1779328800000,77863.85000000,78100.00000000,77820.10000000,77955.78000000,820.79860000
1779332400000,77955.78000000,78098.85000000,77908.00000000,78078.72000000,441.60659000
1779336000000,78078.72000000,78180.01000000,77965.36000000,78035.80000000,365.79347000
1779339600000,78035.80000000,78147.07000000,77714.94000000,77828.00000000,390.37362000
1779343200000,77828.00000000,77873.15000000,77533.45000000,77622.14000000,317.41875000
1779346800000,77622.14000000,77901.06000000,77521.00000000,77889.01000000,380.50650000
1779350400000,77889.01000000,78200.00000000,77885.53000000,77924.63000000,493.47370000
1779354000000,77924.63000000,77977.53000000,77633.02000000,77633.02000000,277.92731000
1779357600000,77633.03000000,77678.01000000,77190.09000000,77198.08000000,783.43483000
1779361200000,77198.09000000,77372.00000000,77147.15000000,77189.10000000,380.03818000
1779364800000,77189.10000000,77363.32000000,77080.72000000,77278.53000000,382.67307000
1779368400000,77278.52000000,77358.05000000,76719.47000000,77122.68000000,862.17497000
1779372000000,77122.67000000,77240.82000000,76788.80000000,76984.61000000,697.95187000
1779375600000,76984.61000000,77402.12000000,76900.00000000,77259.46000000,411.10449000
1779379200000,77259.45000000,77344.01000000,77008.75000000,77207.93000000,404.33559000
1779382800000,77207.92000000,78098.16000000,77181.83000000,77869.38000000,1291.96294000
1779386400000,77869.38000000,77922.01000000,77230.00000000,77387.74000000,559.91554000
1779390000000,77387.74000000,77802.51000000,77365.97000000,77690.56000000,437.10444000
1779393600000,77690.56000000,77804.75000000,77647.75000000,77705.81000000,144.76199000
1779397200000,77705.80000000,77813.35000000,77645.40000000,77672.29000000,182.97007000
1779400800000,77672.30000000,77750.61000000,77555.33000000,77628.00000000,130.38276000
1779404400000,77628.01000000,77745.39000000,77534.43000000,77615.52000000,159.99742000
1779408000000,77615.52000000,77628.38000000,77369.49000000,77373.57000000,228.62269000
1779411600000,77373.57000000,77673.50000000,77327.28000000,77616.00000000,252.86608000
1779415200000,77616.00000000,77728.01000000,77593.16000000,77673.36000000,244.81122000
1779418800000,77673.37000000,77817.80000000,77673.36000000,77779.98000000,158.00162000
1779422400000,77779.98000000,77900.00000000,77637.99000000,77655.42000000,475.76681000
1779426000000,77655.43000000,77726.00000000,77454.56000000,77489.00000000,344.31720000
1779429600000,77489.00000000,77525.85000000,77370.40000000,77423.41000000,542.83384000
1779433200000,77423.41000000,77543.38000000,77288.77000000,77408.06000000,393.92568000
1779436800000,77408.07000000,77535.00000000,77216.00000000,77267.38000000,509.65577000
1779440400000,77267.39000000,77360.00000000,77200.00000000,77307.11000000,276.32946000
1779444000000,77307.12000000,77363.01000000,77261.73000000,77312.00000000,275.01820000
1779447600000,77311.99000000,77430.55000000,77184.45000000,77428.84000000,375.53110000
1779451200000,77428.83000000,77584.94000000,77395.45000000,77533.90000000,317.41573000
1779454800000,77533.91000000,77547.56000000,77130.99000000,77290.01000000,419.18989000
1779458400000,77290.00000000,77290.00000000,76751.00000000,76774.23000000,1004.66190000
1779462000000,76774.23000000,77030.64000000,76570.00000000,76790.59000000,872.56913000
1779465600000,76790.60000000,77006.69000000,76767.00000000,76950.68000000,481.05047000
1779469200000,76950.67000000,77093.72000000,76750.00000000,76750.00000000,322.37426000
1779472800000,76750.01000000,76898.00000000,76101.00000000,76537.47000000,809.74159000
1779476400000,76537.47000000,76590.68000000,75668.76000000,75860.44000000,1201.88912000
1779480000000,75860.44000000,76080.95000000,75826.00000000,75984.47000000,415.32736000
1779483600000,75984.47000000,76087.85000000,75926.20000000,75978.83000000,349.85112000
1779487200000,75978.83000000,75978.84000000,75558.28000000,75737.52000000,473.52886000
1779490800000,75737.53000000,75881.18000000,75359.18000000,75539.50000000,527.08224000
1779494400000,75539.50000000,75635.59000000,75220.00000000,75352.64000000,828.38332000
1779498000000,75352.64000000,75500.00000000,75350.00000000,75489.84000000,466.00374000
1779501600000,75489.83000000,75581.27000000,75417.56000000,75572.07000000,334.42834000
1779505200000,75572.07000000,75664.62000000,75563.33000000,75635.22000000,267.29386000
1779508800000,75635.22000000,75650.63000000,75507.01000000,75539.77000000,198.60310000
1779512400000,75539.77000000,75562.40000000,75469.89000000,75482.68000000,267.20559000
1779516000000,75482.68000000,75501.09000000,75394.54000000,75398.33000000,189.47214000
1779519600000,75398.33000000,75443.44000000,74289.60000000,74609.36000000,2035.70931000
1779523200000,74609.37000000,74746.67000000,74303.56000000,74684.30000000,963.94720000
1779526800000,74684.29000000,74752.45000000,74624.50000000,74656.91000000,431.50710000
1779530400000,74656.91000000,74797.01000000,74656.91000000,74705.00000000,625.72233000
1779534000000,74705.00000000,74873.55000000,74704.99000000,74789.99000000,487.91960000
1779537600000,74789.99000000,74798.41000000,74660.05000000,74753.93000000,570.81814000
1779541200000,74753.94000000,75262.86000000,74753.93000000,75213.90000000,815.89889000
1779544800000,75213.90000000,75726.30000000,75108.15000000,75537.72000000,922.06012000
1779548400000,75537.73000000,75676.00000000,75405.40000000,75520.00000000,634.72295000
1779552000000,75519.99000000,75638.62000000,75415.17000000,75444.70000000,411.95204000
1779555600000,75444.71000000,75522.00000000,75371.72000000,75488.18000000,566.20129000
1779559200000,75488.17000000,75986.24000000,75472.04000000,75845.82000000,429.21806000
1779562800000,75845.82000000,76012.22000000,75780.90000000,75983.45000000,364.90120000
1779566400000,75983.45000000,77300.00000000,75953.94000000,77287.58000000,1242.58285000
1779570000000,77286.08000000,77404.18000000,76538.04000000,76804.99000000,1147.59506000
1779573600000,76805.00000000,76885.00000000,76396.06000000,76584.45000000,464.30329000
1779577200000,76584.45000000,76822.00000000,76538.36000000,76752.01000000,420.43862000
1779580800000,76752.00000000,76930.65000000,76629.02000000,76835.16000000,392.54327000
1779584400000,76835.16000000,76921.45000000,76754.53000000,76890.04000000,225.24128000
1779588000000,76890.04000000,76968.04000000,76704.32000000,76830.00000000,185.87406000
1779591600000,76830.01000000,77011.62000000,76738.50000000,76750.00000000,248.04543000
1779595200000,76750.01000000,76858.26000000,76730.00000000,76786.50000000,163.64327000
1779598800000,76786.50000000,76861.78000000,76651.59000000,76822.23000000,202.16815000
1779602400000,76822.23000000,77065.94000000,76716.02000000,76987.58000000,257.89170000
1779606000000,76987.58000000,77014.24000000,76786.20000000,76799.99000000,193.96514000
1779609600000,76799.99000000,76861.77000000,76734.42000000,76830.69000000,226.94949000
1779613200000,76830.69000000,77046.67000000,76821.86000000,77020.53000000,369.92973000
1779616800000,77020.54000000,77543.15000000,76927.04000000,77190.74000000,863.69953000
1779620400000,77190.73000000,77356.62000000,77190.73000000,77320.06000000,285.66801000
1779624000000,77320.06000000,77325.72000000,77044.73000000,77118.73000000,271.94108000
1779627600000,77118.72000000,77127.54000000,76688.89000000,76802.23000000,474.39799000
1779631200000,76802.23000000,76840.01000000,76195.36000000,76465.16000000,837.87651000
1779634800000,76465.15000000,76539.38000000,76362.78000000,76371.59000000,398.04105000
1779638400000,76371.59000000,76734.30000000,76371.59000000,76671.70000000,359.46109000
1779642000000,76671.69000000,76799.99000000,76566.15000000,76693.34000000,249.31214000
1779645600000,76693.34000000,76788.01000000,76596.00000000,76665.73000000,148.14196000
1779649200000,76665.72000000,76783.51000000,76611.17000000,76773.34000000,125.12918000
1779652800000,76773.33000000,76796.18000000,76596.37000000,76668.40000000,560.38206000
1779656400000,76668.41000000,76748.12000000,76108.00000000,76151.14000000,497.80071000
1779660000000,76151.14000000,77012.01000000,76132.00000000,76803.99000000,543.11534000
1779663600000,76803.99000000,77225.97000000,76803.99000000,77064.96000000,316.78339000
1779667200000,77064.96000000,77288.00000000,77064.95000000,77153.01000000,281.30951000
1779670800000,77153.01000000,77245.67000000,76914.25000000,76945.27000000,574.42489000
1779674400000,76945.28000000,77485.00000000,76945.28000000,77108.77000000,313.96478000
1779678000000,77108.77000000,77169.88000000,77002.30000000,77026.67000000,198.70522000
1779681600000,77026.68000000,77450.00000000,76990.78000000,77391.07000000,251.77406000
1779685200000,77391.07000000,77498.00000000,77324.00000000,77407.00000000,306.77798000
1779688800000,77406.99000000,77650.00000000,77222.22000000,77419.87000000,413.85927000
1779692400000,77419.87000000,77520.00000000,77184.62000000,77401.12000000,376.11814000
1779696000000,77401.11000000,77469.64000000,77280.32000000,77456.94000000,352.62980000
1779699600000,77456.94000000,77699.97000000,77425.17000000,77604.56000000,369.10396000
1779703200000,77604.56000000,77681.37000000,77490.37000000,77545.65000000,283.53522000
1779706800000,77545.65000000,77545.65000000,77333.33000000,77357.50000000,209.17805000
1779710400000,77357.50000000,77440.46000000,77286.50000000,77367.98000000,261.28583000
1779714000000,77367.98000000,77450.00000000,77286.50000000,77341.05000000,199.52985000
1779717600000,77341.05000000,77773.69000000,77304.84000000,77714.00000000,603.07815000
1779721200000,77713.99000000,77905.52000000,77557.00000000,77628.82000000,499.50313000
1779724800000,77628.82000000,77807.29000000,77508.88000000,77735.69000000,342.64397000
1779728400000,77735.69000000,77804.48000000,77550.39000000,77564.01000000,278.21782000
1779732000000,77564.00000000,77658.01000000,77543.38000000,77543.39000000,204.76460000
1779735600000,77543.39000000,77543.39000000,77343.61000000,77441.86000000,295.53937000
1779739200000,77441.85000000,77500.00000000,77220.00000000,77273.06000000,314.11527000
1779742800000,77273.06000000,77396.08000000,77273.05000000,77367.03000000,183.92616000
1779746400000,77367.03000000,77449.94000000,77019.82000000,77116.21000000,395.72227000
1779750000000,77116.21000000,77367.44000000,77072.36000000,77322.01000000,162.61467000
1779753600000,77322.01000000,77345.00000000,76575.49000000,76792.71000000,686.17714000
1779757200000,76792.24000000,76888.01000000,76590.90000000,76756.98000000,342.05131000
1779760800000,76756.98000000,76810.00000000,76512.98000000,76660.00000000,721.43857000
1779764400000,76660.00000000,76705.71000000,76475.59000000,76664.01000000,396.14567000
1779768000000,76664.00000000,76817.28000000,76606.79000000,76749.50000000,392.59093000
1779771600000,76749.51000000,76989.23000000,76704.80000000,76930.01000000,556.04320000
1779775200000,76930.00000000,77059.74000000,76775.00000000,76908.01000000,658.30833000
1779778800000,76908.00000000,76924.55000000,76603.73000000,76730.84000000,436.26184000
1779782400000,76730.84000000,76852.01000000,76693.21000000,76726.37000000,246.06951000
1779786000000,76726.37000000,76804.00000000,76649.79000000,76672.19000000,350.52370000
1779789600000,76672.20000000,77621.75000000,76586.94000000,77430.00000000,897.13516000
1779793200000,77430.00000000,77516.93000000,77174.94000000,77183.55000000,403.26795000
1779796800000,77183.56000000,77232.52000000,76877.94000000,77132.50000000,402.68245000
1779800400000,77132.51000000,77464.01000000,76691.88000000,77231.56000000,659.96680000
1779804000000,77231.56000000,78080.00000000,76724.63000000,76908.01000000,2020.17697000
1779807600000,76908.01000000,77012.00000000,76272.63000000,76518.10000000,1751.25838000
1779811200000,76518.10000000,76710.01000000,76209.58000000,76558.00000000,2070.02098000
1779814800000,76558.00000000,76649.91000000,75850.00000000,75935.08000000,1190.65802000
1779818400000,75935.09000000,76273.66000000,75779.30000000,75840.55000000,846.30902000
1779822000000,75840.55000000,76104.49000000,75805.23000000,76052.00000000,581.71052000
1779825600000,76052.00000000,76180.00000000,75982.64000000,76106.86000000,324.41575000
1779829200000,76106.86000000,76117.31000000,75850.00000000,75890.00000000,275.58323000
1779832800000,75890.00000000,75998.94000000,75677.97000000,75749.02000000,428.12169000
1779836400000,75749.02000000,75986.45000000,75749.02000000,75930.01000000,316.55917000
1779840000000,75930.01000000,76089.70000000,75872.71000000,76085.01000000,780.41682000
1779843600000,76085.00000000,76104.02000000,75824.00000000,75877.44000000,573.72878000
1779847200000,75877.44000000,75890.59000000,75682.99000000,75879.00000000,437.25803000
1779850800000,75879.01000000,75966.91000000,75607.62000000,75683.00000000,612.84746000
1779854400000,75683.00000000,75706.77000000,75310.90000000,75579.01000000,817.05359000
1779858000000,75579.01000000,75739.36000000,75579.00000000,75697.99000000,490.56114000
1779861600000,75697.99000000,75900.00000000,75690.01000000,75838.65000000,482.86494000
1779865200000,75838.65000000,75980.00000000,75764.00000000,75977.17000000,433.92885000
1779868800000,75977.16000000,76071.41000000,75843.02000000,75873.24000000,308.77238000
1779872400000,75873.25000000,75978.01000000,75710.76000000,75912.60000000,294.26595000
1779876000000,75912.61000000,76043.94000000,75880.00000000,75909.82000000,372.61961000
1779879600000,75909.82000000,76029.24000000,75754.10000000,75769.18000000,316.01081000
1779883200000,75769.18000000,76174.15000000,75575.75000000,75688.00000000,621.24106000
1779886800000,75688.01000000,75760.00000000,74866.18000000,75073.40000000,2200.23684000
1779890400000,75073.40000000,75274.11000000,74758.33000000,75031.92000000,1567.20208000
1779894000000,75031.92000000,75502.29000000,74983.77000000,75326.01000000,797.52340000
1779897600000,75326.02000000,75408.01000000,75000.00000000,75304.01000000,632.49097000
1779901200000,75304.01000000,75344.01000000,74685.58000000,74860.42000000,1103.99219000
1779904800000,74860.42000000,75032.01000000,74663.45000000,75026.67000000,549.25309000
1779908400000,75026.67000000,75105.17000000,74952.36000000,75066.08000000,879.80197000
1779912000000,75066.09000000,75415.81000000,75056.25000000,75274.58000000,389.41476000
1779915600000,75274.58000000,75274.58000000,74341.76000000,74473.01000000,653.21971000
1779919200000,74473.01000000,74775.50000000,74260.91000000,74418.13000000,624.64107000
1779922800000,74418.12000000,74572.00000000,74243.99000000,74449.30000000,938.42933000
1779926400000,74449.31000000,74580.00000000,74366.89000000,74570.66000000,476.29695000
1779930000000,74570.67000000,74590.77000000,74156.00000000,74344.08000000,653.98384000
1779933600000,74344.07000000,74400.00000000,74127.57000000,74287.42000000,717.91596000
1779937200000,74287.43000000,74380.39000000,73060.59000000,73258.01000000,3879.74728000
1779940800000,73258.00000000,73260.01000000,72728.85000000,73181.95000000,1588.42564000
1779944400000,73181.95000000,73181.95000000,72908.67000000,72990.87000000,850.50171000
1779948000000,72990.87000000,73213.11000000,72761.11000000,73202.70000000,1248.76931000
1779951600000,73202.71000000,73512.14000000,73158.00000000,73498.00000000,1111.91354000
1779955200000,73498.00000000,73500.00000000,73193.13000000,73325.88000000,567.79073000
1779958800000,73325.88000000,73560.00000000,73261.60000000,73541.24000000,547.18862000
1779962400000,73541.25000000,73616.00000000,73349.91000000,73400.01000000,495.53335000
1779966000000,73400.01000000,73532.01000000,73319.36000000,73505.66000000,383.87102000
1779969600000,73505.65000000,73580.75000000,73245.56000000,73518.01000000,454.53291000
1779973200000,73518.01000000,73574.60000000,72771.64000000,73022.02000000,1277.58759000
1779976800000,73022.01000000,73573.21000000,72582.82000000,73033.06000000,2189.62010000
1779980400000,73033.06000000,73180.01000000,72700.00000000,72928.73000000,710.64433000
1779984000000,72928.73000000,73440.67000000,72741.40000000,73440.67000000,821.59668000
1779987600000,73440.66000000,73734.72000000,73316.31000000,73554.82000000,737.45631000
1779991200000,73554.81000000,73749.69000000,73514.57000000,73652.88000000,517.48323000
1779994800000,73652.87000000,73652.88000000,73381.81000000,73419.32000000,447.75042000
1779998400000,73419.31000000,73721.45000000,73241.48000000,73579.99000000,441.85746000
1780002000000,73580.00000000,73926.22000000,73560.45000000,73817.31000000,386.07817000
1780005600000,73817.31000000,73949.22000000,73448.55000000,73464.80000000,445.66881000
1780009200000,73464.80000000,73714.90000000,73464.79000000,73617.51000000,321.80630000
1780012800000,73617.52000000,73854.77000000,73617.51000000,73716.37000000,592.13944000
1780016400000,73716.37000000,73868.33000000,73463.52000000,73586.83000000,543.44041000
1780020000000,73586.83000000,73646.68000000,73189.11000000,73225.06000000,716.13416000
1780023600000,73225.07000000,73456.63000000,73225.07000000,73301.52000000,271.59006000
1780027200000,73301.53000000,73508.97000000,73210.21000000,73507.69000000,462.74907000
1780030800000,73507.68000000,73719.39000000,73500.00000000,73706.00000000,814.30980000
1780034400000,73706.00000000,73939.19000000,73641.05000000,73786.32000000,283.07172000
1780038000000,73786.32000000,73830.01000000,73373.37000000,73528.56000000,1081.67640000
1780041600000,73528.55000000,73835.58000000,73524.00000000,73653.40000000,690.03943000
1780045200000,73653.40000000,73902.85000000,73649.58000000,73744.96000000,506.90617000
1780048800000,73744.96000000,73749.53000000,73588.13000000,73634.64000000,583.75086000
1780052400000,73634.64000000,73700.41000000,73341.85000000,73487.98000000,417.09649000
1780056000000,73487.98000000,73487.98000000,73202.00000000,73295.73000000,419.42757000
1780059600000,73295.73000000,73346.04000000,72900.46000000,73135.70000000,883.40251000
1780063200000,73135.70000000,73198.17000000,72512.49000000,73096.85000000,1512.76179000
1780066800000,73096.84000000,74200.00000000,73008.98000000,73808.26000000,1809.34020000
1780070400000,73808.25000000,74124.73000000,73565.73000000,74056.50000000,1160.72957000
1780074000000,74056.49000000,74514.10000000,73925.33000000,73980.94000000,2917.46541000
1780077600000,73980.94000000,74065.29000000,73187.25000000,73374.52000000,1065.50146000
1780081200000,73374.51000000,73727.95000000,73239.36000000,73520.28000000,453.16949000
1780084800000,73520.29000000,73760.00000000,73514.00000000,73673.61000000,155.12213000
1780088400000,73673.62000000,73844.00000000,73408.80000000,73409.27000000,412.83689000
1780092000000,73409.27000000,73571.81000000,73379.79000000,73483.52000000,662.84770000
1780095600000,73483.51000000,73510.00000000,73320.00000000,73460.78000000,271.23268000
1780099200000,73460.78000000,73579.82000000,73408.62000000,73498.80000000,545.20652000
1780102800000,73498.80000000,73663.08000000,73472.80000000,73657.90000000,386.87772000
1780106400000,73657.90000000,73786.70000000,73613.85000000,73786.69000000,268.52358000
1780110000000,73786.70000000,73796.43000000,73524.01000000,73524.01000000,339.03494000
1780113600000,73524.01000000,73575.00000000,73216.00000000,73402.84000000,466.81865000
1780117200000,73402.85000000,73635.00000000,73346.85000000,73604.99000000,464.14797000
1780120800000,73604.99000000,73709.91000000,73530.00000000,73584.99000000,331.33867000
1780124400000,73584.99000000,73588.20000000,73486.00000000,73548.60000000,225.56478000
1780128000000,73548.60000000,73567.59000000,73500.02000000,73530.07000000,274.14087000
1780131600000,73530.07000000,73615.47000000,73503.07000000,73615.46000000,201.26346000
1780135200000,73615.46000000,73680.75000000,73592.57000000,73655.85000000,283.97060000
1780138800000,73655.85000000,73655.86000000,73564.62000000,73602.02000000,317.10370000
1780142400000,73602.01000000,73717.07000000,73594.40000000,73698.18000000,369.23500000
1780146000000,73698.17000000,73837.06000000,73676.10000000,73829.31000000,249.39427000
1780149600000,73829.31000000,74100.00000000,73820.91000000,73929.11000000,565.07041000
1780153200000,73929.11000000,74042.88000000,73836.70000000,73930.14000000,301.39896000
1780156800000,73930.13000000,73985.84000000,73880.10000000,73934.99000000,193.46997000
1780160400000,73935.00000000,74047.26000000,73811.30000000,74020.07000000,308.74992000
1780164000000,74020.06000000,74143.76000000,73945.00000000,74043.38000000,188.56655000
1780167600000,74043.39000000,74072.00000000,73971.30000000,74016.65000000,145.42131000
1780171200000,74016.64000000,74016.65000000,73926.68000000,73979.84000000,104.99480000
1780174800000,73979.85000000,74054.00000000,73929.07000000,73981.99000000,224.47070000
1780178400000,73981.99000000,73982.00000000,73796.01000000,73883.30000000,391.66756000
1780182000000,73883.30000000,73995.98000000,73781.30000000,73884.38000000,368.97818000
1780185600000,73884.38000000,74041.72000000,73858.56000000,74038.20000000,241.35407000
1780189200000,74038.20000000,74275.66000000,74028.64000000,74058.01000000,363.47802000
1780192800000,74058.01000000,74243.94000000,73890.49000000,74090.84000000,304.85670000
1780196400000,74090.84000000,74226.78000000,74074.05000000,74150.64000000,189.87382000
1780200000000,74150.64000000,74221.33000000,74109.00000000,74178.40000000,194.38913000
1780203600000,74178.41000000,74207.20000000,74055.16000000,74055.98000000,231.70947000
1780207200000,74055.99000000,74109.39000000,73985.34000000,74054.87000000,141.21825000
1780210800000,74054.86000000,74054.87000000,73836.00000000,73871.24000000,302.07421000
1780214400000,73871.25000000,73980.00000000,73850.05000000,73937.61000000,348.32905000
1780218000000,73937.62000000,74024.00000000,73813.44000000,73841.79000000,323.04158000
1780221600000,73841.79000000,73900.00000000,73699.20000000,73900.00000000,400.29833000
1780225200000,73900.00000000,73972.00000000,73899.99000000,73937.79000000,178.92390000
1780228800000,73937.63000000,73995.88000000,73874.00000000,73920.00000000,222.22652000
1780232400000,73920.00000000,74023.99000000,73807.43000000,73872.80000000,178.44734000
1780236000000,73872.80000000,73872.80000000,73483.05000000,73602.17000000,681.72491000
1780239600000,73602.18000000,73775.79000000,73588.80000000,73655.21000000,266.93299000
1780243200000,73655.20000000,73730.00000000,73400.00000000,73526.14000000,319.75425000
1780246800000,73526.15000000,73734.00000000,73466.67000000,73709.44000000,195.46974000
1780250400000,73709.43000000,73713.34000000,73585.49000000,73603.69000000,214.37074000
1780254000000,73603.68000000,73649.93000000,73456.48000000,73563.42000000,255.80848000
1780257600000,73563.41000000,73760.00000000,73563.41000000,73739.66000000,381.56410000
1780261200000,73739.67000000,73924.00000000,73626.67000000,73892.52000000,391.01047000
1780264800000,73892.52000000,73997.56000000,73686.00000000,73944.62000000,284.29172000
1780268400000,73944.62000000,74198.00000000,73500.00000000,73674.39000000,375.30928000
1780272000000,73674.39000000,74092.00000000,73654.06000000,73885.00000000,366.48970000
1780275600000,73885.01000000,73916.01000000,73278.02000000,73292.92000000,464.54265000
1780279200000,73292.92000000,73892.52000000,73222.00000000,73790.00000000,506.50025000
1780282800000,73789.99000000,74019.58000000,73735.47000000,73769.06000000,460.44243000
1780286400000,73769.06000000,73841.37000000,73348.74000000,73536.01000000,335.64727000
1780290000000,73536.01000000,73541.48000000,73328.32000000,73350.00000000,404.19791000
1780293600000,73349.99000000,73368.00000000,72950.01000000,73135.74000000,740.28999000
1780297200000,73135.75000000,73203.85000000,72704.00000000,72818.00000000,833.64063000
1780300800000,72818.00000000,72921.38000000,72610.03000000,72902.65000000,751.49608000
1780304400000,72902.64000000,73095.64000000,72600.00000000,72880.00000000,2061.21620000
1780308000000,72880.00000000,72900.73000000,72592.27000000,72748.88000000,482.48740000
1780311600000,72748.88000000,72768.11000000,72290.00000000,72479.99000000,769.61036000
1780315200000,72480.00000000,72610.00000000,71902.98000000,72221.73000000,1854.73885000
1780318800000,72221.74000000,72243.52000000,71389.88000000,71711.89000000,3036.53496000
1780322400000,71711.89000000,71887.60000000,71363.43000000,71567.91000000,2060.71568000
1780326000000,71567.91000000,71677.55000000,71066.33000000,71129.62000000,1656.46415000
1780329600000,71129.62000000,71599.95000000,70686.68000000,71564.01000000,2820.57409000
1780333200000,71564.01000000,71800.73000000,71469.64000000,71646.01000000,999.45739000
1780336800000,71646.00000000,71687.28000000,71382.00000000,71498.64000000,667.35668000
1780340400000,71498.64000000,71666.00000000,71386.00000000,71595.24000000,432.84579000
1780344000000,71595.24000000,71690.00000000,71419.64000000,71446.00000000,273.27230000
1780347600000,71445.99000000,71449.98000000,70941.95000000,71038.01000000,573.85796000
1780351200000,71038.01000000,71460.00000000,70840.90000000,71408.00000000,770.63523000
1780354800000,71407.99000000,71583.29000000,71225.29000000,71408.90000000,598.07789000
1780358400000,71408.90000000,71408.90000000,71100.00000000,71289.23000000,677.70318000
1780362000000,71289.24000000,71372.00000000,70607.57000000,70652.47000000,1034.85247000
1780365600000,70652.47000000,70880.63000000,70111.00000000,70846.49000000,1320.14440000
1780369200000,70846.48000000,71041.04000000,70806.00000000,70953.69000000,492.94753000
1780372800000,70953.70000000,71048.00000000,70713.54000000,70810.00000000,489.36754000
1780376400000,70810.00000000,70847.66000000,70267.79000000,70268.96000000,832.11781000
1780380000000,70268.97000000,70442.00000000,69958.49000000,70106.31000000,1507.14949000
1780383600000,70106.31000000,70275.86000000,69733.00000000,70118.42000000,1388.79813000
1780387200000,70118.42000000,70172.00000000,69705.30000000,69821.99000000,944.64990000
1780390800000,69822.00000000,69849.00000000,69324.65000000,69426.01000000,1499.21853000
1780394400000,69426.01000000,69756.00000000,69336.98000000,69652.19000000,904.86792000
1780398000000,69652.18000000,69659.47000000,69397.83000000,69461.72000000,417.59402000
1780401600000,69461.73000000,69548.13000000,68989.61000000,69010.42000000,1382.26152000
1780405200000,69010.41000000,69180.00000000,68757.03000000,68811.91000000,1762.82906000
1780408800000,68809.93000000,68836.00000000,67617.85000000,68019.30000000,3845.79627000
1780412400000,68019.30000000,68094.60000000,67076.00000000,67304.28000000,2543.79469000
1780416000000,67304.29000000,68146.30000000,67228.45000000,67413.44000000,1789.92962000
1780419600000,67413.44000000,67837.53000000,67378.00000000,67492.34000000,905.89150000
1780423200000,67492.34000000,67661.70000000,67124.20000000,67341.99000000,926.14597000
1780426800000,67341.99000000,67498.00000000,66432.00000000,67315.14000000,2333.17121000
1780430400000,67315.14000000,67689.65000000,66911.20000000,67587.77000000,1637.61606000
1780434000000,67587.78000000,67923.24000000,67412.00000000,67566.01000000,765.53933000
1780437600000,67566.01000000,67566.01000000,66244.02000000,66385.20000000,1856.41667000
1780441200000,66385.20000000,66868.62000000,66193.00000000,66760.83000000,1599.39304000
1780444800000,66760.84000000,67204.15000000,66654.00000000,66938.01000000,1238.50805000
1780448400000,66938.01000000,67050.00000000,66472.65000000,66920.00000000,973.29949000
1780452000000,66920.00000000,66920.01000000,66586.17000000,66620.01000000,773.38787000
1780455600000,66620.00000000,66653.67000000,65426.34000000,65849.90000000,2891.72624000
1780459200000,65849.90000000,66623.44000000,65834.00000000,66465.98000000,1263.85794000
1780462800000,66465.99000000,67398.28000000,66465.99000000,67330.01000000,1773.95829000
1780466400000,67330.00000000,67516.00000000,66962.95000000,66983.27000000,1658.04956000
1780470000000,66983.27000000,67334.40000000,66872.01000000,67220.03000000,1003.46306000
1780473600000,67220.03000000,67264.34000000,66974.00000000,67028.00000000,1273.47385000
1780477200000,67028.01000000,67322.00000000,66656.48000000,67075.17000000,1438.06157000
1780480800000,67075.18000000,67476.69000000,67068.51000000,67294.52000000,639.46259000
1780484400000,67294.51000000,67366.82000000,67056.58000000,67067.37000000,489.69833000
1780488000000,67067.37000000,67163.82000000,66782.65000000,67078.72000000,856.74966000
1780491600000,67078.72000000,67244.62000000,66635.00000000,66906.01000000,1223.17247000
1780495200000,66906.00000000,66990.66000000,66643.96000000,66864.95000000,936.44379000
1780498800000,66864.95000000,66898.00000000,66076.00000000,66076.01000000,1521.34921000
1780502400000,66076.01000000,66373.18000000,65555.00000000,66061.83000000,1633.14277000
1780506000000,66061.83000000,66189.80000000,65704.80000000,65964.08000000,810.29365000
1780509600000,65964.08000000,66161.24000000,65744.01000000,66036.57000000,600.59221000
1780513200000,66036.56000000,66054.00000000,65251.00000000,65462.00000000,1198.70968000
1780516800000,65461.99000000,65614.74000000,64766.00000000,65007.27000000,1892.05101000
1780520400000,65007.27000000,65860.00000000,64960.87000000,65768.88000000,1254.10382000
1780524000000,65768.89000000,65841.23000000,64778.15000000,64912.98000000,974.52056000
1780527600000,64912.97000000,64979.99000000,64092.49000000,64142.75000000,1820.23083000
1780531200000,64142.75000000,64428.00000000,63000.00000000,63344.97000000,3512.79677000
1780534800000,63344.98000000,63500.00000000,62100.01000000,62178.10000000,4759.04130000
1780538400000,62178.10000000,63622.70000000,61383.56000000,63231.99000000,6283.29826000
1780542000000,63232.00000000,64540.30000000,63218.48000000,64363.49000000,2402.09774000
1780545600000,64363.49000000,64764.32000000,64265.73000000,64399.99000000,1421.62502000
1780549200000,64399.99000000,64400.00000000,63648.01000000,63955.47000000,1272.84935000
1780552800000,63955.48000000,64481.22000000,63892.00000000,64027.99000000,802.33437000
1780556400000,64027.99000000,64062.81000000,63492.89000000,63603.15000000,1503.87893000
1780560000000,63603.15000000,63904.63000000,63245.90000000,63629.99000000,1570.23316000
1780563600000,63629.99000000,63644.00000000,62703.33000000,63266.00000000,2329.32820000
1780567200000,63266.01000000,63276.00000000,62301.21000000,62420.00000000,3046.35677000
1780570800000,62420.01000000,62833.82000000,62205.00000000,62545.99000000,1649.57305000
1780574400000,62546.00000000,63966.48000000,62392.00000000,63766.82000000,1740.31399000
1780578000000,63766.82000000,64244.00000000,63068.41000000,64230.00000000,2087.69891000
1780581600000,64230.00000000,64494.92000000,63785.33000000,63958.97000000,1314.77170000
1780585200000,63958.97000000,64404.00000000,63691.70000000,63896.17000000,1043.20477000
1780588800000,63896.16000000,63920.00000000,63456.00000000,63563.51000000,778.58090000
1780592400000,63563.51000000,63722.00000000,62944.91000000,63540.97000000,1048.08269000
1780596000000,63540.96000000,64110.28000000,63149.76000000,63819.62000000,1198.01807000
1780599600000,63819.62000000,64163.93000000,63544.00000000,63629.38000000,699.04403000
1780603200000,63629.38000000,63653.20000000,63182.84000000,63638.40000000,753.64631000
1780606800000,63638.40000000,63876.00000000,63106.04000000,63286.21000000,982.36997000
1780610400000,63286.21000000,63772.00000000,63194.00000000,63735.43000000,816.54763000
1780614000000,63735.42000000,63918.00000000,63376.00000000,63885.99000000,561.48382000
1780617600000,63885.99000000,63978.00000000,63396.57000000,63426.72000000,799.55012000
1780621200000,63426.73000000,63566.00000000,63052.00000000,63374.67000000,974.10885000
1780624800000,63374.67000000,63436.00000000,62588.77000000,62617.72000000,1167.70132000
1780628400000,62617.72000000,62888.00000000,62339.00000000,62730.00000000,1221.63780000
1780632000000,62730.00000000,63646.00000000,62487.24000000,63615.23000000,1133.49083000
1780635600000,63615.22000000,63688.00000000,62278.00000000,62329.35000000,1503.31179000
1780639200000,62329.36000000,62634.53000000,61126.01000000,61946.57000000,5277.47749000
1780642800000,61946.57000000,63116.00000000,61378.38000000,63115.99000000,2819.14343000
1780646400000,63115.99000000,63120.98000000,62288.88000000,62454.64000000,1381.33567000
1780650000000,62454.64000000,63259.90000000,62442.00000000,62860.09000000,970.25310000
1780653600000,62860.09000000,62931.81000000,62375.00000000,62536.87000000,753.84533000
1780657200000,62536.87000000,62644.48000000,61964.98000000,61964.99000000,1191.72996000
1780660800000,61964.99000000,62457.86000000,61620.47000000,61959.73000000,1931.26312000
1780664400000,61959.72000000,62326.00000000,60732.35000000,60732.36000000,3644.72891000
1780668000000,60732.36000000,61227.98000000,60334.97000000,60868.97000000,4753.25938000
1780671600000,60868.98000000,61126.00000000,60000.00000000,60438.01000000,4471.76201000
1780675200000,60438.00000000,61547.24000000,59786.00000000,61394.39000000,5595.70288000
1780678800000,61394.38000000,61508.85000000,60660.00000000,60813.99000000,1735.74281000
1780682400000,60814.00000000,60950.00000000,59141.00000000,59395.99000000,3853.37743000
1780686000000,59396.00000000,60459.41000000,59130.91000000,60300.24000000,2562.76919000
1780689600000,60300.24000000,61787.01000000,59940.01000000,61620.01000000,2519.32621000
1780693200000,61620.01000000,62000.00000000,61444.20000000,61670.38000000,1754.60125000
1780696800000,61670.38000000,61966.00000000,61207.82000000,61584.49000000,1799.61028000
1780700400000,61584.49000000,61776.00000000,60518.00000000,61056.47000000,1211.55891000
1780704000000,61056.47000000,61530.05000000,61045.01000000,61273.29000000,769.28059000
1780707600000,61273.29000000,61380.00000000,60954.36000000,61058.95000000,701.07746000
1780711200000,61058.95000000,61176.00000000,60678.00000000,60951.64000000,778.33004000
1780714800000,60951.63000000,60966.86000000,60520.00000000,60687.04000000,696.39105000
1780718400000,60687.05000000,60866.00000000,59500.00000000,60101.27000000,2161.93035000
1780722000000,60101.28000000,61062.00000000,59621.22000000,60942.38000000,2141.23088000
1780725600000,60942.37000000,61276.95000000,60681.00000000,60786.96000000,2095.10137000
1780729200000,60786.96000000,61229.17000000,60733.14000000,61004.95000000,664.31126000
1780732800000,61004.95000000,61500.00000000,60884.00000000,61264.00000000,724.69988000
1780736400000,61264.00000000,61322.00000000,60875.55000000,60981.24000000,580.05282000
1780740000000,60981.24000000,60981.24000000,60198.00000000,60593.00000000,1404.76206000
1780743600000,60593.00000000,60968.00000000,60552.95000000,60802.91000000,764.04290000
1780747200000,60802.90000000,61185.26000000,60641.20000000,61030.63000000,669.86406000
1780750800000,61030.63000000,61100.00000000,60701.41000000,60801.20000000,565.41708000
1780754400000,60801.20000000,61016.00000000,60768.00000000,60791.05000000,409.85585000
1780758000000,60791.06000000,60929.20000000,60396.00000000,60784.00000000,646.35820000
1780761600000,60784.01000000,60971.24000000,60466.56000000,60774.00000000,524.00441000
1780765200000,60774.00000000,60844.00000000,60501.00000000,60576.20000000,599.85374000
1780768800000,60576.19000000,60754.74000000,60393.96000000,60637.21000000,975.00187000
1780772400000,60637.20000000,60786.00000000,60536.00000000,60600.01000000,348.13504000
1780776000000,60600.00000000,60756.00000000,60522.00000000,60711.69000000,328.01265000
1780779600000,60711.69000000,61000.00000000,60707.93000000,60751.21000000,311.33205000
1780783200000,60751.22000000,60818.00000000,60429.09000000,60543.53000000,374.15284000
1780786800000,60543.52000000,60942.75000000,60543.52000000,60884.62000000,562.39032000
1780790400000,60884.62000000,60987.99000000,60746.00000000,60782.01000000,680.45460000
1780794000000,60782.00000000,61664.13000000,60758.00000000,61479.75000000,1285.56920000
1780797600000,61479.75000000,61568.00000000,61184.00000000,61506.74000000,523.36778000
1780801200000,61506.73000000,61778.33000000,61416.10000000,61701.07000000,469.79753000
1780804800000,61701.06000000,61907.07000000,61482.46000000,61890.92000000,486.27163000
1780808400000,61890.92000000,62159.00000000,61647.00000000,61748.10000000,1139.66042000
1780812000000,61748.11000000,62272.00000000,61619.40000000,62101.00000000,1749.12210000
1780815600000,62101.01000000,62416.26000000,61983.46000000,62404.73000000,1528.14980000
1780819200000,62404.72000000,62960.00000000,62259.37000000,62855.01000000,2005.84536000
1780822800000,62855.00000000,62900.00000000,62374.63000000,62530.00000000,1248.75300000
1780826400000,62530.00000000,62570.31000000,62298.39000000,62370.52000000,674.16526000
1780830000000,62370.53000000,62754.45000000,62359.44000000,62621.96000000,794.29873000
1780833600000,62621.97000000,62643.97000000,61577.12000000,61900.67000000,1957.06740000
1780837200000,61900.66000000,61907.64000000,61649.12000000,61700.13000000,1146.18923000
1780840800000,61700.14000000,62312.67000000,61696.98000000,61905.49000000,923.54392000
1780844400000,61905.49000000,62219.92000000,61674.51000000,62093.99000000,527.33835000
1780848000000,62093.99000000,62332.00000000,61966.00000000,62083.64000000,482.96030000
1780851600000,62083.64000000,62330.00000000,62046.62000000,62160.01000000,573.97699000
1780855200000,62160.01000000,62296.00000000,62022.00000000,62030.14000000,373.61361000
1780858800000,62030.15000000,62036.78000000,61184.00000000,61328.00000000,1046.65633000
1780862400000,61327.99000000,61962.47000000,61217.17000000,61878.01000000,569.10903000
1780866000000,61878.00000000,62017.71000000,61652.01000000,61778.41000000,374.19369000
1780869600000,61778.42000000,64234.68000000,61728.11000000,62865.87000000,4892.75492000
1780873200000,62865.87000000,63444.11000000,62803.42000000,63332.01000000,1159.24525000
1780876800000,63332.01000000,63863.06000000,63138.37000000,63631.42000000,1255.61981000
1780880400000,63631.43000000,63643.99000000,62720.86000000,63211.41000000,1129.10442000
1780884000000,63211.41000000,63260.00000000,62918.00000000,63129.93000000,502.88284000
1780887600000,63129.94000000,63458.00000000,62978.36000000,63130.12000000,427.85473000
1780891200000,63130.12000000,63171.10000000,62657.07000000,62684.61000000,553.63898000
1780894800000,62684.61000000,62825.27000000,62408.00000000,62764.00000000,674.10723000
1780898400000,62763.99000000,63144.00000000,62734.00000000,62988.03000000,629.53051000
1780902000000,62988.58000000,63350.00000000,62812.00000000,63283.99000000,976.90780000
1780905600000,63284.00000000,63284.00000000,62992.01000000,63132.83000000,490.75057000
1780909200000,63132.84000000,63577.86000000,63128.47000000,63502.00000000,706.93226000
1780912800000,63501.99000000,63568.19000000,63096.88000000,63172.30000000,982.67290000
1780916400000,63172.30000000,63873.08000000,63058.00000000,63479.61000000,1572.11873000
1780920000000,63479.62000000,63933.18000000,62718.30000000,63872.00000000,2589.09295000
1780923600000,63872.00000000,63943.56000000,63362.10000000,63758.00000000,1304.57724000
1780927200000,63758.00000000,64077.57000000,63560.68000000,63964.08000000,1937.84618000
1780930800000,63964.07000000,64200.00000000,63711.00000000,63774.48000000,2295.29096000
1780934400000,63774.48000000,64046.86000000,63472.00000000,63532.01000000,873.93622000
1780938000000,63532.01000000,63646.00000000,63268.01000000,63550.00000000,1044.76064000
1780941600000,63549.99000000,63690.00000000,63339.98000000,63466.83000000,414.77155000
1780945200000,63466.83000000,63596.00000000,63356.00000000,63372.01000000,379.67287000
1780948800000,63372.01000000,63485.49000000,63160.31000000,63485.49000000,793.95609000
1780952400000,63485.49000000,63850.00000000,63483.41000000,63728.96000000,413.19539000
1780956000000,63728.96000000,63728.96000000,63210.00000000,63440.01000000,571.04903000
1780959600000,63440.00000000,63594.00000000,62978.66000000,63085.99000000,533.11634000
1780963200000,63086.00000000,63184.00000000,62423.07000000,62562.00000000,1868.43384000
1780966800000,62562.00000000,62879.10000000,62546.62000000,62764.01000000,752.22836000
1780970400000,62764.00000000,62874.00000000,62544.11000000,62868.00000000,357.79841000
1780974000000,62867.99000000,62979.94000000,62702.00000000,62875.17000000,780.82683000
1780977600000,62875.18000000,63424.00000000,62748.00000000,63242.36000000,1115.32376000
1780981200000,63242.36000000,63526.01000000,63120.24000000,63338.68000000,946.88593000
1780984800000,63338.69000000,63506.00000000,63230.00000000,63300.00000000,975.96129000
1780988400000,63300.00000000,63443.60000000,63012.00000000,63198.44000000,669.83742000
1780992000000,63198.44000000,63208.86000000,62769.52000000,62849.75000000,844.01531000
1780995600000,62849.75000000,62944.43000000,62590.00000000,62715.37000000,709.25840000
1780999200000,62715.37000000,62835.37000000,62596.00000000,62786.01000000,503.06926000
1781002800000,62786.00000000,62818.00000000,62498.75000000,62711.12000000,472.29218000
1781006400000,62711.12000000,62895.18000000,62421.24000000,62645.15000000,693.60370000
1781010000000,62645.14000000,62738.00000000,62140.00000000,62273.61000000,1172.01624000
1781013600000,62273.62000000,62395.01000000,61148.07000000,61541.95000000,2741.42922000
1781017200000,61541.95000000,61706.86000000,61037.00000000,61131.84000000,1576.39840000
1781020800000,61131.85000000,61484.67000000,60780.00000000,61390.51000000,2117.17514000
1781024400000,61390.51000000,61889.00000000,61390.51000000,61692.01000000,925.52892000
1781028000000,61692.01000000,61964.00000000,61602.00000000,61792.01000000,528.51144000
1781031600000,61792.00000000,62103.39000000,61722.00000000,62098.09000000,436.30940000
1781035200000,62098.09000000,62272.00000000,61954.39000000,62160.00000000,406.81988000
1781038800000,62159.99000000,62176.86000000,61698.00000000,61761.20000000,425.20913000
1781042400000,61761.21000000,61976.00000000,61666.66000000,61717.50000000,276.69194000
1781046000000,61717.50000000,61878.00000000,61556.00000000,61730.00000000,340.59519000
1781049600000,61730.00000000,61930.00000000,61440.00000000,61923.16000000,538.26750000
1781053200000,61923.16000000,61974.70000000,61590.00000000,61714.00000000,336.41204000
1781056800000,61714.00000000,61837.67000000,61235.29000000,61302.36000000,512.06602000
1781060400000,61302.37000000,61594.00000000,61286.00000000,61549.64000000,334.76343000
1781064000000,61549.64000000,61560.00000000,61182.65000000,61295.99000000,306.03442000
1781067600000,61296.00000000,61400.01000000,61080.00000000,61361.17000000,464.90737000
1781071200000,61361.17000000,61521.99000000,61145.50000000,61472.89000000,511.66925000
1781074800000,61472.89000000,61813.34000000,61440.00000000,61687.56000000,937.80783000
1781078400000,61687.56000000,61736.00000000,61168.00000000,61261.55000000,739.92297000
1781082000000,61261.56000000,61421.46000000,60755.00000000,61334.94000000,906.84186000
1781085600000,61334.95000000,61456.00000000,61151.40000000,61386.09000000,340.43647000
1781089200000,61386.09000000,61430.00000000,60867.19000000,61034.04000000,826.04256000
1781092800000,61034.04000000,61950.00000000,60960.00000000,61564.01000000,1340.16125000
1781096400000,61564.00000000,62446.00000000,61444.87000000,62146.42000000,1199.64944000
1781100000000,62146.43000000,62258.01000000,61814.79000000,62195.99000000,902.47236000
1781103600000,62195.99000000,62857.99000000,61852.00000000,62639.23000000,1341.51604000
1781107200000,62639.23000000,62646.00000000,61930.00000000,62219.33000000,748.11357000
1781110800000,62219.33000000,62360.00000000,61654.54000000,61969.99000000,885.28682000
1781114400000,61969.99000000,62162.90000000,61588.80000000,61882.00000000,641.17730000
1781118000000,61881.99000000,62062.98000000,61673.79000000,61942.44000000,400.79146000
1781121600000,61942.45000000,61949.21000000,61688.00000000,61805.51000000,307.34434000
1781125200000,61805.50000000,61805.51000000,61179.19000000,61356.18000000,571.34637000
1781128800000,61356.18000000,61574.00000000,61104.24000000,61381.46000000,578.03926000
1781132400000,61381.46000000,61604.00000000,61166.00000000,61510.99000000,327.64659000
1781136000000,61510.99000000,61974.70000000,61510.99000000,61812.00000000,597.44488000
1781139600000,61812.00000000,62378.00000000,61812.00000000,62206.01000000,839.43174000
1781143200000,62206.01000000,62304.00000000,61944.19000000,62148.00000000,429.18601000
1781146800000,62148.01000000,62848.00000000,62012.00000000,62689.48000000,986.08995000
1781150400000,62689.47000000,62854.00000000,62546.34000000,62726.86000000,589.32674000
1781154000000,62726.85000000,62726.86000000,62556.84000000,62610.00000000,295.46093000
1781157600000,62610.00000000,62997.53000000,62544.89000000,62772.00000000,1198.75098000
1781161200000,62772.01000000,62842.92000000,62612.01000000,62719.39000000,399.47563000
1781164800000,62719.39000000,63050.00000000,62719.38000000,62957.99000000,546.92925000
1781168400000,62958.00000000,62989.97000000,62790.00000000,62927.49000000,401.22464000
1781172000000,62927.49000000,63214.97000000,62789.62000000,63148.00000000,666.36315000
1781175600000,63148.00000000,63257.21000000,63040.01000000,63108.00000000,563.58106000
1781179200000,63108.01000000,63190.00000000,62500.00000000,63010.01000000,1835.01045000
1781182800000,63010.00000000,63239.43000000,62677.84000000,63077.57000000,1087.23984000
1781186400000,63077.71000000,63100.00000000,62732.60000000,62734.02000000,782.87001000
1781190000000,62734.02000000,62887.88000000,62518.10000000,62749.44000000,633.18968000
1781193600000,62749.44000000,62842.00000000,62548.79000000,62582.45000000,564.46406000
1781197200000,62582.45000000,63655.83000000,62348.00000000,63644.19000000,1821.97042000
1781200800000,63644.18000000,63788.00000000,63324.35000000,63461.12000000,793.20489000
1781204400000,63461.12000000,63933.02000000,63390.00000000,63605.68000000,946.18552000
1781208000000,63605.69000000,63663.40000000,63270.00000000,63393.67000000,556.54606000
1781211600000,63393.67000000,63599.99000000,63393.66000000,63519.99000000,269.29173000
1781215200000,63519.99000000,63670.00000000,63462.00000000,63500.01000000,226.24918000
1781218800000,63500.00000000,63700.00000000,63362.00000000,63625.99000000,351.45962000
1781222400000,63626.00000000,63810.01000000,63520.86000000,63648.80000000,1229.60050000
1781226000000,63648.80000000,63648.80000000,63301.53000000,63426.20000000,745.50942000
1781229600000,63426.21000000,63779.11000000,63426.20000000,63624.07000000,398.45121000
1781233200000,63624.07000000,63649.99000000,63357.70000000,63524.82000000,280.54894000
1781236800000,63524.81000000,63863.98000000,63426.48000000,63700.00000000,742.01132000
1781240400000,63700.00000000,63721.31000000,63310.00000000,63358.20000000,603.70673000
1781244000000,63358.20000000,63411.50000000,62829.81000000,62980.45000000,1027.41759000
1781247600000,62980.46000000,63211.74000000,62956.00000000,63100.80000000,852.55681000
1781251200000,63100.80000000,63615.84000000,63100.80000000,63470.81000000,600.81984000
1781254800000,63470.81000000,63953.84000000,63438.00000000,63752.93000000,524.52211000
1781258400000,63752.93000000,63852.00000000,63588.34000000,63702.01000000,872.53513000
1781262000000,63702.01000000,63884.49000000,63684.44000000,63766.01000000,380.80932000
1781265600000,63766.01000000,63775.00000000,63378.00000000,63465.51000000,515.59574000
1781269200000,63465.52000000,63532.59000000,63045.29000000,63229.10000000,851.49099000
1781272800000,63229.10000000,64000.00000000,63190.00000000,63999.99000000,1065.08825000
1781276400000,63999.99000000,64394.44000000,63551.90000000,63593.02000000,1669.96199000
1781280000000,63593.02000000,63996.00000000,63510.16000000,63982.48000000,776.01025000
1781283600000,63982.48000000,64111.10000000,63745.99000000,63865.44000000,456.29271000
1781287200000,63865.45000000,63934.34000000,63686.00000000,63694.00000000,561.84193000
1781290800000,63694.01000000,63830.93000000,63589.27000000,63589.27000000,462.65176000
1781294400000,63589.28000000,63696.41000000,63400.00000000,63449.00000000,328.72463000
1781298000000,63449.01000000,63624.62000000,63440.01000000,63472.00000000,330.50626000
1781301600000,63471.99000000,63658.00000000,63471.99000000,63502.00000000,711.15075000
1781305200000,63502.00000000,63580.01000000,63426.83000000,63580.01000000,409.24822000
1781308800000,63580.00000000,63652.11000000,63507.39000000,63600.01000000,578.94188000
1781312400000,63600.01000000,63840.00000000,63600.01000000,63837.89000000,509.63359000
1781316000000,63837.88000000,63837.89000000,63558.00000000,63646.01000000,450.79285000
1781319600000,63646.01000000,63720.88000000,63418.66000000,63532.00000000,268.55023000
1781323200000,63532.00000000,63663.91000000,63484.00000000,63512.01000000,144.15296000
1781326800000,63512.01000000,63596.00000000,63493.16000000,63584.03000000,658.62782000
1781330400000,63584.03000000,63740.00000000,63550.51000000,63735.74000000,299.54013000
1781334000000,63736.00000000,63883.47000000,63674.98000000,63846.00000000,436.97737000
1781337600000,63845.99000000,63910.00000000,63766.18000000,63806.00000000,227.43934000
1781341200000,63806.00000000,63867.65000000,63742.57000000,63743.12000000,301.95833000
1781344800000,63743.13000000,63908.48000000,63726.57000000,63843.01000000,188.76787000
1781348400000,63843.01000000,63984.53000000,63843.01000000,63971.28000000,479.05156000
1781352000000,63971.28000000,64214.00000000,63921.33000000,64133.12000000,878.04841000
1781355600000,64133.12000000,64245.88000000,64060.00000000,64102.69000000,499.73169000
1781359200000,64102.61000000,64233.73000000,64090.09000000,64220.97000000,206.46033000
1781362800000,64220.96000000,64350.00000000,64186.97000000,64296.15000000,584.92205000
1781366400000,64296.15000000,64307.52000000,63920.05000000,64029.17000000,720.74810000
1781370000000,64029.17000000,64120.00000000,63944.00000000,63971.19000000,301.75645000
1781373600000,63971.20000000,64282.19000000,63971.19000000,64161.46000000,278.72154000
1781377200000,64161.46000000,64333.62000000,64152.00000000,64296.59000000,308.71810000
1781380800000,64296.59000000,64296.60000000,64226.83000000,64278.31000000,179.31890000
1781384400000,64278.31000000,64762.77000000,64226.38000000,64471.04000000,552.39519000
1781388000000,64471.04000000,64556.00000000,64383.61000000,64456.47000000,316.27120000
1781391600000,64456.46000000,64596.99000000,64382.42000000,64458.01000000,589.21574000
1781395200000,64458.01000000,64579.03000000,64380.70000000,64565.00000000,595.05205000
1781398800000,64565.01000000,64710.00000000,64507.25000000,64563.00000000,821.19702000
1781402400000,64563.00000000,64636.00000000,64476.01000000,64490.01000000,260.23317000
1781406000000,64490.01000000,64545.40000000,64466.00000000,64545.30000000,155.67419000
1781409600000,64545.30000000,64563.48000000,64325.61000000,64339.07000000,253.74802000
1781413200000,64339.07000000,64411.20000000,64293.41000000,64338.00000000,429.46847000
1781416800000,64338.00000000,64487.80000000,64232.12000000,64286.10000000,839.75348000
1781420400000,64286.10000000,64445.95000000,64214.00000000,64429.39000000,256.82492000
1781424000000,64429.39000000,64513.82000000,64392.00000000,64456.33000000,192.66954000
1781427600000,64456.33000000,64617.99000000,64321.18000000,64616.00000000,237.38130000
1781431200000,64616.00000000,64664.00000000,64498.01000000,64521.13000000,184.13016000
1781434800000,64521.13000000,64641.90000000,64460.00000000,64546.00000000,228.11339000
1781438400000,64546.01000000,64560.66000000,64295.06000000,64327.53000000,334.09454000
1781442000000,64327.54000000,64398.14000000,64244.00000000,64317.99000000,308.61157000
1781445600000,64318.00000000,64341.43000000,63866.66000000,63983.55000000,781.47067000
1781449200000,63983.56000000,64153.75000000,63980.35000000,64025.07000000,366.74561000
1781452800000,64025.06000000,64208.92000000,63936.00000000,63942.63000000,256.58722000
1781456400000,63942.63000000,64019.38000000,63694.11000000,63732.64000000,617.57994000
1781460000000,63732.65000000,63813.30000000,63678.83000000,63813.30000000,258.88821000
1781463600000,63813.30000000,63861.86000000,63734.71000000,63802.00000000,107.59400000
1781467200000,63801.99000000,64092.40000000,63794.09000000,64008.64000000,243.20360000
1781470800000,64008.64000000,65666.00000000,64007.24000000,65311.59000000,2955.01268000
1781474400000,65311.59000000,65580.00000000,64946.12000000,65426.78000000,1554.15469000
1781478000000,65426.78000000,65800.00000000,65256.21000000,65746.45000000,964.84531000
1781481600000,65746.45000000,65923.00000000,65480.69000000,65625.99000000,1043.52596000
1781485200000,65626.00000000,65734.87000000,65354.00000000,65525.00000000,855.38843000
1781488800000,65525.01000000,65775.15000000,65415.02000000,65472.01000000,587.73145000
1781492400000,65472.01000000,65995.00000000,65422.83000000,65927.10000000,767.65798000
1781496000000,65927.11000000,65927.11000000,65633.28000000,65644.01000000,564.25779000
1781499600000,65644.00000000,65872.00000000,65611.01000000,65858.01000000,477.26671000
1781503200000,65858.00000000,65967.27000000,65775.45000000,65812.01000000,365.24859000
1781506800000,65812.01000000,66000.00000000,65628.45000000,65674.76000000,574.31747000
1781510400000,65674.76000000,65800.00000000,65620.00000000,65662.01000000,363.00480000
1781514000000,65662.00000000,65779.50000000,65512.00000000,65596.86000000,344.30264000
1781517600000,65596.86000000,65973.15000000,65584.37000000,65917.37000000,544.78922000
1781521200000,65917.37000000,66385.12000000,65832.78000000,66233.90000000,1293.72734000
1781524800000,66233.89000000,66600.91000000,66106.00000000,66563.49000000,987.26981000
1781528400000,66563.48000000,66949.22000000,66412.00000000,66447.05000000,1919.26303000
1781532000000,66447.06000000,66675.83000000,66251.58000000,66591.55000000,940.84640000
1781535600000,66591.54000000,67292.15000000,66580.42000000,67292.14000000,1466.95790000
1781539200000,67292.15000000,67292.15000000,67088.83000000,67157.99000000,1096.95936000
1781542800000,67158.00000000,67158.00000000,66585.26000000,66851.79000000,1340.24388000
1781546400000,66851.80000000,66933.86000000,66715.61000000,66766.12000000,590.69175000
1781550000000,66766.13000000,66889.85000000,66348.00000000,66614.35000000,780.39583000
1781553600000,66615.98000000,66681.30000000,66489.86000000,66519.98000000,339.47285000
1781557200000,66519.99000000,66567.38000000,66314.34000000,66368.15000000,347.81382000
1781560800000,66368.15000000,66476.64000000,66076.56000000,66206.34000000,520.15584000
1781564400000,66206.34000000,66368.00000000,66116.59000000,66328.74000000,448.51217000
1781568000000,66328.74000000,66463.26000000,66242.00000000,66250.00000000,457.62239000
1781571600000,66250.00000000,66418.01000000,66248.93000000,66346.52000000,456.63949000
1781575200000,66346.51000000,66367.69000000,65678.14000000,65741.99000000,964.73227000
1781578800000,65742.00000000,66166.61000000,65650.00000000,66165.21000000,802.10485000
1781582400000,66165.21000000,66301.83000000,65802.00000000,65840.09000000,694.50218000
1781586000000,65840.10000000,66150.22000000,65840.09000000,66045.00000000,739.41945000
1781589600000,66044.99000000,66572.99000000,66044.99000000,66446.00000000,556.56171000
1781593200000,66446.01000000,66527.23000000,66300.10000000,66372.00000000,385.79165000
1781596800000,66372.00000000,66992.00000000,66345.06000000,66899.61000000,688.96018000
1781600400000,66899.61000000,66923.99000000,66474.74000000,66510.00000000,600.75927000
1781604000000,66510.01000000,66778.00000000,66486.38000000,66514.00000000,387.22813000
1781607600000,66514.01000000,66643.23000000,66368.36000000,66481.73000000,467.23900000
1781611200000,66481.73000000,66818.00000000,66368.00000000,66429.83000000,562.31913000
1781614800000,66429.84000000,66463.13000000,65928.16000000,66052.00000000,1347.85119000
1781618400000,66052.01000000,66265.80000000,65360.92000000,65654.90000000,1491.76291000
1781622000000,65654.90000000,65999.78000000,65614.30000000,65859.76000000,788.81576000
1781625600000,65859.76000000,65953.97000000,65706.00000000,65758.07000000,338.72091000
1781629200000,65758.07000000,66011.47000000,65710.34000000,65978.79000000,383.38742000
1781632800000,65978.78000000,66248.69000000,65802.00000000,65847.99000000,522.72648000
1781636400000,65848.00000000,65848.00000000,65560.00000000,65675.88000000,617.37667000
1781640000000,65675.89000000,65865.92000000,65592.00000000,65854.00000000,261.11445000
1781643600000,65854.00000000,65938.00000000,65654.90000000,65776.97000000,351.42219000
1781647200000,65776.97000000,65882.00000000,65680.00000000,65780.00000000,228.62751000
1781650800000,65780.01000000,65834.19000000,65626.90000000,65675.01000000,206.37282000
1781654400000,65675.02000000,65848.00000000,65675.02000000,65700.00000000,332.30374000
1781658000000,65700.00000000,65956.56000000,65477.50000000,65940.00000000,549.42502000
1781661600000,65940.00000000,66200.00000000,65788.00000000,65904.00000000,974.93815000
1781665200000,65903.99000000,65904.00000000,65703.45000000,65851.99000000,563.57309000
1781668800000,65852.00000000,66048.19000000,65788.31000000,65892.00000000,473.33682000
1781672400000,65892.01000000,65978.00000000,65746.51000000,65836.30000000,536.04504000
1781676000000,65836.30000000,65896.45000000,65582.63000000,65624.00000000,378.80773000
1781679600000,65624.01000000,65710.00000000,65251.00000000,65539.50000000,697.28548000
1781683200000,65539.51000000,65574.00000000,64833.07000000,64926.02000000,992.25057000
1781686800000,64926.02000000,65076.76000000,64842.01000000,64909.44000000,859.97592000
1781690400000,64909.44000000,64993.97000000,64768.00000000,64798.00000000,597.73840000
1781694000000,64798.00000000,64868.21000000,64565.00000000,64810.01000000,641.24645000
1781697600000,64810.01000000,65108.00000000,64590.53000000,65040.88000000,557.73466000
1781701200000,65040.88000000,65369.53000000,64850.00000000,65278.00000000,961.56723000
1781704800000,65278.00000000,65461.38000000,64772.72000000,65101.45000000,799.61288000
1781708400000,65101.45000000,65855.66000000,64987.74000000,65752.00000000,1172.17515000
1781712000000,65751.99000000,66445.93000000,65722.00000000,65864.12000000,1421.90632000
1781715600000,65864.13000000,66191.98000000,65800.00000000,66104.08000000,377.59846000
1781719200000,66107.99000000,66107.99000000,64800.00000000,65516.00000000,2242.57142000
1781722800000,65516.00000000,65666.00000000,63998.35000000,64301.85000000,2173.56430000
1781726400000,64301.85000000,64488.96000000,64181.33000000,64434.36000000,504.85432000
1781730000000,64434.36000000,64452.00000000,64142.00000000,64257.77000000,458.08471000
1781733600000,64257.77000000,64434.84000000,63915.77000000,64300.01000000,492.23769000
1781737200000,64300.01000000,64529.20000000,64248.00000000,64509.40000000,289.82054000
1781740800000,64509.40000000,64702.00000000,64457.67000000,64468.01000000,396.79150000
1781744400000,64468.01000000,64806.00000000,64466.30000000,64548.74000000,382.95414000
1781748000000,64548.75000000,64776.66000000,64488.00000000,64689.50000000,323.93999000
1781751600000,64689.50000000,64689.50000000,64267.86000000,64282.82000000,548.57792000
1781755200000,64282.82000000,64347.09000000,63826.93000000,63883.41000000,831.20199000
1781758800000,63883.26000000,64020.00000000,63696.29000000,63994.00000000,597.91477000
1781762400000,63994.00000000,64134.33000000,63850.00000000,64083.41000000,767.55142000
1781766000000,64084.00000000,64510.50000000,64015.42000000,64510.44000000,524.85633000
1781769600000,64510.45000000,64646.75000000,64378.25000000,64399.92000000,714.20438000
1781773200000,64399.93000000,64478.00000000,64196.14000000,64199.53000000,300.31875000
1781776800000,64199.53000000,64223.79000000,63910.00000000,64078.61000000,445.57306000
1781780400000,64078.61000000,64196.00000000,63878.14000000,63974.40000000,378.00473000
1781784000000,63974.40000000,64402.01000000,63922.00000000,64378.07000000,417.60478000
1781787600000,64378.06000000,64445.19000000,63800.00000000,63984.00000000,984.80789000
1781791200000,63983.99000000,64203.66000000,63587.30000000,63816.61000000,998.41474000
1781794800000,63816.61000000,63825.99000000,62293.76000000,62369.44000000,2793.66043000
1781798400000,62369.43000000,62814.00000000,62349.42000000,62688.00000000,1271.71361000
1781802000000,62688.00000000,62750.00000000,62272.07000000,62606.00000000,1003.68212000
1781805600000,62606.00000000,62959.75000000,62580.01000000,62708.92000000,727.06223000
1781809200000,62708.93000000,63008.33000000,62636.00000000,62950.79000000,577.63764000
1781812800000,62950.79000000,63274.19000000,62950.79000000,63086.00000000,684.93429000
1781816400000,63086.00000000,63121.81000000,62870.39000000,62971.32000000,466.34172000
1781820000000,62971.32000000,62990.00000000,62742.00000000,62885.85000000,290.36064000
1781823600000,62885.84000000,62985.12000000,62756.60000000,62958.01000000,507.48754000
1781827200000,62958.01000000,63086.00000000,62840.00000000,63020.00000000,786.22825000
1781830800000,63020.00000000,63100.00000000,62852.01000000,63021.86000000,542.43308000
1781834400000,63021.86000000,63110.29000000,62893.71000000,63006.00000000,304.81800000
1781838000000,63006.01000000,63029.64000000,62386.90000000,62773.51000000,835.44020000
1781841600000,62773.52000000,62916.66000000,62409.55000000,62452.01000000,390.96231000
1781845200000,62452.01000000,62744.92000000,62452.00000000,62739.20000000,361.83315000
1781848800000,62739.20000000,62914.73000000,62728.00000000,62894.08000000,252.94439000
1781852400000,62894.09000000,62917.32000000,62504.27000000,62629.99000000,636.21109000
1781856000000,62630.00000000,62782.00000000,62533.33000000,62603.99000000,431.84041000
1781859600000,62604.00000000,62654.00000000,62316.44000000,62390.00000000,921.67320000
1781863200000,62390.01000000,62587.27000000,62383.76000000,62533.25000000,761.99981000
1781866800000,62533.24000000,62684.00000000,62452.52000000,62626.00000000,1001.15104000
1781870400000,62626.00000000,62872.99000000,62353.00000000,62830.01000000,630.52118000
1781874000000,62830.01000000,63415.00000000,62666.00000000,63210.00000000,1078.35943000
1781877600000,63210.00000000,63419.27000000,63010.00000000,63203.53000000,665.42698000
1781881200000,63203.54000000,63283.86000000,63019.26000000,63214.01000000,527.20600000
1781884800000,63214.01000000,63387.80000000,62918.98000000,62971.99000000,1021.41110000
1781888400000,62972.00000000,63263.49000000,62866.99000000,63198.01000000,840.75861000
1781892000000,63198.00000000,63201.95000000,62991.37000000,63110.01000000,341.96414000
1781895600000,63110.01000000,63140.00000000,62942.00000000,63021.60000000,283.46164000
1781899200000,63021.60000000,63274.00000000,62958.59000000,63250.01000000,217.92541000
1781902800000,63250.01000000,63275.64000000,63060.00000000,63075.98000000,181.69443000
1781906400000,63075.99000000,63369.48000000,63048.00000000,63315.28000000,541.93138000
1781910000000,63315.29000000,63666.00000000,63276.00000000,63543.91000000,689.22877000
1781913600000,63543.90000000,63777.00000000,63470.00000000,63530.01000000,640.14667000
1781917200000,63530.01000000,63616.23000000,63404.00000000,63586.28000000,348.64849000
1781920800000,63586.27000000,63586.27000000,63336.01000000,63340.57000000,358.87789000
1781924400000,63340.58000000,63510.00000000,63320.14000000,63476.79000000,268.88477000
1781928000000,63476.79000000,63613.59000000,63402.00000000,63583.53000000,228.62975000
1781931600000,63583.53000000,63907.07000000,63543.46000000,63678.07000000,477.24749000
1781935200000,63678.07000000,63761.99000000,63640.36000000,63744.61000000,191.88822000
1781938800000,63744.61000000,63800.00000000,63594.37000000,63655.21000000,448.48290000
1781942400000,63655.21000000,63664.39000000,63392.41000000,63417.97000000,547.04803000
1781946000000,63417.98000000,63787.74000000,63417.98000000,63741.16000000,349.02093000
1781949600000,63741.16000000,63777.50000000,63592.44000000,63674.70000000,270.16920000
1781953200000,63674.71000000,63798.76000000,63620.74000000,63688.00000000,315.13807000
1781956800000,63688.00000000,63785.76000000,63537.99000000,63655.09000000,292.10361000
1781960400000,63655.10000000,63655.10000000,63278.00000000,63397.78000000,412.69589000
1781964000000,63397.77000000,64150.00000000,63184.21000000,63949.90000000,1101.98952000
1781967600000,63949.90000000,64388.00000000,63836.00000000,64160.04000000,916.57166000
1781971200000,64160.04000000,64167.26000000,63902.58000000,64034.31000000,403.42996000
1781974800000,64034.31000000,64041.07000000,63730.21000000,63834.70000000,482.18112000
1781978400000,63834.70000000,63928.40000000,63788.00000000,63805.89000000,119.99479000
1781982000000,63805.90000000,63968.00000000,63798.00000000,63936.00000000,173.41555000
1781985600000,63935.99000000,63981.09000000,63853.31000000,63925.99000000,210.00109000
1781989200000,63926.00000000,64092.91000000,63918.29000000,64012.40000000,272.00511000
1781992800000,64012.39000000,64350.00000000,63978.12000000,64272.01000000,446.43904000
1781996400000,64272.00000000,64336.91000000,64250.02000000,64298.01000000,247.09349000
1782000000000,64298.01000000,64322.91000000,64237.31000000,64294.00000000,425.19081000
1782003600000,64294.00000000,64323.68000000,64206.17000000,64248.00000000,486.06931000
1782007200000,64248.00000000,64275.12000000,64216.05000000,64241.25000000,230.06330000
1782010800000,64241.26000000,64472.99000000,64234.00000000,64426.00000000,409.22163000
1782014400000,64426.00000000,64588.00000000,64269.45000000,64276.12000000,379.39058000
1782018000000,64276.12000000,64365.43000000,64225.60000000,64256.55000000,166.55047000
1782021600000,64256.56000000,64323.99000000,64200.00000000,64303.46000000,142.55901000
1782025200000,64303.47000000,64303.47000000,64173.08000000,64191.07000000,302.97907000
1782028800000,64191.06000000,64228.00000000,63900.17000000,64014.00000000,328.07237000
1782032400000,64014.00000000,64246.00000000,63961.28000000,64209.16000000,221.03822000
1782036000000,64209.16000000,64408.00000000,64204.00000000,64365.99000000,286.23088000
1782039600000,64366.00000000,64483.95000000,64112.01000000,64176.00000000,438.27788000
1782043200000,64176.00000000,64235.13000000,63952.00000000,64200.00000000,359.32606000
1782046800000,64200.00000000,64200.00000000,64020.01000000,64146.00000000,161.65202000
1782050400000,64146.00000000,64154.00000000,64004.00000000,64145.97000000,189.32902000
1782054000000,64145.97000000,64355.88000000,64120.00000000,64224.00000000,390.79222000
1782057600000,64224.00000000,64254.38000000,64046.00000000,64145.31000000,236.79134000
1782061200000,64145.32000000,64221.44000000,64080.00000000,64151.46000000,205.04149000
1782064800000,64151.47000000,64240.00000000,63933.47000000,64213.81000000,270.92869000
1782068400000,64213.82000000,64298.84000000,64168.73000000,64207.12000000,189.28721000
1782072000000,64207.13000000,64271.21000000,63700.00000000,63848.00000000,420.72845000
1782075600000,63848.00000000,63969.59000000,63510.00000000,63808.01000000,752.88497000
1782079200000,63808.00000000,63864.00000000,63575.04000000,63801.59000000,437.50041000
1782082800000,63801.60000000,63801.60000000,63270.00000000,63311.99000000,604.75792000
1782086400000,63312.00000000,64094.00000000,63312.00000000,63896.01000000,709.82748000
1782090000000,63896.00000000,64823.52000000,63850.80000000,64606.00000000,1331.90666000
1782093600000,64606.00000000,64663.99000000,64250.00000000,64257.99000000,370.38632000
1782097200000,64258.00000000,64459.44000000,63894.98000000,63974.01000000,796.48727000
1782100800000,63974.01000000,64116.44000000,63868.41000000,64100.02000000,327.45142000
1782104400000,64100.01000000,64344.17000000,64088.64000000,64247.74000000,1091.63692000
1782108000000,64247.74000000,64326.00000000,63946.00000000,63989.95000000,416.90070000
1782111600000,63989.96000000,64397.57000000,63968.23000000,64211.19000000,352.41080000
1782115200000,64211.20000000,64350.58000000,64044.00000000,64165.99000000,368.11506000
1782118800000,64166.00000000,64256.20000000,64052.17000000,64145.39000000,200.06309000
1782122400000,64145.40000000,64272.00000000,64065.18000000,64139.21000000,240.08620000
1782126000000,64139.21000000,64768.46000000,64097.08000000,64657.22000000,1063.60877000
1782129600000,64657.22000000,65222.45000000,64579.08000000,65149.57000000,1156.05989000
1782133200000,65149.58000000,65589.76000000,64945.53000000,65578.00000000,1368.64481000
1782136800000,65577.99000000,65622.83000000,64835.00000000,64980.39000000,1096.28772000
1782140400000,64980.39000000,65146.00000000,64757.11000000,64836.95000000,593.12998000
1782144000000,64836.95000000,64862.00000000,64519.00000000,64719.77000000,680.43904000
1782147600000,64719.77000000,64769.98000000,64388.16000000,64602.00000000,523.74444000
1782151200000,64602.00000000,64730.15000000,64311.00000000,64334.01000000,548.78709000
1782154800000,64334.01000000,64499.28000000,64276.00000000,64472.00000000,579.92511000
1782158400000,64472.51000000,64659.43000000,64356.95000000,64433.80000000,399.51938000
1782162000000,64433.80000000,64480.00000000,64134.39000000,64320.57000000,263.43420000
1782165600000,64320.57000000,64396.45000000,63804.59000000,63971.12000000,510.07647000
1782169200000,63971.13000000,64053.33000000,63877.61000000,64020.01000000,434.17969000
1782172800000,64020.01000000,64162.02000000,63828.93000000,64154.99000000,679.20038000
1782176400000,64154.99000000,64273.09000000,63893.33000000,64156.00000000,540.18098000
1782180000000,64156.00000000,64275.38000000,64042.01000000,64204.01000000,319.75420000
1782183600000,64204.01000000,64204.01000000,63968.42000000,64065.35000000,236.76285000
1782187200000,64065.34000000,64095.55000000,63612.62000000,63623.02000000,408.12990000
1782190800000,63623.03000000,63728.00000000,63342.34000000,63400.00000000,850.99416000
1782194400000,63400.00000000,63400.00000000,62568.90000000,62936.01000000,1620.65692000
1782198000000,62936.01000000,63095.00000000,62872.00000000,62886.03000000,1074.96381000
1782201600000,62886.04000000,62945.08000000,61938.00000000,62385.99000000,4988.90507000
1782205200000,62386.00000000,62528.13000000,62350.44000000,62386.00000000,613.23414000
1782208800000,62386.00000000,62586.00000000,62247.20000000,62328.01000000,387.47153000
1782212400000,62328.01000000,62643.99000000,62328.00000000,62507.06000000,456.80185000
1782216000000,62507.05000000,62558.00000000,62189.42000000,62256.60000000,873.94501000
1782219600000,62256.61000000,62538.72000000,61960.00000000,62475.99000000,1294.09387000
1782223200000,62476.00000000,62855.98000000,62406.25000000,62493.63000000,1302.27666000
1782226800000,62493.63000000,62507.99000000,62198.00000000,62487.79000000,630.16435000
1782230400000,62487.79000000,62846.00000000,62428.01000000,62558.00000000,728.22737000
1782234000000,62558.00000000,62693.48000000,62327.95000000,62358.02000000,533.28034000
1782237600000,62358.03000000,62445.21000000,62104.70000000,62241.99000000,492.79838000
1782241200000,62242.00000000,62480.00000000,62230.00000000,62388.49000000,707.45732000
1782244800000,62388.49000000,62531.27000000,62380.25000000,62470.70000000,373.02429000
1782248400000,62470.70000000,62658.93000000,62470.70000000,62599.77000000,367.76027000
1782252000000,62599.77000000,62779.82000000,62526.00000000,62590.00000000,430.92568000
1782255600000,62590.00000000,62799.99000000,62480.39000000,62734.57000000,311.98359000
1782259200000,62734.57000000,63024.40000000,62733.29000000,63014.00000000,799.18478000
1782262800000,63014.00000000,63119.45000000,62772.15000000,62932.19000000,599.06927000
1782266400000,62932.19000000,63013.12000000,62606.09000000,62630.00000000,593.50541000
1782270000000,62630.01000000,62830.00000000,62461.87000000,62729.78000000,770.64134000
1782273600000,62729.78000000,62799.62000000,62525.49000000,62744.42000000,650.06924000
1782277200000,62744.41000000,63073.44000000,62706.00000000,62890.00000000,366.02730000
1782280800000,62889.99000000,62909.98000000,62728.73000000,62780.00000000,219.51090000
1782284400000,62780.01000000,62844.00000000,62610.11000000,62657.99000000,589.75592000
1782288000000,62658.00000000,62807.46000000,62605.28000000,62800.00000000,475.30761000
1782291600000,62800.00000000,62800.01000000,62637.08000000,62681.70000000,493.71643000
1782295200000,62681.70000000,62681.70000000,62412.05000000,62445.99000000,530.71886000
1782298800000,62445.99000000,63239.06000000,62318.88000000,62921.19000000,815.18681000
1782302400000,62921.19000000,62973.20000000,62585.20000000,62618.31000000,517.25346000
1782306000000,62618.31000000,62628.75000000,61255.74000000,61338.01000000,2775.24015000
1782309600000,61338.00000000,61456.00000000,60888.00000000,61113.10000000,2839.40106000
1782313200000,61113.10000000,61150.13000000,60249.82000000,60250.00000000,3237.99155000
1782316800000,60250.00000000,60678.10000000,59622.00000000,59850.00000000,4274.39737000
1782320400000,59850.00000000,60057.18000000,59102.70000000,59404.00000000,3790.18060000
1782324000000,59404.00000000,59930.00000000,59310.85000000,59599.99000000,1583.51728000
1782327600000,59600.00000000,60000.00000000,59530.00000000,59958.30000000,1195.52715000
1782331200000,59958.30000000,61208.48000000,59854.00000000,60956.00000000,1821.39287000
1782334800000,60956.00000000,61144.63000000,60665.75000000,61110.00000000,801.00882000
1782338400000,61109.99000000,61276.00000000,60802.66000000,60873.99000000,523.65642000
1782342000000,60874.00000000,61112.00000000,60830.01000000,61077.99000000,416.02483000
1782345600000,61078.00000000,61163.16000000,60726.77000000,60832.00000000,766.62145000
1782349200000,60832.00000000,60988.00000000,60720.23000000,60928.00000000,615.84376000
1782352800000,60928.00000000,60966.00000000,60700.01000000,60799.08000000,580.03112000
1782356400000,60799.08000000,60910.63000000,60684.94000000,60883.65000000,479.47033000
1782360000000,60883.66000000,61410.00000000,60792.00000000,61357.63000000,536.03927000
1782363600000,61357.63000000,61807.04000000,61280.00000000,61600.01000000,1223.40590000
1782367200000,61600.02000000,61869.02000000,61600.01000000,61732.06000000,539.28770000
1782370800000,61732.06000000,61962.40000000,61670.00000000,61911.04000000,937.71339000
1782374400000,61911.03000000,61920.00000000,61684.87000000,61712.35000000,337.43778000
1782378000000,61712.36000000,61792.00000000,61614.32000000,61739.29000000,327.48572000
1782381600000,61739.29000000,61751.07000000,61257.79000000,61269.94000000,686.26895000
1782385200000,61269.95000000,61422.52000000,61066.00000000,61282.01000000,605.95603000
1782388800000,61282.00000000,61761.35000000,61080.00000000,61244.01000000,1124.99959000
1782392400000,61244.01000000,61369.18000000,58115.01000000,58290.17000000,6396.00513000
1782396000000,58291.70000000,60485.51000000,58291.70000000,59471.50000000,6002.27451000
1782399600000,59471.49000000,59655.86000000,58874.85000000,59557.99000000,2456.01373000
1782403200000,59557.99000000,60067.00000000,59157.63000000,59312.64000000,1765.10919000
1782406800000,59312.64000000,59740.90000000,59139.96000000,59676.01000000,1062.87634000
1782410400000,59676.00000000,59793.34000000,59364.00000000,59512.71000000,978.75101000
1782414000000,59512.71000000,59516.00000000,59168.82000000,59320.00000000,917.28893000
1782417600000,59319.99000000,59741.95000000,59319.99000000,59456.62000000,539.40098000
1782421200000,59456.62000000,60273.81000000,59452.01000000,60211.87000000,617.22274000
1782424800000,60211.86000000,60211.86000000,59740.00000000,59851.27000000,431.60976000
1782428400000,59851.27000000,60191.55000000,59739.99000000,59794.00000000,458.89363000
1782432000000,59794.64000000,59906.71000000,59642.77000000,59667.09000000,875.61527000
1782435600000,59667.09000000,59789.07000000,59228.00000000,59431.50000000,833.71293000
1782439200000,59431.49000000,59456.00000000,58358.77000000,58561.99000000,2633.68350000
1782442800000,58562.00000000,60131.37000000,58337.00000000,60036.01000000,1886.07235000
1782446400000,60036.00000000,60238.77000000,59836.17000000,59920.47000000,843.97840000
1782450000000,59920.47000000,60047.68000000,59736.00000000,59953.30000000,883.13649000
1782453600000,59953.30000000,60459.55000000,59702.00000000,60324.00000000,1504.97927000
1782457200000,60324.00000000,60759.99000000,60283.08000000,60532.00000000,2153.07079000
1782460800000,60532.00000000,60580.00000000,60150.56000000,60245.67000000,803.85464000
1782464400000,60245.90000000,60259.37000000,59583.33000000,59736.01000000,832.22202000
1782468000000,59736.01000000,59858.93000000,59239.78000000,59313.26000000,1050.97441000
1782471600000,59313.26000000,59588.00000000,59259.78000000,59413.24000000,1048.33290000
1782475200000,59413.24000000,60007.91000000,58969.90000000,59185.02000000,1710.35381000
1782478800000,59185.02000000,60216.14000000,58500.10000000,60175.43000000,2730.33879000
1782482400000,60175.42000000,60294.00000000,59390.00000000,59590.73000000,1745.27867000
1782486000000,59590.73000000,60500.00000000,59584.01000000,60328.32000000,1582.87088000
1782489600000,60328.18000000,60583.00000000,59970.00000000,60041.75000000,1128.46917000
1782493200000,60041.76000000,60287.90000000,59952.00000000,60023.97000000,546.63522000
1782496800000,60023.96000000,60158.00000000,59556.00000000,59668.01000000,504.21141000
1782500400000,59668.01000000,60098.00000000,59617.37000000,59751.97000000,708.47753000
1782504000000,59751.96000000,59994.00000000,59571.31000000,59718.00000000,454.05927000
1782507600000,59717.99000000,60050.00000000,59678.00000000,59918.70000000,287.90036000
1782511200000,59918.70000000,60080.00000000,59754.00000000,60048.00000000,335.92054000
1782514800000,60048.00000000,60117.64000000,59923.27000000,60097.27000000,319.40861000
1782518400000,60097.27000000,60197.00000000,59876.22000000,60059.07000000,360.77885000
1782522000000,60059.09000000,60068.00000000,59936.07000000,59945.53000000,245.35114000
1782525600000,59945.53000000,60378.23000000,59921.68000000,60290.01000000,695.38686000
1782529200000,60290.01000000,60412.00000000,60159.91000000,60305.73000000,438.61125000
1782532800000,60305.73000000,60482.00000000,60217.26000000,60239.99000000,303.30454000
1782536400000,60240.00000000,60311.00000000,60136.00000000,60236.76000000,444.91930000
1782540000000,60236.75000000,60500.00000000,60093.33000000,60370.62000000,581.81791000
1782543600000,60370.63000000,60574.00000000,60300.00000000,60548.07000000,825.68653000
1782547200000,60548.06000000,60548.74000000,60371.62000000,60456.00000000,470.55782000
1782550800000,60456.00000000,60511.99000000,60289.55000000,60414.62000000,307.96541000
1782554400000,60414.62000000,60487.31000000,60380.00000000,60420.28000000,137.85110000
1782558000000,60420.28000000,60447.80000000,60198.94000000,60363.65000000,275.39332000
1782561600000,60363.65000000,60430.01000000,60257.03000000,60430.00000000,349.04570000
1782565200000,60430.00000000,60665.74000000,60394.00000000,60588.35000000,434.13389000
1782568800000,60588.35000000,60728.00000000,60510.00000000,60611.50000000,306.64293000
1782572400000,60611.49000000,60941.17000000,60570.00000000,60840.06000000,606.25294000
1782576000000,60840.06000000,60855.03000000,60673.64000000,60807.99000000,239.69380000
1782579600000,60808.00000000,60818.76000000,60413.15000000,60524.88000000,548.67896000
1782583200000,60524.89000000,60576.03000000,60446.25000000,60570.86000000,229.00634000
1782586800000,60570.86000000,60605.41000000,60085.88000000,60175.95000000,414.61342000
1782590400000,60175.95000000,60306.00000000,60173.07000000,60300.00000000,220.12001000
1782594000000,60300.00000000,60482.18000000,60142.00000000,60203.82000000,280.50282000
1782597600000,60203.83000000,60256.56000000,59855.16000000,60228.95000000,377.17485000
1782601200000,60228.96000000,60320.00000000,59952.00000000,60029.00000000,493.73947000
1782604800000,60029.01000000,60190.00000000,60018.00000000,60146.00000000,462.24707000
1782608400000,60146.00000000,60273.38000000,59986.00000000,60222.22000000,267.56528000
1782612000000,60222.21000000,60339.99000000,60054.00000000,60150.45000000,403.64282000
1782615600000,60150.46000000,60275.00000000,60150.45000000,60197.04000000,255.71231000
1782619200000,60197.03000000,60231.83000000,60088.04000000,60133.00000000,191.50597000
1782622800000,60133.01000000,60140.00000000,59753.48000000,59989.17000000,345.08439000
1782626400000,59989.18000000,60030.00000000,59808.00000000,60002.82000000,217.95005000
1782630000000,60002.82000000,60259.68000000,60000.00000000,60219.99000000,361.83587000
1782633600000,60220.00000000,60545.01000000,60140.14000000,60370.00000000,491.60840000
1782637200000,60370.01000000,60462.00000000,60250.81000000,60258.84000000,222.40620000
1782640800000,60258.85000000,60292.48000000,60068.00000000,60166.71000000,181.18756000
1782644400000,60166.71000000,60374.05000000,60100.00000000,60342.00000000,225.05378000
1782648000000,60341.99000000,60457.02000000,60190.00000000,60293.51000000,212.93540000
1782651600000,60293.50000000,60293.51000000,59963.86000000,60071.88000000,369.88204000
1782655200000,60071.89000000,60250.00000000,60018.00000000,60033.00000000,318.13606000
1782658800000,60033.01000000,60130.00000000,59817.28000000,59890.00000000,467.03244000
1782662400000,59890.35000000,59943.90000000,59582.34000000,59690.62000000,567.70369000
1782666000000,59690.62000000,59848.00000000,59403.77000000,59586.01000000,519.06441000
1782669600000,59586.00000000,59700.00000000,59502.00000000,59614.46000000,272.01169000
1782673200000,59614.46000000,59682.00000000,59270.26000000,59481.79000000,301.99561000
1782676800000,59481.78000000,59765.90000000,59474.28000000,59660.00000000,227.14803000
1782680400000,59660.00000000,59796.66000000,59333.33000000,59445.95000000,531.65984000
1782684000000,59445.96000000,59906.00000000,58905.00000000,59067.01000000,983.67622000
1782687600000,59067.00000000,59848.00000000,59011.99000000,59577.01000000,510.09283000
1782691200000,59577.01000000,59700.00000000,59000.01000000,59667.01000000,549.31747000
1782694800000,59667.00000000,59697.00000000,59206.00000000,59440.95000000,647.05387000
1782698400000,59440.95000000,59812.00000000,58900.01000000,59757.46000000,1223.86338000
1782702000000,59757.47000000,60233.00000000,59757.47000000,60049.46000000,780.88525000
1782705600000,60049.45000000,60053.99000000,59746.00000000,59830.00000000,361.46912000
1782709200000,59830.01000000,60102.80000000,59392.02000000,60102.80000000,496.75535000
1782712800000,60102.80000000,60346.27000000,60050.67000000,60075.49000000,683.16036000
1782716400000,60075.50000000,60186.94000000,59936.00000000,60026.00000000,536.94262000
1782720000000,60026.01000000,60093.99000000,59745.46000000,59840.00000000,550.67382000
1782723600000,59840.01000000,60104.00000000,59778.76000000,60057.00000000,747.08903000
1782727200000,60057.00000000,60311.95000000,60056.99000000,60088.00000000,441.90219000
1782730800000,60088.00000000,60216.00000000,59796.00000000,59956.05000000,515.67042000
1782734400000,59956.05000000,60780.57000000,59595.09000000,59948.78000000,2600.10754000
1782738000000,59948.79000000,60340.00000000,59319.90000000,59580.00000000,2144.25430000
1782741600000,59580.00000000,59699.99000000,59011.00000000,59469.67000000,1999.07246000
1782745200000,59469.45000000,59960.00000000,59097.58000000,59824.01000000,1368.05680000
1782748800000,59824.01000000,60030.00000000,59584.48000000,59892.86000000,663.03532000
1782752400000,59892.87000000,60683.84000000,59892.00000000,60413.99000000,1795.75633000
1782756000000,60413.99000000,60520.00000000,60193.87000000,60295.00000000,525.48841000
1782759600000,60295.00000000,60557.50000000,60153.35000000,60433.49000000,501.01522000
1782763200000,60433.50000000,60553.06000000,60295.32000000,60296.00000000,312.86249000
1782766800000,60296.01000000,60585.99000000,60261.89000000,60479.72000000,294.76243000
1782770400000,60479.71000000,60516.00000000,60350.00000000,60352.31000000,211.76202000
1782774000000,60352.31000000,60379.23000000,60194.01000000,60260.21000000,252.18558000
1782777600000,60260.20000000,60276.54000000,59700.00000000,59838.01000000,709.83194000
1782781200000,59838.01000000,60048.98000000,59771.00000000,59939.94000000,341.19535000
1782784800000,59939.94000000,60042.54000000,59755.00000000,59948.24000000,424.27619000
1782788400000,59948.24000000,60031.75000000,59600.00000000,59627.48000000,381.85931000
1782792000000,59627.47000000,59700.00000000,59433.36000000,59492.01000000,774.84820000
1782795600000,59492.01000000,59656.89000000,59360.00000000,59652.13000000,807.92024000
1782799200000,59652.13000000,59712.88000000,59513.72000000,59592.00000000,708.76994000
1782802800000,59592.00000000,59632.00000000,59444.00000000,59524.01000000,762.40668000
1782806400000,59524.01000000,59551.03000000,59189.00000000,59311.92000000,879.64073000
1782810000000,59311.26000000,59420.00000000,59252.00000000,59374.96000000,442.65865000
1782813600000,59374.96000000,59420.00000000,59286.36000000,59334.01000000,300.40182000
1782817200000,59334.01000000,59413.27000000,59123.01000000,59192.70000000,466.77156000
1782820800000,59192.71000000,59192.71000000,58403.51000000,58412.00000000,2043.39825000
1782824400000,58411.99000000,58802.66000000,58228.33000000,58737.18000000,2504.50868000
1782828000000,58737.17000000,59276.60000000,58433.00000000,58482.81000000,1779.99006000
1782831600000,58482.81000000,58796.00000000,58201.00000000,58381.99000000,1563.15031000
1782835200000,58382.00000000,58632.00000000,58241.79000000,58497.65000000,1178.89718000
1782838800000,58497.65000000,58618.65000000,58310.72000000,58417.99000000,632.53618000
1782842400000,58417.99000000,58699.98000000,58351.56000000,58680.87000000,605.07781000
1782846000000,58680.86000000,58839.16000000,58586.01000000,58818.05000000,678.64150000
1782849600000,58818.00000000,58874.99000000,58648.26000000,58732.01000000,428.82351000
1782853200000,58732.00000000,58770.00000000,58509.99000000,58639.99000000,398.14222000
1782856800000,58639.99000000,58806.91000000,58513.80000000,58607.99000000,274.43078000
1782860400000,58607.99000000,58664.00000000,58555.00000000,58624.71000000,551.65078000
1782864000000,58624.71000000,58750.68000000,58310.00000000,58576.00000000,670.64661000
1782867600000,58575.99000000,59022.81000000,57800.19000000,58770.57000000,2987.12539000
1782871200000,58770.58000000,59171.63000000,58663.95000000,59085.00000000,692.74758000
1782874800000,59085.00000000,59318.00000000,58850.00000000,59197.13000000,715.44075000
1782878400000,59197.12000000,59457.00000000,59062.00000000,59339.99000000,480.11636000
1782882000000,59339.99000000,59376.48000000,59126.42000000,59154.33000000,432.30487000
1782885600000,59154.33000000,59156.00000000,58534.31000000,58755.80000000,794.13401000
1782889200000,58755.80000000,58823.90000000,58600.00000000,58768.65000000,479.85852000
1782892800000,58768.64000000,58984.00000000,58500.00000000,58973.99000000,381.93254000
1782896400000,58973.99000000,59091.99000000,58825.61000000,58944.55000000,417.79405000
1782900000000,58944.55000000,58948.47000000,58624.00000000,58659.98000000,405.70309000
1782903600000,58659.97000000,58755.90000000,58550.00000000,58622.03000000,396.69177000
1782907200000,58622.02000000,58676.00000000,58326.00000000,58538.01000000,1716.61119000
1782910800000,58538.00000000,59508.00000000,58536.00000000,59498.03000000,2321.79547000
1782914400000,59498.03000000,60092.00000000,59278.00000000,59542.00000000,3726.20910000
1782918000000,59541.99000000,60536.55000000,59520.51000000,60147.15000000,2322.06211000
1782921600000,60147.15000000,60267.17000000,59865.75000000,59920.00000000,862.80045000
1782925200000,59920.00000000,60239.84000000,59787.35000000,60190.60000000,480.08928000
1782928800000,60190.59000000,60298.00000000,60016.40000000,60171.16000000,343.31457000
1782932400000,60171.16000000,60352.93000000,60000.00000000,60028.67000000,548.14825000
1782936000000,60029.39000000,60198.00000000,59876.00000000,60126.00000000,313.10277000
1782939600000,60126.00000000,60846.95000000,60124.89000000,60815.99000000,1153.57611000
1782943200000,60815.99000000,61334.00000000,60339.00000000,60478.01000000,1877.61599000
1782946800000,60478.00000000,60478.00000000,59984.86000000,60024.00000000,573.62579000
1782950400000,60024.00000000,60028.00000000,59588.00000000,59761.73000000,857.93081000
1782954000000,59761.74000000,60324.99000000,59715.80000000,60175.92000000,634.42084000
1782957600000,60175.91000000,60495.24000000,60015.68000000,60423.10000000,520.93970000
1782961200000,60423.11000000,61121.78000000,60300.02000000,61058.00000000,891.65369000
1782964800000,61057.99000000,61058.00000000,60728.00000000,60787.98000000,793.20588000
1782968400000,60787.98000000,60877.69000000,60488.00000000,60504.54000000,836.16486000
1782972000000,60504.54000000,60652.74000000,60260.00000000,60274.01000000,838.53408000
1782975600000,60274.01000000,60315.93000000,60104.00000000,60149.99000000,593.99067000
1782979200000,60149.99000000,60555.06000000,60132.51000000,60511.99000000,573.38622000
1782982800000,60512.00000000,61437.49000000,60376.13000000,61184.00000000,1895.63178000
1782986400000,61184.00000000,61350.00000000,61051.07000000,61263.68000000,711.10860000
1782990000000,61263.93000000,61388.00000000,61125.58000000,61358.01000000,823.29588000
1782993600000,61358.00000000,61614.00000000,61147.23000000,61542.53000000,1476.64291000
1782997200000,61542.53000000,62053.00000000,61506.00000000,61939.04000000,2503.04906000
1783000800000,61939.04000000,62200.00000000,61394.49000000,61696.61000000,1834.43153000
1783004400000,61696.61000000,61850.86000000,61427.39000000,61612.93000000,955.08900000
1783008000000,61612.93000000,61790.13000000,61108.99000000,61682.34000000,1526.68052000
1783011600000,61682.34000000,61962.43000000,61619.69000000,61667.39000000,742.84693000
1783015200000,61667.40000000,61900.29000000,61664.39000000,61761.36000000,457.24217000
1783018800000,61761.36000000,61763.81000000,61424.00000000,61479.60000000,567.93379000
1783022400000,61479.59000000,61596.00000000,61342.00000000,61584.78000000,435.70751000
1783026000000,61584.77000000,61653.43000000,61516.00000000,61592.26000000,335.09994000
1783029600000,61592.26000000,61596.62000000,61406.28000000,61465.26000000,313.41399000
1783033200000,61465.26000000,61606.00000000,61350.02000000,61560.00000000,263.74127000
1783036800000,61560.00000000,61578.00000000,61248.86000000,61308.75000000,803.35853000
1783040400000,61308.75000000,61733.11000000,61286.00000000,61588.00000000,365.29608000
1783044000000,61588.00000000,61664.62000000,61294.00000000,61440.01000000,718.15053000
1783047600000,61440.01000000,61575.15000000,61324.00000000,61434.00000000,592.37701000
1783051200000,61434.00000000,61524.01000000,61332.76000000,61448.00000000,597.68744000
1783054800000,61448.00000000,61808.00000000,61430.00000000,61700.49000000,669.42027000
1783058400000,61700.49000000,61850.00000000,61612.00000000,61710.01000000,821.56550000
1783062000000,61710.01000000,61864.99000000,61659.32000000,61750.47000000,1075.23435000
1783065600000,61750.47000000,61896.99000000,61554.07000000,61584.00000000,341.60269000
1783069200000,61583.99000000,61783.89000000,61510.01000000,61718.68000000,336.50784000
1783072800000,61718.69000000,62038.00000000,61663.98000000,61916.46000000,481.39402000
1783076400000,61916.46000000,62103.10000000,61840.00000000,62024.02000000,549.87382000
1783080000000,62024.01000000,62174.47000000,61871.66000000,61983.99000000,627.72129000
1783083600000,61984.00000000,62282.00000000,61944.00000000,62116.01000000,790.28341000
1783087200000,62116.00000000,62280.00000000,61700.00000000,62167.48000000,768.79968000
1783090800000,62167.47000000,62400.00000000,61820.00000000,61922.72000000,627.67216000
1783094400000,61922.71000000,62125.99000000,61911.65000000,62104.81000000,308.09730000
1783098000000,62104.81000000,62292.51000000,62068.78000000,62194.00000000,345.47791000
1783101600000,62193.99000000,62250.00000000,62118.00000000,62204.01000000,298.61687000
1783105200000,62204.00000000,62317.64000000,62146.00000000,62210.00000000,345.20311000
1783108800000,62210.00000000,62907.77000000,62186.01000000,62776.92000000,1103.81636000
1783112400000,62776.91000000,62979.86000000,62518.72000000,62732.00000000,530.36622000
1783116000000,62732.00000000,62748.01000000,62538.47000000,62578.00000000,461.77097000
1783119600000,62578.00000000,62707.67000000,62529.03000000,62583.26000000,488.69291000
1783123200000,62583.26000000,62946.00000000,62578.55000000,62756.29000000,451.82518000
1783126800000,62756.29000000,62756.29000000,62404.25000000,62468.44000000,740.55394000
1783130400000,62468.44000000,62576.00000000,62432.00000000,62538.96000000,288.40853000
1783134000000,62538.96000000,62750.00000000,62484.01000000,62627.29000000,272.87320000
1783137600000,62627.28000000,62749.97000000,62590.06000000,62700.00000000,372.06056000
1783141200000,62700.00000000,62700.01000000,62441.29000000,62471.52000000,289.90978000
1783144800000,62471.53000000,62559.43000000,62328.24000000,62500.01000000,328.21302000
1783148400000,62500.01000000,62634.24000000,62470.00000000,62576.00000000,488.37245000
1783152000000,62576.00000000,62674.47000000,62516.46000000,62553.78000000,325.39629000
1783155600000,62553.78000000,62583.99000000,62415.87000000,62494.00000000,256.44372000
1783159200000,62494.01000000,62545.02000000,62445.38000000,62513.00000000,261.05012000
1783162800000,62512.99000000,62563.84000000,62456.24000000,62482.01000000,236.75332000
1783166400000,62482.00000000,62696.78000000,62482.00000000,62664.01000000,160.12973000
1783170000000,62664.01000000,62776.92000000,62542.00000000,62588.84000000,234.91268000
1783173600000,62588.84000000,62738.28000000,62585.53000000,62693.99000000,214.12592000
1783177200000,62693.99000000,63075.46000000,62687.89000000,62943.29000000,746.82104000
1783180800000,62943.29000000,62968.29000000,62786.00000000,62927.29000000,446.26160000
1783184400000,62927.30000000,63439.62000000,62803.00000000,63280.38000000,752.34234000
1783188000000,63280.38000000,63346.00000000,63092.02000000,63172.78000000,347.58599000
1783191600000,63172.79000000,63461.99000000,63123.49000000,63294.72000000,328.68996000
1783195200000,63294.72000000,63392.00000000,63155.37000000,63233.78000000,287.12408000
1783198800000,63233.79000000,63448.00000000,63202.00000000,63297.84000000,239.07967000
1783202400000,63297.83000000,63310.00000000,63160.00000000,63184.99000000,486.87752000
1783206000000,63185.00000000,63241.33000000,62927.98000000,63144.01000000,584.01676000
1783209600000,63144.01000000,63144.01000000,62888.86000000,62991.29000000,348.66174000
1783213200000,62991.30000000,63043.15000000,62800.00000000,62887.94000000,447.61772000
1783216800000,62887.93000000,62926.00000000,62596.08000000,62693.56000000,307.64194000
1783220400000,62693.57000000,62796.39000000,62658.00000000,62769.04000000,211.72564000
1783224000000,62769.03000000,62952.93000000,62712.00000000,62815.99000000,288.42759000
1783227600000,62815.99000000,62815.99000000,62659.65000000,62740.50000000,312.61219000
1783231200000,62740.50000000,62819.91000000,62669.99000000,62782.18000000,269.63913000
1783234800000,62782.18000000,63059.99000000,62718.31000000,63020.21000000,393.71695000
1783238400000,63020.21000000,63104.00000000,62900.00000000,62915.00000000,337.45972000
1783242000000,62915.00000000,62930.16000000,62436.59000000,62622.18000000,562.27226000
1783245600000,62622.18000000,62756.25000000,62536.57000000,62756.12000000,183.32618000
1783249200000,62756.12000000,62812.00000000,62600.03000000,62658.92000000,268.20384000
1783252800000,62658.92000000,62772.00000000,62569.37000000,62745.01000000,294.54856000
1783256400000,62745.00000000,62819.66000000,62644.12000000,62792.00000000,337.44331000
1783260000000,62791.99000000,62818.37000000,62656.02000000,62812.25000000,219.35892000
1783263600000,62812.25000000,62943.59000000,62679.76000000,62740.01000000,243.82359000
1783267200000,62740.01000000,62772.86000000,62590.02000000,62637.48000000,344.55738000
1783270800000,62637.48000000,62820.00000000,62594.38000000,62624.93000000,275.09476000
1783274400000,62624.93000000,62880.00000000,62616.00000000,62820.33000000,372.13939000
1783278000000,62820.33000000,62888.14000000,62714.98000000,62768.88000000,297.34041000
1783281600000,62768.87000000,62836.01000000,62700.00000000,62730.61000000,164.56380000
1783285200000,62730.61000000,63220.00000000,62609.47000000,63092.01000000,428.51084000
1783288800000,63092.00000000,63964.48000000,63005.04000000,63736.00000000,1512.51245000
1783292400000,63735.99000000,63999.00000000,63577.36000000,63650.00000000,750.87927000
1783296000000,63650.01000000,63772.52000000,63350.00000000,63761.99000000,854.38324000
1783299600000,63761.98000000,63920.00000000,63550.00000000,63576.00000000,432.97670000
1783303200000,63576.00000000,63669.45000000,63373.13000000,63460.01000000,398.01222000
1783306800000,63460.01000000,63495.14000000,63136.01000000,63294.00000000,420.90012000
1783310400000,63294.00000000,63402.77000000,63187.98000000,63267.99000000,278.63053000
1783314000000,63267.99000000,63268.00000000,62950.00000000,63114.00000000,702.75025000
1783317600000,63113.99000000,63152.70000000,62972.00000000,62976.00000000,622.44998000
1783321200000,62976.00000000,63120.00000000,62890.00000000,63089.42000000,529.35201000
1783324800000,63089.42000000,63244.00000000,62800.13000000,62904.01000000,536.06880000
1783328400000,62904.01000000,62914.00000000,62630.85000000,62664.77000000,432.26087000
1783332000000,62664.77000000,63030.00000000,62664.76000000,62822.06000000,454.82776000
1783335600000,62822.07000000,63000.00000000,62483.83000000,62483.84000000,610.79996000
1783339200000,62483.84000000,62487.98000000,61668.20000000,61754.01000000,2426.65551000
1783342800000,61754.01000000,62034.00000000,61306.84000000,61768.21000000,3623.91016000
1783346400000,61768.20000000,62411.41000000,61712.54000000,62052.00000000,1203.78704000
1783350000000,62052.00000000,63550.00000000,62052.00000000,63545.98000000,2153.37389000
1783353600000,63545.98000000,63863.00000000,63386.01000000,63732.00000000,1748.98599000
1783357200000,63732.00000000,63976.16000000,63570.16000000,63587.38000000,885.44922000
1783360800000,63587.38000000,63886.00000000,63560.00000000,63696.40000000,345.76423000
1783364400000,63696.40000000,63887.93000000,63652.42000000,63738.52000000,308.11427000
1783368000000,63738.52000000,63892.65000000,63589.41000000,63828.00000000,314.93037000
1783371600000,63828.00000000,64700.00000000,63810.00000000,64489.98000000,1489.51024000
1783375200000,64489.97000000,64500.00000000,64151.01000000,64244.00000000,313.47871000
1783378800000,64244.00000000,64340.76000000,64017.78000000,64042.02000000,347.91230000
1783382400000,64042.93000000,64314.00000000,63997.50000000,64203.99000000,545.80462000
1783386000000,64203.99000000,64204.00000000,63767.04000000,63840.00000000,600.78470000
1783389600000,63840.00000000,63908.00000000,63288.01000000,63322.01000000,624.33941000
1783393200000,63322.01000000,63414.00000000,63150.00000000,63191.01000000,378.30046000
1783396800000,63191.01000000,63288.33000000,63064.00000000,63100.01000000,658.55856000
1783400400000,63100.00000000,63278.99000000,62800.00000000,63128.01000000,725.48406000
1783404000000,63128.00000000,63400.00000000,62984.42000000,63340.00000000,869.08707000
1783407600000,63340.01000000,63445.70000000,63072.10000000,63083.18000000,615.24857000
1783411200000,63083.19000000,63184.00000000,62984.58000000,63104.00000000,444.01670000
1783414800000,63104.00000000,63348.73000000,63063.28000000,63256.00000000,320.22634000
1783418400000,63256.01000000,63467.15000000,63228.17000000,63284.00000000,496.91971000
1783422000000,63284.00000000,63452.00000000,63116.02000000,63406.00000000,399.36572000
1783425600000,63405.99000000,63872.00000000,63396.58000000,63481.39000000,618.18499000
1783429200000,63481.39000000,63482.50000000,63000.00000000,63056.00000000,1055.47861000
1783432800000,63056.00000000,63634.00000000,62671.39000000,63562.05000000,1684.44273000
1783436400000,63562.05000000,64105.00000000,63376.22000000,63930.51000000,2129.05569000
1783440000000,63930.50000000,64243.75000000,63810.00000000,63983.27000000,825.13640000
1783443600000,63983.28000000,64232.00000000,63896.21000000,64186.00000000,713.19138000
1783447200000,64185.99000000,64188.00000000,63672.01000000,63679.99000000,804.35069000
1783450800000,63679.99000000,63894.58000000,63379.69000000,63817.99000000,809.87318000
1783454400000,63818.00000000,63901.75000000,63585.00000000,63697.99000000,461.15497000
1783458000000,63698.00000000,63866.00000000,63313.10000000,63423.94000000,445.13714000
1783461600000,63423.93000000,63660.00000000,63218.00000000,63551.02000000,344.82337000
1783465200000,63551.02000000,63708.00000000,63320.00000000,63363.99000000,265.24316000
1783468800000,63364.00000000,63761.99000000,63307.36000000,63612.77000000,656.59812000
1783472400000,63612.78000000,63649.50000000,62921.78000000,63038.01000000,690.76172000
1783476000000,63038.00000000,63066.00000000,62525.47000000,62979.99000000,1271.45366000
1783479600000,62979.98000000,63094.00000000,62700.18000000,62766.00000000,326.19539000
1783483200000,62766.00000000,62901.49000000,62676.00000000,62800.00000000,435.16461000
1783486800000,62800.01000000,62876.95000000,62558.00000000,62637.88000000,716.63481000
1783490400000,62637.88000000,62746.00000000,62477.04000000,62657.81000000,457.84929000
1783494000000,62657.82000000,62894.89000000,62550.00000000,62888.35000000,483.72380000
1783497600000,62888.34000000,62941.46000000,61855.26000000,62018.36000000,1707.68860000
1783501200000,62018.36000000,62190.01000000,61743.83000000,62057.67000000,2058.44174000
1783504800000,62057.68000000,62199.97000000,61903.45000000,62183.12000000,934.16537000
1783508400000,62183.11000000,62392.04000000,62055.63000000,62299.99000000,576.86496000
1783512000000,62300.00000000,62451.08000000,61953.58000000,61957.73000000,877.49143000
1783515600000,61957.74000000,62090.00000000,61632.23000000,61945.49000000,1130.99240000
1783519200000,61945.49000000,62173.56000000,61712.00000000,61889.83000000,1415.74086000
1783522800000,61889.83000000,61922.00000000,61544.56000000,61704.01000000,1055.91275000
1783526400000,61704.01000000,62164.60000000,61692.00000000,62113.03000000,762.49481000
1783530000000,62113.02000000,62394.32000000,62032.00000000,62104.62000000,518.57431000
1783533600000,62104.62000000,62351.97000000,62045.20000000,62185.32000000,301.10629000
1783537200000,62185.33000000,62292.19000000,62068.00000000,62277.98000000,295.91802000
1783540800000,62277.98000000,62306.54000000,62082.80000000,62099.61000000,601.65946000
1783544400000,62099.62000000,62251.22000000,61956.00000000,62187.17000000,844.23046000
1783548000000,62187.17000000,62350.63000000,62178.00000000,62330.40000000,268.90980000
1783551600000,62330.40000000,62346.60000000,62174.00000000,62290.00000000,231.52530000
1783555200000,62290.01000000,62309.88000000,62058.51000000,62129.99000000,419.84137000
1783558800000,62129.99000000,62642.00000000,61837.10000000,61916.00000000,891.27709000
1783562400000,61916.00000000,62121.21000000,61705.29000000,61788.80000000,588.18699000
1783566000000,61788.79000000,62062.99000000,61730.00000000,61974.34000000,608.39784000
1783569600000,61974.34000000,62456.29000000,61956.46000000,62453.74000000,475.51774000
1783573200000,62453.74000000,62624.61000000,62236.00000000,62589.61000000,907.85360000
1783576800000,62589.61000000,62980.00000000,62485.58000000,62959.96000000,790.33126000
1783580400000,62959.96000000,63283.26000000,62788.06000000,63000.00000000,902.61366000
1783584000000,62999.99000000,63100.10000000,62855.63000000,62903.65000000,872.78917000
1783587600000,62903.66000000,63002.00000000,62786.82000000,62953.40000000,549.43771000
1783591200000,62953.40000000,63056.98000000,62688.00000000,62786.04000000,490.23056000
1783594800000,62786.05000000,62830.00000000,62614.66000000,62786.34000000,613.79257000
1783598400000,62786.33000000,62952.00000000,62465.39000000,62614.02000000,2694.46367000
1783602000000,62614.01000000,63240.15000000,62523.08000000,63028.35000000,732.96491000
1783605600000,63028.36000000,63144.79000000,62666.66000000,63016.00000000,598.40365000
1783609200000,63016.00000000,63261.00000000,62811.10000000,62868.05000000,857.13379000
1783612800000,62868.06000000,62996.00000000,62559.59000000,62700.01000000,532.13757000
1783616400000,62700.01000000,63165.12000000,62668.00000000,63142.79000000,730.95491000
1783620000000,63142.79000000,63500.00000000,63080.00000000,63219.03000000,776.88222000
1783623600000,63219.03000000,63375.73000000,63118.45000000,63248.10000000,606.23375000
1783627200000,63248.09000000,63330.85000000,63177.36000000,63313.38000000,236.61262000
1783630800000,63313.38000000,63397.94000000,63208.91000000,63274.59000000,261.44616000
1783634400000,63274.60000000,63418.00000000,63218.77000000,63218.78000000,274.28375000
1783638000000,63218.78000000,63325.00000000,63060.91000000,63230.00000000,331.02016000
1783641600000,63230.01000000,63255.49000000,62926.01000000,63113.93000000,626.86453000
1783645200000,63113.92000000,63999.99000000,62962.00000000,63749.86000000,1229.10229000
1783648800000,63749.86000000,64050.23000000,63692.76000000,63961.99000000,1017.85326000
1783652400000,63961.99000000,64050.00000000,63822.80000000,63947.20000000,410.93478000
1783656000000,63947.20000000,64176.86000000,63857.64000000,64047.88000000,567.80609000
1783659600000,64047.89000000,64200.00000000,63944.05000000,64115.99000000,507.93600000
1783663200000,64116.00000000,64162.00000000,63836.00000000,63854.71000000,352.90834000
1783666800000,63854.71000000,64011.90000000,63802.02000000,63963.00000000,566.09840000
1783670400000,63963.00000000,64392.00000000,63962.99000000,64246.01000000,945.88564000
1783674000000,64246.00000000,64480.01000000,64102.00000000,64385.09000000,1051.00850000
1783677600000,64385.09000000,64494.84000000,64274.47000000,64407.80000000,400.85807000
1783681200000,64407.80000000,64480.00000000,64341.83000000,64425.18000000,337.28843000
1783684800000,64425.18000000,64608.00000000,63999.00000000,64286.64000000,1081.95063000
1783688400000,64286.65000000,64692.83000000,64152.84000000,64484.00000000,826.67946000
1783692000000,64484.00000000,64516.00000000,63793.43000000,63914.87000000,1338.73193000
1783695600000,63914.88000000,64210.00000000,63898.00000000,64040.00000000,737.82713000
1783699200000,64039.99000000,64220.00000000,63826.57000000,64140.01000000,671.46586000
1783702800000,64140.00000000,64158.58000000,63821.88000000,63823.99000000,491.57909000
1783706400000,63824.00000000,64003.99000000,63732.66000000,63810.00000000,566.18067000
1783710000000,63809.99000000,64077.56000000,63780.00000000,63917.88000000,1227.53052000
1783713600000,63917.88000000,63946.36000000,63656.00000000,63841.25000000,1126.81538000
1783717200000,63841.25000000,64099.56000000,63835.05000000,64011.99000000,307.30047000
1783720800000,64012.00000000,64169.39000000,63981.37000000,64112.29000000,508.14182000
1783724400000,64112.30000000,64222.61000000,64024.00000000,64161.72000000,690.25393000
1783728000000,64161.72000000,64168.49000000,64028.43000000,64124.00000000,315.78502000
1783731600000,64123.99000000,64310.00000000,64004.01000000,64012.95000000,405.42387000
1783735200000,64012.95000000,64166.00000000,63984.07000000,64158.04000000,205.49018000
1783738800000,64158.04000000,64195.04000000,64068.00000000,64150.42000000,174.79238000
1783742400000,64150.42000000,64213.55000000,64080.26000000,64152.00000000,223.52551000
1783746000000,64152.00000000,64221.99000000,64121.07000000,64176.01000000,535.97468000
1783749600000,64176.00000000,64278.00000000,64124.00000000,64219.10000000,302.84507000
1783753200000,64219.09000000,64256.55000000,64152.00000000,64162.18000000,422.67072000
1783756800000,64162.18000000,64300.00000000,64153.87000000,64265.98000000,169.11443000
1783760400000,64265.98000000,64300.00000000,64159.70000000,64167.34000000,347.53946000
1783764000000,64167.35000000,64204.02000000,64129.99000000,64196.00000000,421.25234000
1783767600000,64196.00000000,64215.32000000,64167.99000000,64198.00000000,417.44096000
1783771200000,64197.99000000,64228.00000000,64130.65000000,64195.49000000,408.31399000
1783774800000,64195.48000000,64266.00000000,64159.99000000,64235.66000000,352.18455000
1783778400000,64235.67000000,64504.11000000,64235.66000000,64350.07000000,551.43161000
1783782000000,64350.07000000,64484.01000000,63896.18000000,64175.75000000,1185.62457000
1783785600000,64175.75000000,64273.63000000,64084.00000000,64180.01000000,468.52631000
1783789200000,64180.00000000,64402.00000000,64164.08000000,64315.53000000,272.95245000
1783792800000,64315.53000000,64395.17000000,64288.91000000,64327.99000000,274.24491000
1783796400000,64327.99000000,64338.00000000,64233.23000000,64286.00000000,202.32307000
1783800000000,64286.00000000,64463.83000000,64285.99000000,64382.45000000,197.23083000
1783803600000,64382.44000000,64427.56000000,64338.09000000,64355.99000000,116.51883000
1783807200000,64355.99000000,64424.03000000,64144.47000000,64203.08000000,303.31895000
1783810800000,64203.09000000,64246.00000000,63819.00000000,63819.00000000,877.44963000
1783814400000,63819.01000000,63909.92000000,63702.16000000,63828.47000000,2302.50352000
1783818000000,63828.48000000,64172.66000000,63812.00000000,64133.61000000,394.25068000
1783821600000,64133.61000000,64133.62000000,64029.51000000,64070.39000000,908.56961000
1783825200000,64070.40000000,64223.74000000,64035.68000000,64223.73000000,488.95119000
1783828800000,64223.73000000,64245.87000000,63943.68000000,63999.93000000,412.91320000
1783832400000,63999.94000000,64024.48000000,63900.00000000,63959.93000000,291.33944000
1783836000000,63959.93000000,63962.85000000,63640.83000000,63762.46000000,526.52081000
1783839600000,63762.47000000,63908.39000000,63740.12000000,63885.27000000,506.72582000
1783843200000,63885.28000000,64100.32000000,63884.20000000,63983.18000000,1349.77159000
1783846800000,63983.18000000,64062.17000000,63764.00000000,63961.61000000,3089.49803000
1783850400000,63961.60000000,63961.60000000,63843.40000000,63865.76000000,250.37178000
1783854000000,63865.76000000,64030.00000000,63826.01000000,64018.01000000,158.66802000
1783857600000,64018.00000000,64135.00000000,63970.55000000,64026.00000000,320.06272000
1783861200000,64026.01000000,64097.99000000,63987.40000000,64023.14000000,369.91648000
1783864800000,64023.13000000,64290.11000000,63958.71000000,64203.08000000,261.44826000
1783868400000,64203.08000000,64262.15000000,64117.97000000,64176.00000000,230.70025000
1783872000000,64176.00000000,64209.64000000,64042.00000000,64177.70000000,260.32939000
1783875600000,64177.70000000,64177.74000000,64029.12000000,64078.00000000,243.96602000
1783879200000,64078.00000000,64150.00000000,64018.69000000,64147.99000000,207.74726000
1783882800000,64148.00000000,64270.00000000,64147.30000000,64228.59000000,178.32690000
1783886400000,64228.59000000,64254.00000000,64178.03000000,64198.89000000,158.24040000
1783890000000,64198.90000000,64232.02000000,63891.84000000,63920.40000000,317.29013000
1783893600000,63920.40000000,63923.99000000,63668.00000000,63886.87000000,425.91972000
1783897200000,63886.86000000,63914.85000000,63726.62000000,63780.00000000,260.80581000
1783900800000,63780.00000000,64425.00000000,63568.00000000,64072.01000000,1134.90308000
1783904400000,64072.00000000,64072.01000000,63376.53000000,63412.01000000,1113.66129000
1783908000000,63412.01000000,63541.94000000,63237.26000000,63375.99000000,621.99474000
1783911600000,63376.00000000,63382.95000000,62741.04000000,62806.41000000,1068.82271000
1783915200000,62806.41000000,62911.94000000,62620.13000000,62672.00000000,670.25607000
1783918800000,62672.00000000,62905.68000000,62500.76000000,62799.00000000,816.14848000
1783922400000,62799.01000000,62880.00000000,62710.45000000,62797.55000000,385.11506000
1783926000000,62797.55000000,63070.01000000,62753.69000000,62985.52000000,1476.18790000
1783929600000,62985.53000000,63302.88000000,62935.92000000,63206.97000000,1893.03927000
1783933200000,63206.98000000,63210.00000000,63086.12000000,63100.02000000,663.43575000
1783936800000,63100.02000000,63157.85000000,62862.28000000,62867.89000000,788.29364000
1783940400000,62867.90000000,63135.55000000,62867.90000000,62901.99000000,458.30123000
1783944000000,62901.99000000,62990.04000000,62570.00000000,62625.15000000,689.69237000
1783947600000,62625.15000000,62766.37000000,62164.00000000,62318.00000000,2175.34811000
1783951200000,62318.01000000,62794.97000000,62101.00000000,62791.85000000,1780.86024000
1783954800000,62791.85000000,62983.83000000,62559.58000000,62618.01000000,1226.00074000
1783958400000,62618.00000000,62629.35000000,62212.00000000,62276.00000000,970.69108000
1783962000000,62276.01000000,62370.00000000,61900.00000000,61904.99000000,1161.78052000
1783965600000,61904.99000000,62100.00000000,61824.97000000,62020.00000000,662.51495000
1783969200000,62020.00000000,62292.84000000,61990.00000000,62288.23000000,503.43262000
1783972800000,62288.23000000,62324.74000000,62050.71000000,62210.99000000,294.43026000
1783976400000,62211.00000000,62216.35000000,61897.45000000,62065.06000000,385.18322000
1783980000000,62065.05000000,62224.00000000,61911.31000000,61924.00000000,386.45256000
1783983600000,61924.00000000,62347.46000000,61882.88000000,62334.52000000,355.95615000
1783987200000,62334.52000000,62666.66000000,62272.20000000,62549.54000000,827.98236000
1783990800000,62549.55000000,62640.00000000,62460.03000000,62540.42000000,471.32047000
1783994400000,62540.41000000,62645.00000000,62329.98000000,62544.00000000,510.10327000
1783998000000,62544.00000000,62604.00000000,62314.00000000,62572.89000000,439.89615000
1784001600000,62572.88000000,62768.95000000,62539.71000000,62745.23000000,314.71779000
1784005200000,62745.24000000,62872.00000000,62697.69000000,62737.00000000,625.42470000
1784008800000,62737.00000000,62772.48000000,62566.01000000,62624.05000000,742.03175000
1784012400000,62624.06000000,62655.99000000,62516.93000000,62560.92000000,406.16223000
1784016000000,62560.92000000,62807.94000000,62500.00000000,62713.85000000,377.86259000
1784019600000,62713.85000000,62742.00000000,62534.29000000,62629.55000000,614.55321000
1784023200000,62629.56000000,62908.80000000,62609.47000000,62800.00000000,437.22084000
1784026800000,62800.01000000,62923.06000000,62713.60000000,62844.99000000,302.90008000
1784030400000,62844.99000000,63989.54000000,62780.84000000,63960.00000000,3109.78866000
1784034000000,63959.99000000,64181.99000000,63699.03000000,63840.01000000,1522.71413000
1784037600000,63840.01000000,64346.49000000,63580.99000000,64305.02000000,1089.85313000
1784041200000,64305.01000000,64966.43000000,64194.64000000,64743.99000000,3074.26518000
1784044800000,64744.00000000,64896.86000000,64606.00000000,64730.00000000,1264.07966000
1784048400000,64730.01000000,64730.01000000,64231.77000000,64621.43000000,1156.00933000
1784052000000,64621.43000000,64648.88000000,64477.23000000,64571.98000000,502.24971000
1784055600000,64571.99000000,64704.00000000,64487.38000000,64569.59000000,367.96179000
1784059200000,64569.59000000,64599.00000000,64419.99000000,64572.02000000,281.25074000
1784062800000,64572.02000000,64893.92000000,64526.00000000,64676.90000000,427.49727000
1784066400000,64676.89000000,65100.00000000,64516.00000000,64860.89000000,1268.06322000
1784070000000,64860.89000000,65048.00000000,64782.00000000,65043.98000000,418.50558000
1784073600000,65043.99000000,65065.01000000,64765.12000000,64824.58000000,352.45343000
1784077200000,64824.57000000,64853.08000000,64644.48000000,64674.35000000,610.20031000
1784080800000,64674.35000000,64755.99000000,64488.00000000,64490.87000000,350.99185000
1784084400000,64490.87000000,64840.00000000,64490.86000000,64792.01000000,379.79444000
1784088000000,64792.00000000,64885.99000000,64714.00000000,64746.01000000,289.24746000
1784091600000,64746.01000000,64964.96000000,64602.50000000,64944.06000000,686.50940000
1784095200000,64944.06000000,65277.37000000,64814.00000000,64814.00000000,974.06143000
1784098800000,64814.01000000,64876.00000000,64485.00000000,64549.34000000,1209.74716000
1784102400000,64549.33000000,64797.02000000,64549.33000000,64768.01000000,958.47053000
1784106000000,64768.00000000,64917.94000000,64653.18000000,64671.83000000,542.47841000
1784109600000,64671.84000000,64855.56000000,64614.00000000,64663.00000000,316.30209000
1784113200000,64663.00000000,64767.37000000,64616.11000000,64732.15000000,500.13863000
1784116800000,64732.15000000,65249.90000000,64606.00000000,65164.00000000,1837.40143000
1784120400000,65164.00000000,65577.00000000,64888.00000000,65117.99000000,1942.12357000
1784124000000,65118.00000000,65517.05000000,65070.00000000,65399.81000000,1187.13269000
1784127600000,65399.80000000,65600.00000000,65261.71000000,65427.61000000,1153.25811000
1784131200000,65427.60000000,65470.00000000,64784.83000000,65120.79000000,1423.19665000
1784134800000,65120.80000000,65194.72000000,64972.95000000,65056.10000000,1119.69712000
1784138400000,65056.10000000,65143.57000000,64847.42000000,64860.00000000,1076.85531000
1784142000000,64860.00000000,65000.00000000,64738.49000000,64977.34000000,377.96921000
1784145600000,64977.34000000,65055.39000000,64899.00000000,64968.01000000,239.51973000
1784149200000,64968.02000000,65018.74000000,64789.89000000,64834.31000000,289.23644000
1784152800000,64834.31000000,64982.47000000,64772.00000000,64866.93000000,275.16571000
1784156400000,64866.93000000,64938.00000000,64691.89000000,64756.28000000,309.94630000
1784160000000,64756.28000000,64845.50000000,64500.00000000,64584.07000000,762.20624000
1784163600000,64584.07000000,64830.00000000,64392.01000000,64730.01000000,462.87658000
1784167200000,64730.00000000,64735.09000000,64574.02000000,64642.01000000,327.49099000
1784170800000,64642.00000000,64745.55000000,64555.00000000,64619.95000000,221.04888000
1784174400000,64619.96000000,64692.00000000,64544.04000000,64650.05000000,615.61718000
1784178000000,64650.05000000,64997.52000000,64592.67000000,64917.99000000,618.60530000
1784181600000,64917.99000000,64978.00000000,64630.01000000,64777.32000000,355.62558000
1784185200000,64777.33000000,64777.33000000,64086.12000000,64238.00000000,1138.76345000
1784188800000,64238.00000000,64380.00000000,63888.00000000,64126.85000000,3967.60650000
1784192400000,64126.86000000,64186.83000000,64019.02000000,64090.00000000,3387.73889000
1784196000000,64090.00000000,64269.42000000,64077.75000000,64221.34000000,351.18175000
1784199600000,64221.34000000,64269.42000000,64101.00000000,64256.53000000,377.01841000
1784203200000,64256.52000000,64256.52000000,63838.28000000,63966.01000000,728.30687000
1784206800000,63966.01000000,64480.00000000,63961.14000000,64376.00000000,827.04997000
1784210400000,64375.99000000,64863.07000000,64332.57000000,64543.51000000,993.97642000
1784214000000,64543.51000000,64896.00000000,64320.00000000,64704.73000000,620.57363000
1784217600000,64704.73000000,64712.00000000,64333.33000000,64484.00000000,523.57946000
1784221200000,64484.01000000,64484.01000000,63984.09000000,64069.03000000,616.12218000
1784224800000,64069.04000000,64330.00000000,64052.14000000,64246.01000000,275.58322000
1784228400000,64246.01000000,64301.99000000,64152.00000000,64271.84000000,368.59969000
1784232000000,64271.85000000,64276.00000000,64108.00000000,64114.27000000,169.71905000
1784235600000,64114.25000000,64253.25000000,64101.18000000,64161.99000000,188.09780000
1784239200000,64162.00000000,64240.12000000,63950.01000000,63968.00000000,351.60652000
1784242800000,63968.01000000,64010.58000000,63748.74000000,63830.20000000,515.53223000
1784246400000,63830.20000000,63912.00000000,63612.62000000,63886.00000000,435.36884000
1784250000000,63886.00000000,64067.69000000,63476.00000000,63546.24000000,735.77497000
1784253600000,63546.25000000,63657.99000000,63380.28000000,63482.00000000,818.39465000
1784257200000,63482.00000000,63720.00000000,63482.00000000,63570.00000000,676.04775000
1784260800000,63570.00000000,63576.00000000,63320.00000000,63486.01000000,490.83509000
1784264400000,63486.01000000,63486.01000000,62804.30000000,62839.76000000,1190.44758000
1784268000000,62839.77000000,62998.52000000,62710.00000000,62948.00000000,1200.24888000
1784271600000,62948.00000000,62983.99000000,62800.00000000,62828.11000000,1288.47496000
1784275200000,62828.11000000,62939.04000000,62666.00000000,62888.00000000,838.15570000
1784278800000,62888.01000000,63069.06000000,62852.89000000,62989.46000000,603.45822000
1784282400000,62989.47000000,63201.91000000,62989.47000000,63179.92000000,534.56662000
1784286000000,63179.91000000,63361.70000000,63063.67000000,63298.01000000,617.19974000
1784289600000,63298.00000000,63348.00000000,63069.09000000,63099.75000000,618.64826000
1784293200000,63099.75000000,63180.00000000,62537.56000000,63153.99000000,1381.50027000
1784296800000,63154.00000000,63518.00000000,63051.77000000,63174.00000000,1199.38162000
1784300400000,63174.01000000,63452.00000000,62856.16000000,63452.00000000,702.84059000
1784304000000,63452.00000000,63706.75000000,63312.01000000,63594.00000000,881.75053000
1784307600000,63594.00000000,64228.27000000,63594.00000000,64049.86000000,1210.18889000
1784311200000,64049.85000000,64387.99000000,63894.00000000,64259.73000000,761.86335000
1784314800000,64259.73000000,64259.73000000,63981.20000000,64160.80000000,578.45246000
1784318400000,64160.80000000,64192.57000000,63958.19000000,64120.00000000,456.18305000
1784322000000,64120.01000000,64216.61000000,64064.00000000,64110.00000000,284.21145000
1784325600000,64110.01000000,64147.00000000,63903.63000000,63986.00000000,255.88006000
1784329200000,63986.01000000,64011.08000000,63884.35000000,63931.67000000,430.02036000
1784332800000,63931.67000000,64012.39000000,63895.33000000,63910.04000000,217.92923000
1784336400000,63910.05000000,64000.00000000,63886.65000000,63952.98000000,200.93158000
1784340000000,63952.97000000,64032.60000000,63930.54000000,63967.61000000,372.49980000
1784343600000,63967.61000000,64017.85000000,63928.15000000,64017.84000000,578.99589000
1784347200000,64017.84000000,64017.85000000,63947.09000000,63967.99000000,311.74394000
1784350800000,63968.00000000,63998.00000000,63926.39000000,63967.95000000,153.28461000
1784354400000,63967.95000000,64005.99000000,63950.00000000,63979.67000000,193.68533000
1784358000000,63979.67000000,64026.03000000,63974.94000000,64002.75000000,290.38620000
1784361600000,64002.75000000,64019.64000000,63960.00000000,64006.01000000,293.43528000
1784365200000,64006.01000000,64006.01000000,63887.73000000,63987.76000000,286.53507000
1784368800000,63987.77000000,64026.39000000,63982.34000000,64016.43000000,264.09470000
1784372400000,64016.43000000,64097.22000000,64010.99000000,64069.89000000,259.43503000
1784376000000,64069.89000000,64274.47000000,64057.27000000,64218.00000000,554.94465000
1784379600000,64218.01000000,64218.01000000,63963.00000000,64106.00000000,300.90627000
1784383200000,64105.99000000,64195.01000000,64101.42000000,64126.00000000,182.82691000
1784386800000,64126.00000000,64163.99000000,64037.45000000,64123.12000000,202.91031000
1784390400000,64123.13000000,64314.00000000,64091.48000000,64303.47000000,325.76583000
1784394000000,64303.48000000,64492.00000000,64280.22000000,64480.29000000,572.40254000
1784397600000,64480.28000000,64669.50000000,64462.00000000,64512.41000000,531.00754000
1784401200000,64512.41000000,64597.90000000,64482.00000000,64552.79000000,294.01495000
1784404800000,64552.80000000,64739.64000000,64528.69000000,64693.01000000,554.55726000
1784408400000,64693.02000000,64846.83000000,64614.36000000,64731.72000000,365.29033000
1784412000000,64731.73000000,64865.00000000,64712.29000000,64805.05000000,503.12891000
1784415600000,64805.04000000,64843.30000000,64709.28000000,64834.22000000,220.46796000
1784419200000,64834.21000000,64906.40000000,64769.47000000,64792.08000000,443.04046000
1784422800000,64792.08000000,64792.09000000,64765.99000000,64765.99000000,211.03912000
1784426400000,64766.00000000,64967.25000000,64700.84000000,64826.01000000,574.09127000
1784430000000,64826.01000000,64842.92000000,64620.44000000,64706.18000000,416.11384000
1784433600000,64706.18000000,64795.43000000,64610.89000000,64720.17000000,249.31584000
1784437200000,64720.17000000,64815.65000000,64676.00000000,64724.01000000,206.27533000
1784440800000,64724.00000000,64759.33000000,64694.66000000,64711.69000000,244.79532000
1784444400000,64711.69000000,64784.00000000,64675.00000000,64711.05000000,401.27453000
1784448000000,64711.04000000,64743.00000000,64631.54000000,64707.49000000,602.66232000
1784451600000,64707.48000000,64725.74000000,64500.00000000,64509.99000000,392.93472000
1784455200000,64510.00000000,64700.00000000,64482.00000000,64595.00000000,334.64364000
1784458800000,64595.00000000,64636.28000000,64445.00000000,64467.64000000,208.69371000
1784462400000,64467.65000000,64467.65000000,64285.24000000,64441.15000000,549.28590000
1784466000000,64441.16000000,64516.33000000,64307.72000000,64483.31000000,325.94592000
1784469600000,64483.32000000,64663.04000000,64425.24000000,64593.07000000,328.97060000
1784473200000,64593.07000000,64620.00000000,64500.00000000,64585.32000000,260.30458000
1784476800000,64585.33000000,64644.00000000,64505.21000000,64538.72000000,321.63819000
1784480400000,64538.72000000,64752.00000000,64406.30000000,64547.86000000,402.19584000
1784484000000,64547.86000000,64554.00000000,64280.00000000,64419.99000000,321.71164000
1784487600000,64420.00000000,64467.82000000,64352.00000000,64462.58000000,115.02705000
1784491200000,64462.58000000,64560.00000000,64462.57000000,64535.99000000,100.52602000
1784494800000,64536.00000000,64562.55000000,64350.00000000,64415.75000000,221.49991000
1784498400000,64415.75000000,64900.00000000,64347.89000000,64674.67000000,828.28879000
1784502000000,64674.66000000,64772.00000000,64572.00000000,64722.54000000,319.64020000
1784505600000,64722.55000000,65107.99000000,64416.00000000,64553.84000000,736.05935000
1784509200000,64553.85000000,65029.40000000,64506.00000000,64628.01000000,401.29098000
1784512800000,64628.01000000,64964.00000000,64585.00000000,64827.20000000,378.92701000
1784516400000,64827.19000000,64914.93000000,64644.01000000,64869.80000000,340.53514000
1784520000000,64869.79000000,64869.99000000,64540.00000000,64540.01000000,333.38076000
1784523600000,64540.00000000,64562.00000000,64082.70000000,64128.00000000,978.47191000
1784527200000,64128.01000000,64220.00000000,63765.83000000,63917.98000000,852.13818000
1784530800000,63917.99000000,64315.96000000,63896.00000000,64280.01000000,998.28115000
1784534400000,64280.01000000,64356.00000000,63100.00000000,64049.99000000,3901.45477000
1784538000000,64050.00000000,64276.00000000,64012.80000000,64199.50000000,508.64903000
1784541600000,64199.51000000,64415.42000000,64162.00000000,64301.18000000,339.54836000
1784545200000,64301.18000000,65068.00000000,64273.33000000,65002.01000000,1040.02207000
1784548800000,65002.00000000,65002.83000000,64599.89000000,64640.00000000,1301.45682000
1784552400000,64640.00000000,64763.67000000,64208.00000000,64344.01000000,1171.73283000
1784556000000,64344.01000000,64575.37000000,64077.76000000,64416.01000000,811.23879000
1784559600000,64416.01000000,65666.80000000,64398.15000000,65598.75000000,2563.16846000
1784563200000,65598.75000000,65637.70000000,65336.00000000,65508.50000000,1056.62117000
1784566800000,65508.50000000,65646.55000000,65342.52000000,65587.98000000,673.41436000
1784570400000,65587.99000000,65799.00000000,65204.00000000,65240.01000000,708.20295000
1784574000000,65240.01000000,65274.58000000,65041.05000000,65142.00000000,856.15121000
1784577600000,65142.00000000,65438.00000000,65061.92000000,65367.58000000,339.09983000
1784581200000,65367.57000000,65445.27000000,65272.32000000,65286.02000000,264.99229000
1784584800000,65286.02000000,65286.02000000,65092.66000000,65141.99000000,333.37114000
1784588400000,65142.00000000,65272.21000000,65128.17000000,65255.51000000,435.27846000
1784592000000,65255.51000000,65585.00000000,65148.75000000,65568.01000000,685.78688000
1784595600000,65568.00000000,65658.78000000,65232.65000000,65235.55000000,421.88460000
1784599200000,65235.56000000,65500.00000000,65176.20000000,65414.01000000,382.21075000
1784602800000,65414.01000000,65593.11000000,65411.74000000,65566.78000000,795.51369000
1784606400000,65566.77000000,65742.58000000,65471.69000000,65522.01000000,600.76388000
1784610000000,65522.00000000,65933.24000000,65485.55000000,65751.56000000,864.81950000
1784613600000,65751.56000000,65991.05000000,65634.00000000,65913.00000000,733.43884000
1784617200000,65913.00000000,66245.64000000,65866.00000000,66186.86000000,1338.71722000
1784620800000,66186.86000000,66354.00000000,66129.19000000,66226.44000000,1032.71252000
1784624400000,66226.43000000,66350.00000000,66144.00000000,66291.99000000,472.96398000
1784628000000,66292.00000000,66420.65000000,66176.55000000,66180.00000000,1179.04438000
1784631600000,66180.00000000,66350.00000000,66147.82000000,66345.59000000,752.24871000
1784635200000,66345.59000000,66640.00000000,66255.73000000,66558.82000000,1002.49408000
1784638800000,66558.81000000,66810.97000000,66315.62000000,66786.00000000,1358.43796000
1784642400000,66786.00000000,66956.15000000,66648.27000000,66842.30000000,1722.33044000
1784646000000,66842.29000000,66842.30000000,66517.52000000,66676.54000000,948.73464000
1784649600000,66676.53000000,66764.00000000,66462.32000000,66542.01000000,672.73654000
1784653200000,66542.01000000,66567.59000000,66052.63000000,66207.95000000,1024.80980000
1784656800000,66207.96000000,66358.00000000,66098.71000000,66319.95000000,619.31647000
1784660400000,66319.96000000,66502.80000000,66264.12000000,66444.76000000,623.55174000
1784664000000,66444.76000000,66496.00000000,66359.30000000,66406.57000000,288.41886000
1784667600000,66406.58000000,66408.26000000,66290.00000000,66385.00000000,330.71956000
1784671200000,66385.00000000,66388.35000000,66204.00000000,66304.02000000,432.07240000
1784674800000,66304.02000000,66576.00000000,66228.55000000,66556.16000000,334.55343000
1784678400000,66556.15000000,66739.89000000,66525.54000000,66620.97000000,961.25987000
1784682000000,66620.97000000,66661.79000000,66282.65000000,66433.30000000,801.84590000
1784685600000,66433.29000000,66532.26000000,66298.00000000,66314.12000000,584.20390000
1784689200000,66314.12000000,66371.27000000,66176.00000000,66210.00000000,535.35393000
1784692800000,66209.99000000,66424.00000000,66198.00000000,66381.05000000,1016.50384000
1784696400000,66381.05000000,66381.05000000,65944.51000000,65974.90000000,732.84767000
1784700000000,65974.90000000,66026.93000000,65830.94000000,65934.33000000,677.13061000
1784703600000,65934.34000000,65968.90000000,65701.00000000,65843.48000000,1698.20928000
1784707200000,65843.48000000,66164.57000000,65843.47000000,65987.96000000,1762.03259000
1784710800000,65987.97000000,66082.50000000,65850.00000000,65928.00000000,1983.57551000
1784714400000,65928.01000000,66116.36000000,65898.00000000,66046.02000000,636.27622000
1784718000000,66046.01000000,66092.59000000,65909.16000000,66013.36000000,789.42664000
1784721600000,66013.36000000,66013.37000000,65553.67000000,65636.01000000,572.31956000
1784725200000,65636.01000000,65982.28000000,65559.66000000,65951.39000000,762.44551000
1784728800000,65951.38000000,66204.98000000,65588.00000000,65793.98000000,977.66799000
1784732400000,65793.98000000,66125.00000000,65793.98000000,66047.39000000,689.66439000
1784736000000,66047.38000000,66384.00000000,65911.60000000,66229.01000000,531.34681000
1784739600000,66229.01000000,66275.29000000,65944.00000000,66024.03000000,332.68865000
1784743200000,66024.02000000,66075.91000000,65726.08000000,65895.46000000,372.67709000
1784746800000,65895.46000000,65958.56000000,65691.93000000,65923.19000000,284.49057000
1784750400000,65923.19000000,65986.00000000,65791.79000000,65919.68000000,303.33342000
1784754000000,65919.67000000,66133.98000000,65892.64000000,66072.47000000,345.28683000
1784757600000,66072.48000000,66080.94000000,65932.00000000,66044.17000000,283.82490000
1784761200000,66044.17000000,66138.24000000,65844.30000000,66114.49000000,440.45434000
1784764800000,66114.50000000,66313.14000000,66054.58000000,66058.19000000,818.52742000
1784768400000,66058.20000000,66208.00000000,65751.00000000,65830.00000000,911.89269000
1784772000000,65830.00000000,65843.25000000,65653.23000000,65805.34000000,489.67764000
1784775600000,65805.35000000,65816.00000000,65585.11000000,65662.53000000,518.12407000
1784779200000,65662.53000000,65738.99000000,65590.12000000,65616.48000000,673.83221000
1784782800000,65616.49000000,65797.93000000,65570.12000000,65691.01000000,258.16071000
1784786400000,65691.01000000,65821.17000000,65625.20000000,65790.00000000,198.22051000
1784790000000,65790.00000000,65790.00000000,65351.02000000,65442.13000000,625.49860000
1784793600000,65442.12000000,65665.99000000,65419.75000000,65633.00000000,617.22753000
1784797200000,65632.99000000,65757.99000000,65608.18000000,65638.92000000,505.16907000
1784800800000,65638.92000000,65792.09000000,65589.69000000,65740.00000000,314.19369000
1784804400000,65740.00000000,65740.01000000,65540.93000000,65555.21000000,260.87827000
1784808000000,65555.21000000,65589.41000000,64988.05000000,65167.04000000,1080.21623000
1784811600000,65167.05000000,65221.29000000,64863.62000000,64880.00000000,1019.68548000
1784815200000,64880.00000000,65216.24000000,64822.13000000,64909.99000000,1122.58373000
1784818800000,64910.00000000,65023.68000000,64728.00000000,64958.36000000,1087.45523000
1784822400000,64958.37000000,64961.15000000,64704.57000000,64756.84000000,823.97347000
1784826000000,64756.84000000,64900.00000000,64650.00000000,64681.27000000,610.54166000
1784829600000,64681.26000000,64948.05000000,64680.00000000,64869.12000000,473.57506000
1784833200000,64869.13000000,64934.75000000,64686.56000000,64846.94000000,525.37224000
1784836800000,64846.93000000,65217.93000000,64834.52000000,65147.50000000,435.69297000
1784840400000,65147.50000000,65210.35000000,65014.00000000,65169.81000000,348.67820000
1784844000000,65169.82000000,65227.99000000,65013.94000000,65195.43000000,465.02672000
1784847600000,65195.43000000,65235.43000000,65052.01000000,65098.97000000,514.02333000
1784851200000,65098.98000000,65113.86000000,64762.18000000,64973.99000000,343.41298000
1784854800000,64974.00000000,65168.00000000,64944.37000000,65086.00000000,666.39562000
1784858400000,65086.00000000,65187.57000000,64925.45000000,65116.99000000,432.37390000
1784862000000,65116.99000000,65464.35000000,65078.00000000,65456.70000000,382.69980000
1784865600000,65456.70000000,65469.86000000,65272.26000000,65318.00000000,299.69580000
1784869200000,65318.01000000,65394.00000000,65248.00000000,65325.00000000,372.30415000
1784872800000,65325.01000000,65519.93000000,65278.07000000,65472.00000000,914.26438000
1784876400000,65472.00000000,65808.59000000,65320.69000000,65499.95000000,1219.60281000
1784880000000,65499.94000000,65508.17000000,65302.18000000,65302.18000000,306.26025000
1784883600000,65302.18000000,65314.66000000,64952.38000000,65113.13000000,478.93491000
1784887200000,65113.13000000,65157.99000000,64906.85000000,64950.00000000,716.12782000
1784890800000,64950.01000000,65099.99000000,64857.14000000,65083.43000000,751.17375000
1784894400000,65083.42000000,65133.99000000,64766.00000000,64780.01000000,507.45117000
1784898000000,64780.00000000,64802.00000000,63920.01000000,64155.46000000,2007.68582000
1784901600000,64155.47000000,64198.30000000,63739.75000000,64055.12000000,1591.08926000
1784905200000,64055.11000000,64333.33000000,63858.00000000,64093.85000000,1939.18979000
1784908800000,64093.86000000,64200.00000000,63881.46000000,63958.00000000,529.35925000
1784912400000,63958.01000000,64202.91000000,63905.51000000,64180.00000000,525.47557000
1784916000000,64180.00000000,64290.10000000,64129.75000000,64272.00000000,390.98725000
1784919600000,64272.01000000,64292.44000000,64141.18000000,64225.32000000,579.59462000
1784923200000,64225.32000000,64288.02000000,64128.89000000,64170.23000000,214.82759000
1784926800000,64170.24000000,64258.73000000,64122.29000000,64155.00000000,651.81342000
1784930400000,64155.00000000,64216.27000000,64121.86000000,64169.01000000,587.59798000
1784934000000,64169.01000000,64187.40000000,64134.71000000,64139.99000000,412.95391000
1784937600000,64140.00000000,64179.03000000,64033.18000000,64073.61000000,386.54772000
1784941200000,64073.61000000,64160.00000000,64006.55000000,64068.01000000,493.07694000
1784944800000,64068.00000000,64099.99000000,64017.87000000,64052.00000000,479.58839000
1784948400000,64052.01000000,64105.61000000,64016.65000000,64085.36000000,469.51581000
1784952000000,64085.36000000,64205.67000000,64085.15000000,64181.46000000,171.38031000
1784955600000,64181.45000000,64199.76000000,63980.01000000,64024.00000000,245.62438000
1784959200000,64024.00000000,64063.37000000,63964.57000000,64010.00000000,248.54758000
1784962800000,64010.00000000,64038.52000000,64000.00000000,64003.20000000,408.36611000
1784966400000,64003.20000000,64010.01000000,63810.00000000,63876.06000000,507.52898000
1784970000000,63876.07000000,64024.72000000,63830.00000000,63999.99000000,1813.61210000
1784973600000,64000.00000000,64070.00000000,63996.00000000,64070.00000000,200.57959000
1784977200000,64069.99000000,64113.00000000,64047.09000000,64064.01000000,226.46632000
1784980800000,64064.01000000,64123.80000000,64043.00000000,64123.80000000,179.41020000
1784984400000,64123.80000000,64267.78000000,64106.74000000,64172.00000000,285.46591000
1784988000000,64172.01000000,64217.09000000,64126.00000000,64214.04000000,270.20323000
1784991600000,64214.05000000,64272.00000000,64169.99000000,64182.00000000,193.98029000
1784995200000,64182.01000000,64241.71000000,64123.00000000,64206.60000000,126.61028000
1784998800000,64206.61000000,64356.00000000,64194.37000000,64267.40000000,187.81706000
1785002400000,64267.41000000,64475.28000000,64267.41000000,64415.99000000,314.52068000
1785006000000,64415.99000000,64438.12000000,64388.38000000,64388.38000000,219.49730000
1785009600000,64388.39000000,64392.74000000,64313.00000000,64339.75000000,213.90166000
1785013200000,64339.75000000,64430.00000000,64263.03000000,64344.02000000,177.06463000
1785016800000,64344.02000000,64426.00000000,64344.01000000,64412.00000000,625.93723000
1785020400000,64412.01000000,64429.38000000,64363.00000000,64375.00000000,417.80760000
1785024000000,64375.01000000,64507.00000000,64350.00000000,64506.99000000,256.73658000
1785027600000,64506.99000000,64541.66000000,64456.67000000,64462.00000000,277.18148000
1785031200000,64462.00000000,64527.59000000,64427.59000000,64527.56000000,117.02260000
1785034800000,64527.57000000,64582.00000000,64488.73000000,64557.00000000,304.96319000
1785038400000,64557.00000000,64599.95000000,64491.73000000,64530.06000000,425.16453000
1785042000000,64530.06000000,64530.07000000,64403.95000000,64417.69000000,131.14508000
1785045600000,64417.68000000,64457.55000000,64293.81000000,64438.00000000,408.23581000
1785049200000,64438.01000000,64460.00000000,64341.99000000,64370.00000000,273.49735000
1785052800000,64370.00000000,64493.99000000,64353.00000000,64480.01000000,204.14991000
1785056400000,64480.02000000,64549.02000000,64478.38000000,64538.00000000,164.82486000
1785060000000,64538.01000000,64573.73000000,64497.62000000,64515.40000000,137.04740000
1785063600000,64515.39000000,64535.99000000,64495.17000000,64507.35000000,174.84399000
1785067200000,64507.36000000,64662.99000000,64434.00000000,64466.67000000,319.29329000
1785070800000,64466.68000000,64571.42000000,64414.00000000,64518.00000000,319.15410000
1785074400000,64517.99000000,64768.23000000,64517.99000000,64712.99000000,504.24215000
1785078000000,64713.00000000,64827.00000000,64673.42000000,64768.00000000,313.86895000
1785081600000,64768.00000000,64940.51000000,64703.23000000,64734.17000000,420.05042000
1785085200000,64734.17000000,64794.45000000,64668.91000000,64697.20000000,347.81315000
1785088800000,64697.21000000,64769.99000000,64668.91000000,64734.38000000,114.76281000
1785092400000,64734.39000000,64753.00000000,64671.91000000,64695.52000000,369.55718000
1785096000000,64695.52000000,64703.36000000,64631.57000000,64649.04000000,120.01782000
1785099600000,64649.04000000,64924.00000000,64649.03000000,64858.02000000,268.26505000
1785103200000,64858.03000000,65502.60000000,64858.03000000,65412.68000000,1331.07392000
1785106800000,65412.69000000,65577.00000000,65273.76000000,65399.99000000,630.14927000
1785110400000,65400.00000000,65418.81000000,65065.46000000,65131.95000000,465.77387000
1785114000000,65131.96000000,65225.75000000,64892.03000000,65206.21000000,478.78723000
1785117600000,65206.21000000,65281.64000000,65118.08000000,65172.00000000,475.81825000
1785121200000,65172.02000000,65367.73000000,65161.99000000,65284.00000000,519.18282000
1785124800000,65284.00000000,65500.00000000,65242.69000000,65282.80000000,331.55981000
1785128400000,65282.81000000,65493.38000000,65282.80000000,65468.38000000,284.79372000
1785132000000,65468.38000000,65744.60000000,65404.90000000,65416.76000000,867.34730000
1785135600000,65416.77000000,65447.02000000,65217.16000000,65221.99000000,1066.09119000
1785139200000,65221.99000000,65258.00000000,65128.85000000,65162.98000000,724.97518000
1785142800000,65162.98000000,65348.17000000,65100.00000000,65262.17000000,1478.16072000
1785146400000,65262.18000000,65432.00000000,65230.01000000,65333.35000000,412.29993000
1785150000000,65333.35000000,65333.36000000,65092.00000000,65100.79000000,287.15002000
1785153600000,65100.79000000,65255.76000000,64836.00000000,65086.00000000,587.73231000
1785157200000,65086.00000000,65718.00000000,64913.12000000,65217.37000000,1076.54142000
1785160800000,65217.38000000,65431.90000000,64459.82000000,64687.45000000,1132.47674000
1785164400000,64687.45000000,64776.00000000,64418.01000000,64554.01000000,596.28993000
1785168000000,64554.00000000,64970.93000000,64517.78000000,64898.52000000,473.37301000
1785171600000,64898.53000000,65090.00000000,64794.37000000,65019.81000000,404.49207000
1785175200000,65019.81000000,65058.32000000,64755.67000000,64878.00000000,323.26344000
1785178800000,64878.00000000,65078.00000000,64810.90000000,64984.00000000,291.82434000
1785182400000,64983.99000000,65056.00000000,64908.01000000,64960.65000000,197.69959000
1785186000000,64960.64000000,64960.65000000,64790.28000000,64821.25000000,238.07403000
1785189600000,64821.26000000,64821.26000000,63792.00000000,63792.00000000,1130.54656000
1785193200000,63792.01000000,63940.27000000,63605.56000000,63755.86000000,947.65195000
1785196800000,63755.86000000,63827.49000000,63469.30000000,63487.88000000,711.04544000
1785200400000,63487.88000000,63529.89000000,63059.39000000,63230.83000000,1245.20979000
1785204000000,63230.82000000,63305.94000000,63108.00000000,63185.59000000,429.21894000
1785207600000,63185.59000000,63375.39000000,63168.01000000,63343.83000000,728.50056000
1785211200000,63343.82000000,63361.85000000,63221.26000000,63350.95000000,343.17382000
1785214800000,63350.95000000,63623.50000000,63323.09000000,63451.61000000,390.51839000
1785218400000,63451.62000000,63660.72000000,63395.13000000,63640.63000000,460.72288000
1785222000000,63640.63000000,63668.71000000,63455.58000000,63505.99000000,985.98530000
1785225600000,63506.00000000,63546.36000000,63406.11000000,63428.08000000,281.48766000
1785229200000,63428.07000000,63581.33000000,63368.81000000,63393.99000000,315.43759000
1785232800000,63393.99000000,63555.18000000,63294.00000000,63473.47000000,416.03570000
1785236400000,63473.48000000,63593.00000000,63352.00000000,63450.00000000,405.45329000
1785240000000,63449.99000000,63570.00000000,63364.96000000,63546.65000000,440.98415000
1785243600000,63546.65000000,63588.00000000,62742.47000000,63104.00000000,1615.91422000
1785247200000,63104.00000000,63550.00000000,62965.38000000,63412.45000000,868.98588000
1785250800000,63412.45000000,64026.62000000,63269.28000000,63928.47000000,945.11572000
1785254400000,63928.46000000,64100.00000000,63773.65000000,64043.26000000,517.94749000
1785258000000,64043.27000000,64043.27000000,63504.00000000,63685.88000000,527.24876000
1785261600000,63685.88000000,63849.09000000,63672.26000000,63734.49000000,311.51290000
1785265200000,63734.49000000,63904.00000000,63675.93000000,63904.00000000,333.27009000
1785268800000,63904.00000000,64018.39000000,63880.00000000,63917.55000000,300.22119000
1785272400000,63917.55000000,64073.30000000,63892.00000000,63972.44000000,227.23863000
1785276000000,63972.44000000,64020.76000000,63768.47000000,63783.71000000,319.67019000
1785279600000,63783.72000000,63956.40000000,63562.00000000,63915.00000000,768.93138000
1785283200000,63915.00000000,64200.00000000,63873.54000000,63953.99000000,862.01004000
1785286800000,63954.00000000,63999.00000000,63690.00000000,63705.06000000,643.74129000
1785290400000,63705.07000000,64132.42000000,63658.00000000,63979.96000000,459.75103000
1785294000000,63979.96000000,64002.00000000,63710.00000000,63753.03000000,381.54189000
1785297600000,63753.04000000,63970.92000000,63598.00000000,63968.34000000,635.48596000
1785301200000,63968.34000000,64094.20000000,63890.07000000,64067.32000000,612.17163000
1785304800000,64067.32000000,64471.00000000,64026.64000000,64435.62000000,959.62083000
1785308400000,64435.63000000,64575.99000000,64402.67000000,64561.00000000,512.31101000
1785312000000,64561.01000000,64588.00000000,64283.83000000,64417.31000000,442.88681000
1785315600000,64417.31000000,64744.81000000,64386.94000000,64698.00000000,689.93306000
1785319200000,64698.01000000,64718.00000000,64410.24000000,64469.83000000,337.46395000
1785322800000,64469.84000000,64591.73000000,64422.50000000,64507.54000000,317.77588000
1785326400000,64507.53000000,64507.54000000,64215.93000000,64276.81000000,475.51580000
1785330000000,64276.82000000,64667.18000000,64139.68000000,64664.70000000,795.56970000
1785333600000,64664.69000000,64718.87000000,64047.71000000,64108.01000000,736.50705000
1785337200000,64108.01000000,64195.00000000,63886.00000000,63964.01000000,727.70384000
1785340800000,63964.01000000,64146.53000000,63624.15000000,63808.33000000,758.02868000
1785344400000,63808.33000000,64286.71000000,63709.19000000,64269.83000000,486.13508000
1785348000000,64269.83000000,64648.79000000,63758.00000000,64501.52000000,1896.70634000
1785351600000,64501.52000000,64600.00000000,63511.00000000,63589.46000000,1453.05091000
1785355200000,63589.46000000,63746.42000000,63378.09000000,63522.01000000,788.59239000
1785358800000,63522.01000000,63860.00000000,63267.34000000,63860.00000000,771.02443000
1785362400000,63860.00000000,64131.44000000,63859.99000000,63942.50000000,704.70887000
1785366000000,63942.50000000,64067.12000000,63899.00000000,63984.28000000,331.88265000
1785369600000,63984.29000000,64125.61000000,63603.92000000,63696.72000000,649.94769000
1785373200000,63696.73000000,64370.00000000,63690.00000000,64266.00000000,686.07285000
1785376800000,64266.01000000,64411.76000000,64159.63000000,64189.99000000,575.17340000
1785380400000,64190.00000000,64300.91000000,64133.99000000,64161.98000000,422.82640000
1785384000000,64161.98000000,64180.00000000,64008.50000000,64023.99000000,927.45873000
1785387600000,64024.00000000,64182.00000000,63907.85000000,64033.89000000,766.12333000
1785391200000,64033.90000000,64080.00000000,63957.20000000,64002.00000000,642.99866000
1785394800000,64001.99000000,64144.06000000,63943.29000000,64026.00000000,710.04842000
1785398400000,64026.00000000,64358.99000000,63980.54000000,64308.01000000,1143.21426000
1785402000000,64308.01000000,64641.37000000,64283.80000000,64567.56000000,2560.14823000
1785405600000,64567.55000000,64631.99000000,64562.00000000,64570.72000000,459.04462000
1785409200000,64570.72000000,64885.18000000,64542.73000000,64788.00000000,630.38864000
1785412800000,64788.01000000,65043.94000000,64788.00000000,64925.00000000,819.62205000
1785416400000,64925.00000000,65176.60000000,64689.02000000,65022.01000000,1173.19736000
1785420000000,65022.00000000,65042.00000000,64620.00000000,64683.97000000,1065.79722000
1785423600000,64683.97000000,64888.00000000,64607.31000000,64730.30000000,678.51535000
1785427200000,64730.29000000,64963.64000000,64729.56000000,64818.01000000,615.24584000
1785430800000,64818.01000000,64988.00000000,64772.00000000,64872.00000000,452.46770000
1785434400000,64871.99000000,64899.80000000,64688.00000000,64702.80000000,263.98820000
1785438000000,64702.80000000,64904.00000000,64702.79000000,64800.00000000,356.88836000
1785441600000,64800.00000000,64936.00000000,64752.12000000,64777.37000000,330.42092000
1785445200000,64777.38000000,64802.48000000,64700.34000000,64735.53000000,227.76045000
1785448800000,64735.53000000,65029.29000000,64668.91000000,64851.16000000,482.45748000
1785452400000,64851.16000000,65086.40000000,64740.00000000,64780.02000000,491.77870000
1785456000000,64780.03000000,64901.55000000,64690.29000000,64724.91000000,660.43090000
1785459600000,64724.92000000,65409.56000000,64480.44000000,64564.01000000,1217.00276000
1785463200000,64564.00000000,64614.00000000,64203.58000000,64297.79000000,855.65776000
1785466800000,64297.79000000,64439.81000000,64172.00000000,64370.00000000,548.04563000
1785470400000,64370.00000000,64438.00000000,64236.00000000,64300.00000000,391.13431000
1785474000000,64299.99000000,64421.68000000,64268.47000000,64363.06000000,529.40293000
1785477600000,64363.06000000,64496.64000000,64196.08000000,64231.97000000,503.77566000
1785481200000,64231.97000000,64245.57000000,63878.11000000,63950.01000000,3088.95651000
1785484800000,63950.01000000,63987.36000000,63784.67000000,63834.01000000,734.18718000
1785488400000,63834.01000000,63847.13000000,63638.18000000,63715.90000000,562.33026000
1785492000000,63715.91000000,63951.77000000,63610.00000000,63918.67000000,422.39058000
1785495600000,63918.68000000,64011.99000000,63792.01000000,63805.51000000,287.14604000
1785499200000,63805.50000000,63830.62000000,63627.66000000,63754.01000000,516.25828000
1785502800000,63754.01000000,63849.19000000,63241.71000000,63270.73000000,1511.53534000
1785506400000,63270.72000000,63310.00000000,62466.00000000,62682.06000000,3628.40429000
1785510000000,62682.05000000,62769.36000000,62490.24000000,62716.57000000,965.95557000
1785513600000,62716.57000000,62931.79000000,62709.01000000,62870.88000000,857.24803000
1785517200000,62870.87000000,63301.68000000,62800.00000000,63245.44000000,856.72938000
1785520800000,63245.44000000,63302.00000000,62966.00000000,63097.57000000,753.45664000
1785524400000,63097.57000000,63158.00000000,62936.29000000,62972.00000000,304.88916000
1785528000000,62972.00000000,63034.00000000,62928.35000000,62953.70000000,318.42027000
1785531600000,62953.70000000,63062.47000000,62846.00000000,62947.78000000,334.75985000
1785535200000,62947.77000000,63020.00000000,62870.01000000,62950.00000000,440.99494000
1785538800000,62950.01000000,63013.52000000,62860.64000000,62887.88000000,186.49459000
1785542400000,62887.88000000,63024.04000000,62887.87000000,62938.01000000,517.26897000
1785546000000,62938.01000000,62990.00000000,62923.47000000,62975.01000000,386.71985000
1785549600000,62975.00000000,63106.55000000,62975.00000000,63075.07000000,348.67082000
1785553200000,63075.08000000,63075.08000000,62970.65000000,63004.48000000,388.95582000
1785556800000,63004.47000000,63115.37000000,62993.20000000,63115.01000000,223.92941000
1785560400000,63115.00000000,63142.85000000,63000.85000000,63020.00000000,458.27671000
1785564000000,63020.00000000,63086.65000000,62992.82000000,63080.64000000,434.87477000
1785567600000,63080.65000000,63110.89000000,63034.00000000,63050.46000000,150.69173000
1785571200000,63050.45000000,63150.00000000,63050.45000000,63126.25000000,106.02817000
1785574800000,63126.25000000,63139.54000000,63046.33000000,63053.17000000,228.45152000
1785578400000,63053.17000000,63111.09000000,62986.31000000,63056.00000000,321.04349000
1785582000000,63055.99000000,63091.97000000,63037.72000000,63076.00000000,179.08594000
1785585600000,63076.00000000,63119.40000000,63076.00000000,63103.68000000,320.18632000
1785589200000,63103.68000000,63106.83000000,63051.00000000,63069.32000000,187.46878000
1785592800000,63069.31000000,63127.07000000,63069.31000000,63126.52000000,385.79335000
1785596400000,63126.53000000,63126.53000000,63007.05000000,63007.06000000,164.42533000
1785600000000,63007.06000000,63027.65000000,62874.00000000,62932.32000000,327.87182000
1785603600000,62932.32000000,62996.00000000,62666.00000000,62708.07000000,359.17517000
1785607200000,62708.06000000,62734.00000000,62275.00000000,62580.56000000,931.42897000
1785610800000,62580.55000000,62624.00000000,62461.17000000,62529.82000000,312.52626000
1785614400000,62529.81000000,62674.98000000,62482.99000000,62662.13000000,183.46966000
1785618000000,62662.14000000,62864.00000000,62662.13000000,62812.75000000,229.38386000
1785621600000,62812.76000000,62866.62000000,62794.17000000,62831.28000000,129.54917000
1785625200000,62831.29000000,62862.80000000,62769.97000000,62823.64000000,287.81315000
1785628800000,62823.65000000,62979.99000000,62806.58000000,62833.99000000,397.27424000
1785632400000,62834.00000000,63088.00000000,62834.00000000,62981.87000000,215.77694000
1785636000000,62981.87000000,63547.70000000,62958.54000000,63451.58000000,1068.41906000
1785639600000,63451.58000000,63550.00000000,63380.00000000,63461.95000000,388.55462000
1785643200000,63461.95000000,63612.00000000,63461.95000000,63590.00000000,302.37117000
1785646800000,63590.00000000,63634.00000000,63415.26000000,63453.27000000,261.31562000
1785650400000,63453.27000000,63498.15000000,63435.99000000,63482.49000000,160.39885000
1785654000000,63482.49000000,63544.51000000,63480.00000000,63506.24000000,412.11258000
1785657600000,63506.23000000,63530.00000000,63172.00000000,63193.99000000,542.79786000
1785661200000,63194.00000000,63320.00000000,63094.00000000,63273.94000000,277.11141000
1785664800000,63273.94000000,63273.94000000,63125.06000000,63205.03000000,200.27510000
1785668400000,63205.03000000,63206.00000000,62982.38000000,63031.99000000,373.06149000
1785672000000,63031.99000000,63231.67000000,63031.99000000,63125.49000000,247.99863000
1785675600000,63125.49000000,63146.89000000,63010.00000000,63126.92000000,262.12825000
1785679200000,63126.92000000,63186.00000000,63062.00000000,63069.37000000,314.22912000
1785682800000,63069.37000000,63186.00000000,63050.00000000,63109.14000000,191.05332000
1785686400000,63109.13000000,63273.49000000,63064.01000000,63180.36000000,267.96361000
1785690000000,63180.36000000,63342.00000000,63152.00000000,63300.28000000,318.39177000
1785693600000,63300.00000000,63610.01000000,63290.00000000,63382.01000000,518.81545000
1785697200000,63382.01000000,63479.85000000,63323.89000000,63456.01000000,247.35839000
1785700800000,63456.00000000,63501.48000000,63404.69000000,63494.52000000,140.51262000
1785704400000,63494.51000000,63785.00000000,63479.45000000,63578.00000000,457.27756000
1785708000000,63578.01000000,63796.33000000,63376.71000000,63424.58000000,484.14090000
1785711600000,63424.58000000,63596.00000000,63344.00000000,63570.00000000,337.67298000
1785715200000,63570.01000000,63596.00000000,63208.30000000,63317.60000000,357.32342000
1785718800000,63317.61000000,63350.00000000,63111.10000000,63212.16000000,372.31318000
1785722400000,63212.16000000,63286.00000000,63100.00000000,63141.40000000,334.18959000
1785726000000,63141.39000000,63168.44000000,62786.04000000,62870.49000000,516.46423000
1785729600000,62870.48000000,63001.77000000,62770.37000000,62790.00000000,320.41763000
1785733200000,62790.00000000,62875.02000000,62751.30000000,62827.17000000,546.69206000
1785736800000,62827.17000000,62872.58000000,62613.00000000,62623.60000000,396.31841000
1785740400000,62623.60000000,62700.00000000,62552.04000000,62621.10000000,1264.72827000
1785744000000,62621.10000000,62647.69000000,62300.00000000,62541.50000000,657.33122000
1785747600000,62541.50000000,62863.10000000,62520.00000000,62837.40000000,585.41075000
1785751200000,62837.40000000,62860.00000000,62615.11000000,62742.01000000,443.80935000
1785754800000,62742.01000000,62778.92000000,62540.95000000,62560.01000000,282.26451000
1785758400000,62560.01000000,62799.30000000,62445.26000000,62700.00000000,437.23263000
1785762000000,62700.01000000,63390.00000000,62562.42000000,63351.09000000,1121.39133000
1785765600000,63351.09000000,63992.71000000,63136.00000000,63967.19000000,2387.82383000
1785769200000,63967.19000000,63989.75000000,63646.59000000,63694.91000000,1368.53804000
1785772800000,63694.90000000,63939.99000000,63664.00000000,63776.46000000,800.07950000
1785776400000,63776.46000000,64059.75000000,63714.55000000,63906.00000000,628.10660000
1785780000000,63905.99000000,64000.00000000,63768.00000000,63870.87000000,368.04477000
1785783600000,63870.87000000,64080.00000000,63846.00000000,63869.38000000,545.18183000
1785787200000,63869.38000000,64023.61000000,63769.92000000,63775.43000000,498.99360000
1785790800000,63775.43000000,63791.98000000,63548.00000000,63590.15000000,427.95014000
1785794400000,63590.15000000,63680.00000000,63392.01000000,63618.00000000,422.48287000
1785798000000,63618.01000000,63621.35000000,63465.43000000,63520.00000000,460.20967000
1785801600000,63520.00000000,63585.09000000,63322.01000000,63361.99000000,536.23408000
1785805200000,63362.00000000,63927.99000000,63361.99000000,63847.93000000,808.63269000
1785808800000,63847.92000000,63972.00000000,63686.44000000,63822.44000000,596.20908000
1785812400000,63822.45000000,63860.00000000,63649.00000000,63800.01000000,343.13285000
1785816000000,63800.01000000,64243.81000000,63762.00000000,64029.00000000,795.09044000
1785819600000,64029.01000000,64056.00000000,63788.23000000,63818.48000000,306.74636000
1785823200000,63818.47000000,63859.71000000,63654.16000000,63670.00000000,321.82249000
1785826800000,63670.00000000,63763.63000000,63506.78000000,63685.74000000,779.79552000
1785830400000,63685.73000000,63748.22000000,63564.99000000,63588.94000000,412.14854000
1785834000000,63589.04000000,63610.00000000,63516.43000000,63603.73000000,356.68509000
1785837600000,63603.73000000,63842.00000000,63451.80000000,63764.00000000,613.83340000
1785841200000,63763.99000000,63950.00000000,63712.00000000,63926.00000000,457.77198000
1785844800000,63926.00000000,64062.46000000,63788.00000000,63906.41000000,546.54537000
1785848400000,63906.41000000,64097.74000000,63656.00000000,63683.94000000,1052.90355000
1785852000000,63683.95000000,64193.54000000,63615.38000000,64128.72000000,879.92592000
1785855600000,64128.73000000,64238.00000000,63814.29000000,64125.14000000,876.11780000
1785859200000,64125.14000000,64130.00000000,63897.22000000,63950.93000000,546.40306000
1785862800000,63950.94000000,64184.00000000,63892.00000000,63972.09000000,719.77508000
1785866400000,63972.09000000,64400.00000000,63965.73000000,64305.99000000,693.34672000
1785870000000,64305.99000000,64413.21000000,64193.57000000,64233.36000000,534.82384000
1785873600000,64233.35000000,64420.00000000,64001.68000000,64341.00000000,558.35238000
1785877200000,64341.00000000,64341.99000000,64175.52000000,64194.00000000,220.73608000
1785880800000,64193.99000000,64293.91000000,64140.00000000,64270.61000000,181.53234000
1785884400000,64270.62000000,64549.16000000,64081.26000000,64106.56000000,551.91443000
1785888000000,64106.55000000,64193.25000000,63978.44000000,63988.00000000,649.78599000
1785891600000,63988.00000000,64346.00000000,63950.00000000,64333.84000000,393.02738000
1785895200000,64333.85000000,64504.00000000,64322.59000000,64368.26000000,562.72054000
1785898800000,64368.27000000,64446.00000000,64046.00000000,64183.27000000,445.73851000
1785902400000,64183.27000000,64218.00000000,64088.01000000,64176.70000000,184.21473000
1785906000000,64176.69000000,64525.97000000,64163.36000000,64330.87000000,480.37923000
1785909600000,64330.86000000,64373.31000000,64229.34000000,64253.58000000,396.58374000
1785913200000,64253.59000000,64272.00000000,63995.89000000,64163.99000000,577.00898000
1785916800000,64164.00000000,64280.00000000,64098.00000000,64120.81000000,335.28683000
1785920400000,64120.81000000,64210.83000000,64102.95000000,64155.05000000,184.00109000
1785924000000,64155.06000000,64242.93000000,64020.00000000,64062.23000000,387.90421000
1785927600000,64062.23000000,64150.00000000,64044.50000000,64075.28000000,258.58817000
1785931200000,64075.28000000,64581.43000000,64050.00000000,64332.43000000,1037.97436000
1785934800000,64332.43000000,64412.00000000,63880.00000000,64407.99000000,1022.29322000
1785938400000,64407.99000000,64578.00000000,64300.00000000,64476.39000000,1047.50709000
1785942000000,64476.40000000,64744.00000000,64385.49000000,64388.01000000,986.83874000
1785945600000,64388.01000000,64760.99000000,64388.00000000,64661.99000000,538.93440000
1785949200000,64661.99000000,64804.00000000,64541.71000000,64770.00000000,480.07544000
1785952800000,64770.00000000,64844.99000000,64670.01000000,64799.10000000,509.17226000
1785956400000,64799.10000000,64936.18000000,64781.79000000,64840.28000000,466.98679000
1785960000000,64840.27000000,65025.22000000,64806.46000000,64822.89000000,498.38900000
1785963600000,64822.88000000,64825.78000000,64657.69000000,64733.13000000,467.37291000
1785967200000,64733.13000000,64783.84000000,64629.81000000,64636.00000000,271.07045000
1785970800000,64636.00000000,64749.99000000,64579.15000000,64665.23000000,561.00122000
1785974400000,64665.24000000,64724.38000000,64572.00000000,64644.99000000,476.99340000
1785978000000,64644.92000000,64659.65000000,64498.00000000,64580.07000000,393.93990000
1785981600000,64580.08000000,64650.62000000,64439.34000000,64579.36000000,432.25507000
1785985200000,64579.36000000,64583.63000000,64493.20000000,64531.03000000,197.99261000
1785988800000,64531.03000000,64755.72000000,64496.27000000,64734.65000000,354.38235000
1785992400000,64734.65000000,64996.00000000,64730.26000000,64908.09000000,515.23827000
1785996000000,64908.10000000,64908.10000000,64745.69000000,64860.00000000,233.29381000
1785999600000,64860.00000000,64965.66000000,64776.00000000,64809.70000000,679.84082000
1786003200000,64809.70000000,64999.00000000,64760.00000000,64941.99000000,323.50568000
1786006800000,64942.00000000,64944.00000000,64630.00000000,64683.62000000,404.08385000
1786010400000,64683.62000000,64685.05000000,64581.21000000,64615.95000000,207.88310000
1786014000000,64615.95000000,64661.26000000,64503.54000000,64622.09000000,372.14171000
1786017600000,64622.08000000,64637.68000000,64381.96000000,64424.00000000,336.45805000
1786021200000,64424.01000000,64524.21000000,64172.00000000,64434.01000000,870.19548000
1786024800000,64434.01000000,64850.00000000,64362.00000000,64778.00000000,781.12724000
1786028400000,64778.01000000,64987.26000000,64624.29000000,64631.87000000,772.83402000
1786032000000,64631.88000000,64778.00000000,64592.37000000,64757.99000000,370.31723000
1786035600000,64758.00000000,64834.00000000,64548.81000000,64621.69000000,293.75208000
1786039200000,64621.68000000,64621.69000000,64378.67000000,64418.47000000,347.29306000
1786042800000,64418.48000000,64474.71000000,64365.00000000,64446.00000000,449.59357000
1786046400000,64446.01000000,64536.32000000,64439.70000000,64439.70000000,195.47529000
1786050000000,64439.71000000,64513.99000000,64404.74000000,64440.74000000,249.73283000
1786053600000,64440.74000000,64450.00000000,64330.40000000,64351.49000000,210.70667000
1786057200000,64351.48000000,64360.01000000,64200.00000000,64323.61000000,395.39675000
1786060800000,64323.61000000,64410.00000000,64230.59000000,64317.99000000,285.45231000
1786064400000,64318.00000000,64476.78000000,64300.00000000,64422.55000000,351.02167000
1786068000000,64422.54000000,64544.00000000,64252.09000000,64399.87000000,388.69448000
1786071600000,64399.88000000,64407.73000000,64260.00000000,64289.99000000,199.96303000
1786075200000,64289.99000000,64364.08000000,64166.00000000,64255.13000000,222.89749000
1786078800000,64255.14000000,64400.00000000,64177.62000000,64336.43000000,321.20596000
1786082400000,64336.42000000,64463.75000000,64283.91000000,64304.12000000,452.26837000
1786086000000,64304.12000000,64436.13000000,64264.00000000,64319.84000000,382.39149000
1786089600000,64319.84000000,64672.10000000,64304.22000000,64600.00000000,433.22408000
1786093200000,64600.00000000,64965.00000000,64599.99000000,64839.32000000,917.15159000
1786096800000,64839.32000000,64916.00000000,64802.00000000,64893.98000000,362.71626000
1786100400000,64893.99000000,65213.33000000,64893.64000000,65029.98000000,652.67441000
1786104000000,65029.98000000,65390.99000000,64986.26000000,65292.32000000,1412.76360000
1786107600000,65292.31000000,65338.00000000,64984.68000000,65009.24000000,1271.25225000
1786111200000,65009.23000000,65275.03000000,64788.00000000,64957.98000000,982.58571000
1786114800000,64957.98000000,65136.17000000,64894.83000000,64912.72000000,468.02790000
1786118400000,64912.71000000,65072.31000000,64814.00000000,64814.00000000,485.33624000
1786122000000,64814.01000000,64828.82000000,64525.00000000,64764.33000000,603.65716000
1786125600000,64764.33000000,64881.13000000,64676.00000000,64735.51000000,225.44204000
1786129200000,64735.52000000,65039.42000000,64735.52000000,64960.47000000,398.55222000
1786132800000,64960.46000000,65053.56000000,64948.00000000,64972.00000000,238.49651000
1786136400000,64972.00000000,65102.00000000,64928.00000000,64928.01000000,187.58406000
1786140000000,64928.02000000,64947.70000000,64846.00000000,64888.00000000,304.11479000
1786143600000,64888.00000000,64923.20000000,64869.99000000,64923.19000000,259.93041000
1786147200000,64923.20000000,64954.00000000,64784.19000000,64929.01000000,432.59470000
1786150800000,64929.01000000,64965.00000000,64908.97000000,64911.79000000,283.12303000
1786154400000,64911.80000000,64957.47000000,64894.49000000,64923.97000000,317.46111000
1786158000000,64923.98000000,65074.18000000,64918.28000000,65033.00000000,277.39242000
1786161600000,65033.00000000,65071.15000000,64971.18000000,65013.58000000,199.83614000
1786165200000,65013.58000000,65018.64000000,64976.00000000,64995.39000000,118.91329000
1786168800000,64995.39000000,65014.00000000,64959.81000000,65006.61000000,298.35674000
1786172400000,65006.61000000,65006.61000000,64951.34000000,64960.00000000,169.03379000
1786176000000,64959.99000000,65020.50000000,64948.56000000,64993.87000000,150.80437000
1786179600000,64993.88000000,65050.00000000,64992.98000000,64994.31000000,303.53576000
1786183200000,64994.31000000,65022.43000000,64994.31000000,65005.87000000,144.30853000
1786186800000,65005.88000000,65024.10000000,64957.00000000,64967.35000000,178.16146000
1786190400000,64967.36000000,65050.55000000,64924.00000000,65008.34000000,234.45077000
1786194000000,65008.33000000,65018.00000000,65000.00000000,65015.27000000,187.85749000
1786197600000,65015.27000000,65015.28000000,65015.27000000,65015.27000000,0.63164000
